scenario_id,level,separation,intended_tasks,valid_tasks,invalid_tasks,intended_profiles,valid_profiles,total_weight,valid_weight,raw_applicability,A_valid,weighting,ARI,ARI_contributing_tasks,BA,BA_contributing_tasks,MacroF1,MacroF1_contributing_tasks,Extreme,Extreme_contributing_tasks,S_BW,S_BW_contributing_tasks,S_tau,S_tau_contributing_tasks,S_match,S_match_contributing_tasks,A_LOO,A_LOO_contributing_tasks,C_common,C_common_contributing_tasks,C_conditional,C_operational,panel,scenario_order,frozen_severity_or_parameter,scenario_family,display_scenario,frozen_parameters,Extreme_percent,applicability_denominator,truth_denominator
E5A_MILD,C,ALL,10200,10091,109,212400,210042,1,0.99167153996101376,0.98931372549019603,0.99167153996101376,factor_weight,0.5166395302525143,10091,0.79543726838226347,10091,0.77347940043111607,10091,0.003365150192282596,10091,0.90507487048851032,10091,0.9341399964342556,10091,0.94155227917400941,10091,0.99469182093230157,10091,0.92692238203225785,10091,0.92692238203225785,0.91920254601426021,A,1,mild,Local non-monotonicity,Mild,target median normalized downward excursion=0.02,0.3365150192282596,all_intended_original_factor_mass,scenario_specific_own_valid_original_factor_mass
E5A_MODERATE,C,ALL,10200,10103,97,212400,210300,1,0.99303118908382082,0.99049019607843136,0.99303118908382082,factor_weight,0.52382105833232595,10103,0.79861888360195266,10103,0.77714566489996117,10103,0.0032075924380974181,10103,0.90592022344690448,10103,0.9364197772148406,10103,0.9428318335273469,10103,0.99626212559913119,10103,0.92839061139636336,10103,0.92839061139636336,0.92192083276918613,A,2,moderate,Local non-monotonicity,Moderate,target median normalized downward excursion=0.050000000000000003,0.3207592438097418,all_intended_original_factor_mass,scenario_specific_own_valid_original_factor_mass
E5A_SEVERE,C,ALL,10200,10122,78,212400,210714,1,0.99438109161793387,0.99235294117647055,0.99438109161793387,factor_weight,0.5317761946625974,10122,0.80171853915292923,10122,0.78069763334290443,10122,0.0030858903422577477,10122,0.90751846582235862,10122,0.93769197070335952,10122,0.94453420021315548,10122,0.99690975336293153,10122,0.9299148789129571,10122,0.9299148789129571,0.9246897724052251,A,3,severe,Local non-monotonicity,Severe,target median normalized downward excursion=0.10000000000000001,0.30858903422577477,all_intended_original_factor_mass,scenario_specific_own_valid_original_factor_mass
E5B_HETEROSCEDASTIC,C,ALL,10200,10197,3,212400,212340,1,0.99975633528265129,0.99970588235294122,0.99975633528265129,factor_weight,0.52564869678087478,10197,0.80145972651480801,10197,0.77912759311865032,10197,0.0029531237306036221,10197,0.90673964307781962,10197,0.94420905752628415,10197,0.94757208973103746,10197,0.99987813794785085,10197,0.93284026344504667,10197,0.93284026344504667,0.93261296318592279,B,4,heteroscedastic,Alternative noise distributions,Heteroscedastic,response-dependent Gaussian variance; average variance 0.06^2,0.29531237306036223,all_intended_original_factor_mass,scenario_specific_own_valid_original_factor_mass
E5B_T3,C,ALL,10200,10200,0,212400,212400,1,1,1,1,factor_weight,0.53111075363872462,10200,0.80450429307714888,10200,0.78237587137041664,10200,0.0027336473900801384,10200,0.90681050195186763,10200,0.94441846404372776,10200,0.94806978515582241,10200,0.99983187134503715,10200,0.93309958371713875,10200,0.93309958371713875,0.93309958371713875,B,5,t3,Alternative noise distributions,Heavy-tailed t3,variance-matched Student t; df=3,0.27336473900801384,all_intended_original_factor_mass,scenario_specific_own_valid_original_factor_mass
E5B_CONTAMINATION,C,ALL,10200,10200,0,212400,212400,1,1,1,1,factor_weight,0.52528268644281528,10200,0.8013365169638319,10200,0.77902829845231503,10200,0.0027566601689408702,10200,0.90684603218737714,10200,0.94408155088303791,10200,0.94769420219327483,10200,0.9998010071475063,10200,0.93287392842122885,10200,0.93287392842122885,0.93287392842122885,B,6,contamination,Alternative noise distributions,Contaminated,2% sparse contamination; five-fold SD multiplier; variance renormalized,0.27566601689408704,all_intended_original_factor_mass,scenario_specific_own_valid_original_factor_mass
E5C_MILD,C,ALL,10200,10197,3,212400,212334,1,0.99979044834308006,0.99970588235294122,0.99979044834308006,factor_weight,0.49719151286208213,10197,0.78619996158515426,10197,0.76330122354769647,10197,0.0042504033496297937,10197,0.90334910608589469,10197,0.943187672504045,10197,0.94687217033282567,10197,0.99992959321669328,10197,0.93113631630758764,10197,0.93113631630758764,0.9309411951496871,C,7,mild,Potency–efficacy conflict,Mild,gamma=0.12914242595434189; target median L-minus-H efficacy difference=0.029999999999999999,0.42504033496297938,all_intended_original_factor_mass,scenario_specific_own_valid_original_factor_mass
E5C_MODERATE,C,ALL,10200,10198,2,212400,212358,1,0.99984892787524382,0.99980392156862741,0.99984892787524382,factor_weight,0.46467009651877722,10198,0.76792681896242843,10198,0.74460104021633333,10198,0.006007242809586236,10198,0.90001817191277789,10198,0.9426563253476703,10198,0.94448425005316394,10198,0.99990035315060843,10198,0.92905291577120341,10198,0.92905291577120341,0.92891256177320691,C,8,moderate,Potency–efficacy conflict,Moderate,gamma=0.25347856432199478; target median L-minus-H efficacy difference=0.059999999999999998,0.60072428095862362,all_intended_original_factor_mass,scenario_specific_own_valid_original_factor_mass
E5C_SEVERE,C,ALL,10200,10199,1,212400,212376,1,0.99994152046783635,0.9999019607843137,0.99994152046783635,factor_weight,0.42050237977929522,10199,0.74114564764273771,10199,0.71775084136374911,10199,0.009038594416394272,10199,0.89595225489452601,10199,0.94220462675578964,10199,0.94298612436795981,10199,0.99994151704778844,10199,0.92704766867275767,10199,0.92704766867275767,0.92699345535880029,C,9,severe,Potency–efficacy conflict,Severe,gamma=0.41760142892599106; target median L-minus-H efficacy difference=0.10000000000000001,0.90385944163942722,all_intended_original_factor_mass,scenario_specific_own_valid_original_factor_mass
E5D_LAMBDA_1P25,C,ALL,10200,10174,26,212400,211842,1,0.99810428849902544,0.99745098039215685,0.99810428849902544,factor_weight,0.52542426161578959,10174,0.80076871536363459,10174,0.77828496646689138,10174,0.0029260038658947898,10174,0.90638402963973541,10174,0.94028025850099151,10174,0.94632476207638838,10174,0.99835729309244725,10174,0.93099635007237103,10174,0.93099635007237103,0.92923144958417347,D,10,1.25,Delayed pharmacodynamic stages,1.25,delay multiplier=1.25,0.29260038658947896,all_intended_original_factor_mass,scenario_specific_own_valid_original_factor_mass
E5D_LAMBDA_1P50,C,ALL,10200,10101,99,212400,210306,1,0.9921198830409359,0.99029411764705877,0.9921198830409359,factor_weight,0.52281344264558838,10101,0.79862785524174229,10101,0.77619013549733851,10101,0.0029723066813590084,10101,0.90598037278984178,10101,0.93566419194481443,10101,0.94272302320717027,10101,0.99436429695342077,10101,0.92812252931394146,10101,0.92812252931394146,0.9208088152306052,D,11,1.5,Delayed pharmacodynamic stages,1.50,delay multiplier=1.50,0.29723066813590082,all_intended_original_factor_mass,scenario_specific_own_valid_original_factor_mass
E5D_LAMBDA_2P00,C,ALL,10200,9839,361,212400,204816,1,0.96860623781676436,0.96460784313725489,0.96860623781676436,factor_weight,0.52345857109878413,9839,0.80032617046623988,9839,0.77837186114824031,9839,0.0027509724276646862,9839,0.90596951062714604,9839,0.93635095661894341,9839,0.94057598458078728,9839,0.99080120884023892,9839,0.92763215060895854,9839,0.92763215060895854,0.89851028747921746,D,12,2.0,Delayed pharmacodynamic stages,2.00,delay multiplier=2.00,0.27509724276646863,all_intended_original_factor_mass,scenario_specific_own_valid_original_factor_mass
