panel,scenario_id,scenario_order,display_scenario,metric,plot_value,original_value,unit,denominator,denominator_tasks,denominator_weight,source_level,source_separation
A,E5A_MILD,1,Mild,A_valid,0.99167153996101376,0.99167153996101376,proportion,all_intended,10200,1,C,ALL
A,E5A_MILD,1,Mild,ARI,0.5166395302525143,0.5166395302525143,ARI,scenario_specific_own_valid,10091,0.99167153996101376,C,ALL
A,E5A_MILD,1,Mild,Extreme,0.3365150192282596,0.003365150192282596,percent,scenario_specific_own_valid,10091,0.99167153996101376,C,ALL
A,E5A_MODERATE,2,Moderate,A_valid,0.99303118908382082,0.99303118908382082,proportion,all_intended,10200,1,C,ALL
A,E5A_MODERATE,2,Moderate,ARI,0.52382105833232595,0.52382105833232595,ARI,scenario_specific_own_valid,10103,0.99303118908382082,C,ALL
A,E5A_MODERATE,2,Moderate,Extreme,0.3207592438097418,0.0032075924380974181,percent,scenario_specific_own_valid,10103,0.99303118908382082,C,ALL
A,E5A_SEVERE,3,Severe,A_valid,0.99438109161793387,0.99438109161793387,proportion,all_intended,10200,1,C,ALL
A,E5A_SEVERE,3,Severe,ARI,0.5317761946625974,0.5317761946625974,ARI,scenario_specific_own_valid,10122,0.99438109161793387,C,ALL
A,E5A_SEVERE,3,Severe,Extreme,0.30858903422577477,0.0030858903422577477,percent,scenario_specific_own_valid,10122,0.99438109161793387,C,ALL
B,E5B_HETEROSCEDASTIC,4,Heteroscedastic,A_valid,0.99975633528265129,0.99975633528265129,proportion,all_intended,10200,1,C,ALL
B,E5B_HETEROSCEDASTIC,4,Heteroscedastic,ARI,0.52564869678087478,0.52564869678087478,ARI,scenario_specific_own_valid,10197,0.99975633528265129,C,ALL
B,E5B_HETEROSCEDASTIC,4,Heteroscedastic,Extreme,0.29531237306036223,0.0029531237306036221,percent,scenario_specific_own_valid,10197,0.99975633528265129,C,ALL
B,E5B_T3,5,Heavy-tailed t3,A_valid,1,1,proportion,all_intended,10200,1,C,ALL
B,E5B_T3,5,Heavy-tailed t3,ARI,0.53111075363872462,0.53111075363872462,ARI,scenario_specific_own_valid,10200,1,C,ALL
B,E5B_T3,5,Heavy-tailed t3,Extreme,0.27336473900801384,0.0027336473900801384,percent,scenario_specific_own_valid,10200,1,C,ALL
B,E5B_CONTAMINATION,6,Contaminated,A_valid,1,1,proportion,all_intended,10200,1,C,ALL
B,E5B_CONTAMINATION,6,Contaminated,ARI,0.52528268644281528,0.52528268644281528,ARI,scenario_specific_own_valid,10200,1,C,ALL
B,E5B_CONTAMINATION,6,Contaminated,Extreme,0.27566601689408704,0.0027566601689408702,percent,scenario_specific_own_valid,10200,1,C,ALL
C,E5C_MILD,7,Mild,A_valid,0.99979044834308006,0.99979044834308006,proportion,all_intended,10200,1,C,ALL
C,E5C_MILD,7,Mild,ARI,0.49719151286208213,0.49719151286208213,ARI,scenario_specific_own_valid,10197,0.99979044834308006,C,ALL
C,E5C_MILD,7,Mild,Extreme,0.42504033496297938,0.0042504033496297937,percent,scenario_specific_own_valid,10197,0.99979044834308006,C,ALL
C,E5C_MODERATE,8,Moderate,A_valid,0.99984892787524382,0.99984892787524382,proportion,all_intended,10200,1,C,ALL
C,E5C_MODERATE,8,Moderate,ARI,0.46467009651877722,0.46467009651877722,ARI,scenario_specific_own_valid,10198,0.99984892787524382,C,ALL
C,E5C_MODERATE,8,Moderate,Extreme,0.60072428095862362,0.006007242809586236,percent,scenario_specific_own_valid,10198,0.99984892787524382,C,ALL
C,E5C_SEVERE,9,Severe,A_valid,0.99994152046783635,0.99994152046783635,proportion,all_intended,10200,1,C,ALL
C,E5C_SEVERE,9,Severe,ARI,0.42050237977929522,0.42050237977929522,ARI,scenario_specific_own_valid,10199,0.99994152046783635,C,ALL
C,E5C_SEVERE,9,Severe,Extreme,0.90385944163942722,0.009038594416394272,percent,scenario_specific_own_valid,10199,0.99994152046783635,C,ALL
D,E5D_LAMBDA_1P25,10,1.25,A_valid,0.99810428849902544,0.99810428849902544,proportion,all_intended,10200,1,C,ALL
D,E5D_LAMBDA_1P25,10,1.25,ARI,0.52542426161578959,0.52542426161578959,ARI,scenario_specific_own_valid,10174,0.99810428849902544,C,ALL
D,E5D_LAMBDA_1P25,10,1.25,Extreme,0.29260038658947896,0.0029260038658947898,percent,scenario_specific_own_valid,10174,0.99810428849902544,C,ALL
D,E5D_LAMBDA_1P50,11,1.50,A_valid,0.9921198830409359,0.9921198830409359,proportion,all_intended,10200,1,C,ALL
D,E5D_LAMBDA_1P50,11,1.50,ARI,0.52281344264558838,0.52281344264558838,ARI,scenario_specific_own_valid,10101,0.9921198830409359,C,ALL
D,E5D_LAMBDA_1P50,11,1.50,Extreme,0.29723066813590082,0.0029723066813590084,percent,scenario_specific_own_valid,10101,0.9921198830409359,C,ALL
D,E5D_LAMBDA_2P00,12,2.00,A_valid,0.96860623781676436,0.96860623781676436,proportion,all_intended,10200,1,C,ALL
D,E5D_LAMBDA_2P00,12,2.00,ARI,0.52345857109878413,0.52345857109878413,ARI,scenario_specific_own_valid,9839,0.96860623781676436,C,ALL
D,E5D_LAMBDA_2P00,12,2.00,Extreme,0.27509724276646863,0.0027509724276646862,percent,scenario_specific_own_valid,9839,0.96860623781676436,C,ALL
