regimen,sample_id,model,n_replicate_observations,n_unique_observed_doses,measured_zero_replicates_used,dose_mean_used_for_fitting,synthetic_zero_rows_used,response_clipping_used,fit_valid,failure_code,selected_start_id,replicate_level_SSE,k_eff,selected_lambda,GCV,AIC,Delta_AIC,Akaike_support_weight,hard_minimum_AIC
5FU,5FU-P001,EMAX,24,8.0,3.0,False,0.0,False,True,,0.0,0.33278800966422317,3.0,,,-96.67928231244605,30.36700411011752,2.480402549700229e-07,False
5FU,5FU-P001,HILL,24,8.0,3.0,False,0.0,False,True,,42.0,0.12385816776170584,4.0,,,-118.40012816191421,8.646158260649358,0.012916472285972683,False
5FU,5FU-P001,LOGISTIC,24,8.0,3.0,False,0.0,False,True,,5.0,0.5059253513965668,4.0,,,-84.6260794674408,42.420206955122765,5.986905825042048e-10,False
5FU,5FU-P001,WEIBULL,24,8.0,3.0,False,0.0,False,True,,62.0,0.1238581677604616,4.0,,,-118.40012816215531,8.646158260408257,0.012916472287529774,False
5FU,5FU-P001,MONOTONE_SPLINE,24,,,,,,True,,,0.07701871107764177,5.377985380574537,0.1,0.006813606072487155,-127.04628642256357,0.0,0.974166806787552,True
5FU,5FU-P002,EMAX,24,8.0,3.0,False,0.0,False,True,,0.0,0.08254908737571741,3.0,,,-130.13798386649577,11.297171411745296,0.0015481200013547497,False
5FU,5FU-P002,HILL,24,8.0,3.0,False,0.0,False,True,,0.0,0.05685636732873696,4.0,,,-137.0867414353797,4.348413842861362,0.04996986265783639,False
5FU,5FU-P002,LOGISTIC,24,8.0,3.0,False,0.0,False,True,,63.0,0.047752899373045075,4.0,,,-141.2744637854169,0.1606914928241565,0.4055650386252721,False
5FU,5FU-P002,WEIBULL,24,8.0,3.0,False,0.0,False,True,,0.0,0.04743423882734449,4.0,,,-141.43515527824107,0.0,0.43949528909744906,True
5FU,5FU-P002,MONOTONE_SPLINE,24,,,,,,True,,,0.05207024663118735,4.327819522516801,1.0,0.0038824425155037407,-138.54153069020984,2.89362458803123,0.10342168961808762,False
5FU,5FU-P003,EMAX,17,8.0,3.0,False,0.0,False,True,,1.0,0.32194721608546084,3.0,,,-61.43187727423688,17.63806473237119,0.00014365864212364363,False
5FU,5FU-P003,HILL,17,8.0,3.0,False,0.0,False,True,,11.0,0.16668168099721584,4.0,,,-70.62300643309406,8.446935573514011,0.014228532008355001,False
5FU,5FU-P003,LOGISTIC,17,8.0,3.0,False,0.0,False,True,,42.0,0.36100999627244756,4.0,,,-57.48507056791868,21.58487143868939,1.996611509462778e-05,False
5FU,5FU-P003,WEIBULL,17,8.0,3.0,False,0.0,False,True,,9.0,0.16668168099737002,4.0,,,-70.62300643307833,8.446935573529743,0.014228532008243084,False
5FU,5FU-P003,MONOTONE_SPLINE,17,,,,,,True,,,0.09416491979607765,4.63035674980223,0.1,0.014471480888049627,-79.06994200660807,0.0,0.9713793112261837,True
5FU,5FU-P004,EMAX,15,8.0,2.0,False,0.0,False,True,,0.0,0.12029606823077632,3.0,,,-66.38774311010636,0.6591711857347633,0.23685213044173423,False
5FU,5FU-P004,HILL,15,8.0,2.0,False,0.0,False,True,,0.0,0.10081124655138655,4.0,,,-67.0383333661068,0.008580929734321785,0.3279073674637588,False
5FU,5FU-P004,LOGISTIC,15,8.0,2.0,False,0.0,False,True,,54.0,0.15335875066250235,4.0,,,-60.745382917249216,6.301531378591903,0.014101143985259945,False
5FU,5FU-P004,WEIBULL,15,8.0,2.0,False,0.0,False,True,,0.0,0.10075359276219012,4.0,,,-67.04691429584112,0.0,0.3293172648984578,True
5FU,5FU-P004,MONOTONE_SPLINE,15,,,,,,True,,,0.13370700014073156,3.154871335770933,10.0,0.017906595695891973,-64.49257693256061,2.55433736328051,0.09182209321078931,False
5FU,5FU-P005,EMAX,23,8.0,2.0,False,0.0,False,True,,0.0,0.22656538349482674,3.0,,,-100.26496622425515,19.991016022804786,2.0734297256167386e-05,False
5FU,5FU-P005,HILL,23,8.0,2.0,False,0.0,False,True,,0.0,0.08709419627620311,4.0,,,-120.25396266150318,0.0020195855567521903,0.4541975070946092,False
5FU,5FU-P005,LOGISTIC,23,8.0,2.0,False,0.0,False,True,,12.0,0.361826019895415,4.0,,,-87.49797815268056,32.75800409437937,3.5024592045995656e-08,False
5FU,5FU-P005,WEIBULL,23,8.0,2.0,False,0.0,False,True,,0.0,0.08708654903887093,4.0,,,-120.25598224705993,0.0,0.45465638410358233,True
5FU,5FU-P005,MONOTONE_SPLINE,23,,,,,,True,,,0.0932834149191221,4.816797276452955,1.0,0.008118560669903843,-117.04137021082381,3.214612036236119,0.09112533947996021,False
5FU,5FU-P006,EMAX,19,8.0,3.0,False,0.0,False,True,,0.0,0.09956695555833801,3.0,,,-93.77591448207093,0.0,0.5343998864038754,True
5FU,5FU-P006,HILL,19,8.0,3.0,False,0.0,False,True,,0.0,0.09766183095331311,4.0,,,-92.14298557752748,1.6329289045434479,0.23620024886513474,False
5FU,5FU-P006,LOGISTIC,19,8.0,3.0,False,0.0,False,True,,27.0,0.11690797787530288,4.0,,,-88.72533578732745,5.0505786947434785,0.042770775856729955,False
5FU,5FU-P006,WEIBULL,19,8.0,3.0,False,0.0,False,True,,1.0,0.11306513065341363,4.0,,,-89.36037433226772,4.415540149803206,0.05875488712983257,False
5FU,5FU-P006,MONOTONE_SPLINE,19,,,,,,True,,,0.11261560288354587,3.2601730245480005,10.0,0.010267695844496012,-90.91571962633027,2.8601948557406587,0.12787420174442743,False
5FU,5FU-P007,EMAX,21,8.0,3.0,False,0.0,False,True,,2.0,0.31957355668939946,3.0,,,-81.89109514511695,14.487305798000989,0.0002535576242011552,False
5FU,5FU-P007,HILL,21,8.0,3.0,False,0.0,False,True,,35.0,0.1470785627353046,4.0,,,-96.18752747857295,0.19087346454499254,0.3224835087753581,False
5FU,5FU-P007,LOGISTIC,21,8.0,3.0,False,0.0,False,True,,43.0,0.4482773154264873,4.0,,,-72.78417903111588,23.594221912002055,2.670145738423347e-06,False
5FU,5FU-P007,WEIBULL,21,8.0,3.0,False,0.0,False,True,,27.0,0.1470785627355936,4.0,,,-96.18752747853166,0.19087346458627508,0.32248350876870163,False
5FU,5FU-P007,MONOTONE_SPLINE,21,,,,,,True,,,0.13624811773070983,4.707700558261193,1.0,0.013780624803607883,-96.37840094311794,0.0,0.3547767546860007,True
5FU,5FU-P008,EMAX,21,8.0,3.0,False,0.0,False,True,,0.0,0.14462504817996769,3.0,,,-98.54079715914605,30.883538043604602,1.9514650044634569e-07,False
5FU,5FU-P008,HILL,21,8.0,3.0,False,0.0,False,True,,40.0,0.05125525830094153,4.0,,,-118.32464956207986,11.099685640670799,0.0038580667048189613,False
5FU,5FU-P008,LOGISTIC,21,8.0,3.0,False,0.0,False,True,,13.0,0.220739389697252,4.0,,,-87.66119380653325,41.76314139621741,8.470029381251545e-10,False
5FU,5FU-P008,WEIBULL,21,8.0,3.0,False,0.0,False,True,,47.0,0.051255258300481145,4.0,,,-118.32464956226848,11.099685640482178,0.0038580667051828165,False
5FU,5FU-P008,MONOTONE_SPLINE,21,,,,,,True,,,0.026157520918189542,5.513312486304463,0.03162277660168379,0.0031140860847439686,-129.42433520275065,0.0,0.9922836705964949,True
5FU,5FU-P009,EMAX,22,8.0,3.0,False,0.0,False,True,,0.0,0.07952957395618673,3.0,,,-117.69871316893018,18.845971547408894,7.995709848580055e-05,False
5FU,5FU-P009,HILL,22,8.0,3.0,False,0.0,False,True,,0.0,0.0596254580928013,4.0,,,-122.03573220579318,14.508952510545896,0.0006992439922461655,False
5FU,5FU-P009,LOGISTIC,22,8.0,3.0,False,0.0,False,True,,29.0,0.14868363556464864,4.0,,,-101.93349256851835,34.61119214782073,3.016357892371248e-08,False
5FU,5FU-P009,WEIBULL,22,8.0,3.0,False,0.0,False,True,,0.0,0.04673441024225509,4.0,,,-127.39497406541469,9.14971065092439,0.010194673634080343,False
5FU,5FU-P009,MONOTONE_SPLINE,22,,,,,,True,,,0.027110372213806362,5.415352372630717,0.1,0.002868914432412131,-136.54468471633908,0.0,0.9890260951116088,True
5FU,5FU-P010,EMAX,15,5.0,3.0,False,0.0,False,True,,0.0,0.08629622536461672,3.0,,,-71.3702943222653,12.947614023182553,0.000478360460231958,False
5FU,5FU-P010,HILL,15,5.0,3.0,False,0.0,False,True,,0.0,0.03215086057536199,4.0,,,-84.18049393377386,0.13741441167398705,0.2893708478271417,False
5FU,5FU-P010,LOGISTIC,15,5.0,3.0,False,0.0,False,True,,0.0,0.03194285332786982,4.0,,,-84.27785510935522,0.040053236092632005,0.3038060984224262,False
5FU,5FU-P010,WEIBULL,15,5.0,3.0,False,0.0,False,True,,0.0,0.03185767279396191,4.0,,,-84.31790834544785,0.0,0.30995163891613753,True
5FU,5FU-P010,MONOTONE_SPLINE,15,,,,,,True,,,0.03407894914113154,4.66247006257497,0.31622776601683794,0.007121147832101375,-81.9819440797401,2.3359642657077444,0.09639305437406258,False
5FU,5FU-P011,EMAX,7,5.0,1.0,False,0.0,False,True,,0.0,0.08517760899513029,3.0,,,-24.862487837740993,5.0366130823830915,0.028073194774815825,False
5FU,5FU-P011,HILL,7,5.0,1.0,False,0.0,False,True,,47.0,0.031171622751029804,4.0,,,-29.899100920124084,0.0,0.3483200495195671,True
5FU,5FU-P011,LOGISTIC,7,5.0,1.0,False,0.0,False,True,,15.0,0.08733402454429369,4.0,,,-22.687477088425265,7.2116238316988195,0.009462246456089082,False
5FU,5FU-P011,WEIBULL,7,5.0,1.0,False,0.0,False,True,,1.0,0.031171622751244077,4.0,,,-29.899100920075966,4.8117954065673985e-11,0.34832004951118684,False
5FU,5FU-P011,MONOTONE_SPLINE,7,,,,,,True,,,0.05960321885855377,2.0015805815092405,10000.0,0.02367701336965483,-29.3585297710961,0.5405711490279828,0.2658244597383412,False
5FU,5FU-P012,EMAX,13,5.0,3.0,False,0.0,False,True,,0.0,0.13199047058246818,3.0,,,-53.66967381726481,3.505853595267965,0.07638791841495533,False
5FU,5FU-P012,HILL,13,5.0,3.0,False,0.0,False,True,,0.0,0.10091326074194863,4.0,,,-55.159762810579025,2.015764601953748,0.1609138364496952,False
5FU,5FU-P012,LOGISTIC,13,5.0,3.0,False,0.0,False,True,,0.0,0.10091326074179706,4.0,,,-55.15976281059855,2.0157646019342224,0.1609138364512662,False
5FU,5FU-P012,WEIBULL,13,5.0,3.0,False,0.0,False,True,,0.0,0.10091326074184198,4.0,,,-55.15976281059277,2.015764601940006,0.16091383645080082,False
5FU,5FU-P012,MONOTONE_SPLINE,13,,,,,,True,,,0.10101117895741223,2.9858136731077893,0.01,0.016880656197801054,-57.17552741253277,0.0,0.44087057223328247,True
5FU,5FU-P013,EMAX,14,5.0,3.0,False,0.0,False,True,,0.0,0.05916739805587156,3.0,,,-70.5301869768625,5.438425152025829,0.058429326223033116,False
5FU,5FU-P013,HILL,14,5.0,3.0,False,0.0,False,True,,0.0,0.0562575055097555,4.0,,,-69.2362240318128,6.732388097075528,0.030594995585365645,False
5FU,5FU-P013,LOGISTIC,14,5.0,3.0,False,0.0,False,True,,26.0,0.07419710002700966,4.0,,,-65.36122559334476,10.607386535543569,0.004407630455547152,False
5FU,5FU-P013,WEIBULL,14,5.0,3.0,False,0.0,False,True,,0.0,0.059656951553472906,4.0,,,-68.41482698931237,7.55378513957595,0.020290198387132394,False
5FU,5FU-P013,MONOTONE_SPLINE,14,,,,,,True,,,0.034748715673561796,4.006383909682363,0.03162277660168379,0.0069092813641514735,-75.96861212888832,0.0,0.8862778493489218,True
5FU,5FU-P014,EMAX,12,5.0,3.0,False,0.0,False,True,,2.0,0.42901698038725183,3.0,,,-33.9739851516381,0.0,0.2248030138311203,True
5FU,5FU-P014,HILL,12,5.0,3.0,False,0.0,False,True,,0.0,0.3650912464155389,4.0,,,-33.910175395005105,0.06380975663299182,0.21774390974889213,False
5FU,5FU-P014,LOGISTIC,12,5.0,3.0,False,0.0,False,True,,0.0,0.3645377991602294,4.0,,,-33.92838017557884,0.04560497605925917,0.2197349476530337,False
5FU,5FU-P014,WEIBULL,12,5.0,3.0,False,0.0,False,True,,0.0,0.3650837988125347,4.0,,,-33.910420189007965,0.06356496263013156,0.21777056258160518,False
5FU,5FU-P014,MONOTONE_SPLINE,12,,,,,,True,,,0.5597634912752597,2.032062677548662,1000.0,0.08014168484555739,-32.71764550000828,1.2563396516298155,0.11994756618534862,False
5FU,5FU-P015,EMAX,9,4.0,3.0,False,0.0,False,True,,0.0,0.01850223587442338,3.0,,,-49.68379446113898,3.22358679514349,0.07667201979641555,False
5FU,5FU-P015,HILL,9,4.0,3.0,False,0.0,False,True,,0.0,0.011206740512000013,4.0,,,-52.19617984854976,0.7112014077327089,0.2692740232653051,False
5FU,5FU-P015,LOGISTIC,9,4.0,3.0,False,0.0,False,True,,34.0,0.04502160030641346,4.0,,,-39.68053727414738,13.226843982135087,0.0005157713394863177,False
5FU,5FU-P015,WEIBULL,9,4.0,3.0,False,0.0,False,True,,0.0,0.011206740512000013,4.0,,,-52.19617984854976,0.7112014077327089,0.2692740232653051,False
5FU,5FU-P015,MONOTONE_SPLINE,9,,,,,,True,,,0.013297520743647819,2.8746194910953546,10.0,0.0048343046344163,-52.90738125628247,0.0,0.38426416233348787,True
5FU,5FU-P016,EMAX,12,4.0,0.0,False,0.0,False,True,,0.0,0.017815820548110387,3.0,,,-72.15090085654424,8.894158879302395,0.005631019272402378,False
5FU,5FU-P016,HILL,12,4.0,0.0,False,0.0,False,True,,8.0,0.008536296194611447,4.0,,,-78.98001659092301,2.065043144923621,0.17120271735975554,False
5FU,5FU-P016,LOGISTIC,12,4.0,0.0,False,0.0,False,True,,13.0,0.00853629619403649,4.0,,,-78.98001659173126,2.0650431441153785,0.17120271742894216,False
5FU,5FU-P016,WEIBULL,12,4.0,0.0,False,0.0,False,True,,0.0,0.00853629619425647,4.0,,,-78.98001659142201,2.065043144424621,0.17120271740247062,False
5FU,5FU-P016,MONOTONE_SPLINE,12,,,,,,True,,,0.008537491990770557,2.9666379840597346,0.0031622776601683794,0.0016639363245562907,-81.04505973584664,0.0,0.4807608285364293,True
5FU,5FU-P017,EMAX,11,5.0,3.0,False,0.0,False,True,,0.0,0.03319925443274263,3.0,,,-57.83435446250858,7.744119958202781,0.007140968330463129,False
5FU,5FU-P017,HILL,11,5.0,3.0,False,0.0,False,True,,0.0,0.01462701851434538,4.0,,,-64.85058165122439,0.7278927694869708,0.23840287198291002,False
5FU,5FU-P017,LOGISTIC,11,5.0,3.0,False,0.0,False,True,,48.0,0.01554252113939432,4.0,,,-64.18278082969249,1.395693591018869,0.1707262798300275,False
5FU,5FU-P017,WEIBULL,11,5.0,3.0,False,0.0,False,True,,0.0,0.014601881847233824,4.0,,,-64.8695015149875,0.7089729057238543,0.24066884800308452,False
5FU,5FU-P017,MONOTONE_SPLINE,11,,,,,,True,,,0.015051487045343365,3.4787184612136675,0.1,0.004406363417727863,-65.57847442071136,0.0,0.3430610318535149,True
5FU,5FU-P018,EMAX,13,5.0,3.0,False,0.0,False,True,,0.0,0.05089441823132046,3.0,,,-66.05836794477928,26.327613833385115,4.952991954911194e-07,False
5FU,5FU-P018,HILL,13,5.0,3.0,False,0.0,False,True,,0.0,0.005758667079522714,4.0,,,-92.38598177816439,0.0,0.25812871969060164,True
5FU,5FU-P018,LOGISTIC,13,5.0,3.0,False,0.0,False,True,,0.0,0.00576185375025234,4.0,,,-92.37878996432997,0.007191813834424465,0.25720217971607556,False
5FU,5FU-P018,WEIBULL,13,5.0,3.0,False,0.0,False,True,,0.0,0.005761853820061539,4.0,,,-92.37878980682518,0.007191971339210568,0.2572021594607892,False
5FU,5FU-P018,MONOTONE_SPLINE,13,,,,,,True,,,0.006041431051907388,3.814878950619363,0.03162277660168379,0.0013388126827210045,-92.13307050343556,0.2529112747288309,0.22746644583333797,False
5FU,5FU-P019,EMAX,18,7.0,0.0,False,0.0,False,True,,0.0,0.07684496717657295,3.0,,,-92.21406704322986,0.0,0.33514879386574065,True
5FU,5FU-P019,HILL,18,7.0,0.0,False,0.0,False,True,,0.0,0.07462182097294802,4.0,,,-90.7424931898079,1.4715738534219582,0.16057926238398335,False
5FU,5FU-P019,LOGISTIC,18,7.0,0.0,False,0.0,False,True,,32.0,0.07705748473029095,4.0,,,-90.1643560951473,2.049710948082563,0.12026758315585472,False
5FU,5FU-P019,WEIBULL,18,7.0,0.0,False,0.0,False,True,,0.0,0.07394556262832393,4.0,,,-90.90636138186241,1.30770566136745,0.17429020649731083,False
5FU,5FU-P019,MONOTONE_SPLINE,18,,,,,,True,,,0.07695733823645275,3.4556779968694173,3.1622776601683795,0.00799604846216065,-91.27640872024686,0.9376583229829976,0.20971415409711044,False
5FU,5FU-P020,EMAX,21,8.0,3.0,False,0.0,False,True,,0.0,0.45374285631209466,3.0,,,-74.52968857321999,1.2463363489626715,0.24794402834234944,False
5FU,5FU-P020,HILL,21,8.0,3.0,False,0.0,False,True,,0.0,0.4447424316998512,4.0,,,-72.95043055289196,2.825594369290698,0.11256986131317005,False
5FU,5FU-P020,LOGISTIC,21,8.0,3.0,False,0.0,False,True,,27.0,0.4811183792404615,4.0,,,-71.29945169005374,4.476573232128914,0.04930791357559374,False
5FU,5FU-P020,WEIBULL,21,8.0,3.0,False,0.0,False,True,,1.0,0.4393982538143812,4.0,,,-73.20430214650071,2.5717227756819483,0.1278055304373864,False
5FU,5FU-P020,MONOTONE_SPLINE,21,,,,,,True,,,0.4701010596899041,2.0049527961403797,10000.0,0.029826255289209798,-75.77602492218266,0.0,0.46237266633150037,True
5FU,5FU-P021,EMAX,21,8.0,3.0,False,0.0,False,True,,0.0,0.4918019538109116,3.0,,,-72.83823389727642,23.111825588704008,9.578815693666837e-06,False
5FU,5FU-P021,HILL,21,8.0,3.0,False,0.0,False,True,,1.0,0.45453766875715435,4.0,,,-72.49293546634169,23.45712401963874,8.059928988202054e-06,False
5FU,5FU-P021,LOGISTIC,21,8.0,3.0,False,0.0,False,True,,63.0,0.4815085705250045,4.0,,,-71.28242740577383,24.6676320802066,4.400203174139906e-06,False
5FU,5FU-P021,WEIBULL,21,8.0,3.0,False,0.0,False,True,,0.0,0.4135108966136894,4.0,,,-74.47947085923659,21.470588626743847,2.1762154793690997e-05,False
5FU,5FU-P021,MONOTONE_SPLINE,21,,,,,,True,,,0.13850251385693815,4.7495572838481825,0.03162277660168379,0.014123282088637022,-95.95005948598043,0.0,0.9999561988973502,True
5FU,5FU-P022,EMAX,21,8.0,3.0,False,0.0,False,True,,0.0,0.26736672974062214,3.0,,,-85.63678610294762,7.951743407944903,0.0170856913003353,False
5FU,5FU-P022,HILL,21,8.0,3.0,False,0.0,False,True,,0.0,0.23556155792625574,4.0,,,-86.29641434369735,7.292115167195178,0.02376123491158368,False
5FU,5FU-P022,LOGISTIC,21,8.0,3.0,False,0.0,False,True,,61.0,0.326424911048982,4.0,,,-79.44563329415462,14.14289621673791,0.0007731091345562614,False
5FU,5FU-P022,WEIBULL,21,8.0,3.0,False,0.0,False,True,,0.0,0.22040362935682695,4.0,,,-87.69316062094903,5.895368889943498,0.04777147032404233,False
5FU,5FU-P022,MONOTONE_SPLINE,21,,,,,,True,,,0.1380084104396259,5.96784767055671,0.0031622776601683794,0.018125344519468414,-93.58852951089253,0.0,0.9106084943294823,True
CARBO,Carbo-P001,EMAX,24,8.0,3.0,False,0.0,False,True,,0.0,0.023852246114462662,3.0,,,-159.9343372733532,11.574822507187775,0.0030081324024082796,False
CARBO,Carbo-P001,HILL,24,8.0,3.0,False,0.0,False,True,,0.0,0.022845457862398354,4.0,,,-158.96936301732114,12.53979676321984,0.0018567586270257855,False
CARBO,Carbo-P001,LOGISTIC,24,8.0,3.0,False,0.0,False,True,,48.0,0.04277956228486849,4.0,,,-143.91396729996217,27.595192480578817,9.988903303028403e-07,False
CARBO,Carbo-P001,WEIBULL,24,8.0,3.0,False,0.0,False,True,,0.0,0.01930812500729589,4.0,,,-163.00679481218828,8.502364968352708,0.013978887997981752,False
CARBO,Carbo-P001,MONOTONE_SPLINE,24,,,,,,True,,,0.01354916362179711,3.9992315805865317,0.0001,0.0009603671605231556,-171.50915978054098,0.0,0.9811552220822539,True
CARBO,Carbo-P002,EMAX,24,8.0,3.0,False,0.0,False,True,,5.0,0.3512939077963185,3.0,,,-95.3804614102127,40.823141341555825,7.467423778421169e-10,False
CARBO,Carbo-P002,HILL,24,8.0,3.0,False,0.0,False,True,,0.0,0.07924618535765791,4.0,,,-129.1179959684659,7.085606783302637,0.015819157287515272,False
CARBO,Carbo-P002,LOGISTIC,24,8.0,3.0,False,0.0,False,True,,0.0,0.058987506151642735,4.0,,,-136.20360275176853,0.0,0.5467682749926513,True
CARBO,Carbo-P002,WEIBULL,24,8.0,3.0,False,0.0,False,True,,0.0,0.06506227019261294,4.0,,,-133.85114308151543,2.352459670253097,0.16864488781253775,False
CARBO,Carbo-P002,MONOTONE_SPLINE,24,,,,,,True,,,0.0625952517114101,3.9978125719578608,0.00031622776601683794,0.004435804881581252,-134.78324730463575,1.4203554471327777,0.26876767916055333,False
CARBO,Carbo-P003,EMAX,24,8.0,3.0,False,0.0,False,True,,0.0,0.1995438701298963,3.0,,,-108.95459992258154,20.985419285383045,2.772682458050003e-05,False
CARBO,Carbo-P003,HILL,24,8.0,3.0,False,0.0,False,True,,2.0,0.18998679691753156,4.0,,,-108.13250870780465,21.807510500159935,1.8381683991937693e-05,False
CARBO,Carbo-P003,LOGISTIC,24,8.0,3.0,False,0.0,False,True,,9.0,0.1592451686023471,4.0,,,-112.36873969083592,17.57127951712866,0.00015285201408688713,False
CARBO,Carbo-P003,WEIBULL,24,8.0,3.0,False,0.0,False,True,,0.0,0.1556180326983601,4.0,,,-112.92171071015304,17.018308497811546,0.00020153352299975475,False
CARBO,Carbo-P003,MONOTONE_SPLINE,24,,,,,,True,,,0.07778821152583926,3.811820945184896,0.03162277660168379,0.0053597081455766,-129.94001920796458,0.0,0.9995995059543409,True
CARBO,Carbo-P004,EMAX,16,8.0,2.0,False,0.0,False,True,,1.0,0.25621910266400083,3.0,,,-60.14897684814079,22.073379259602092,1.4905580299826189e-05,False
CARBO,Carbo-P004,HILL,16,8.0,2.0,False,0.0,False,True,,0.0,0.09427711884508923,4.0,,,-74.14568773082614,8.076668376916743,0.016319093815199803,False
CARBO,Carbo-P004,LOGISTIC,16,8.0,2.0,False,0.0,False,True,,0.0,0.08491477657244541,4.0,,,-75.81913402014885,6.403222087594031,0.03767734429106653,False
CARBO,Carbo-P004,WEIBULL,16,8.0,2.0,False,0.0,False,True,,0.0,0.09180878041065561,4.0,,,-74.57017697591161,7.652179131831275,0.020177748634563644,False
CARBO,Carbo-P004,MONOTONE_SPLINE,16,,,,,,True,,,0.05760895930937402,3.90214916253014,0.01,0.008301886280638118,-82.22235610774288,0.0,0.9258109076788701,True
CARBO,Carbo-P005,EMAX,21,8.0,3.0,False,0.0,False,True,,0.0,0.2478954757957373,3.0,,,-87.22468108692884,11.231324440307816,0.0034136510450964537,False
CARBO,Carbo-P005,HILL,21,8.0,3.0,False,0.0,False,True,,2.0,0.21938518406398858,4.0,,,-87.79042271006404,10.66558281717262,0.004529688701406343,False
CARBO,Carbo-P005,LOGISTIC,21,8.0,3.0,False,0.0,False,True,,0.0,0.18337381528680557,4.0,,,-91.55576975820563,6.900235769031028,0.029764807577717902,False
CARBO,Carbo-P005,WEIBULL,21,8.0,3.0,False,0.0,False,True,,0.0,0.18674829792556655,4.0,,,-91.17283614534578,7.283169381890872,0.02457820157915619,False
CARBO,Carbo-P005,MONOTONE_SPLINE,21,,,,,,True,,,0.13472132767126635,3.787225004171126,0.03162277660168379,0.011480832023127139,-98.45600552723666,0.0,0.9377136510966231,True
CARBO,Carbo-P006,EMAX,21,8.0,3.0,False,0.0,False,True,,0.0,0.22216611516403348,3.0,,,-89.52589931094907,22.390840042909062,1.3706884757347642e-05,False
CARBO,Carbo-P006,HILL,21,8.0,3.0,False,0.0,False,True,,6.0,0.18336075777990357,4.0,,,-91.55726515932238,20.35947419453575,3.784811466050485e-05,False
CARBO,Carbo-P006,LOGISTIC,21,8.0,3.0,False,0.0,False,True,,2.0,0.12975918153661414,4.0,,,-98.81854611137909,13.098193242479041,0.0014282734895464998,False
CARBO,Carbo-P006,WEIBULL,21,8.0,3.0,False,0.0,False,True,,0.0,0.1386897086736997,4.0,,,-97.42081040253454,14.495928951323592,0.0007100630645708608,False
CARBO,Carbo-P006,MONOTONE_SPLINE,21,,,,,,True,,,0.07096743291060488,3.787225004171126,0.03162277660168379,0.006047781672307362,-111.91673935385813,0.0,0.9978101084464649,True
CARBO,Carbo-P007,EMAX,22,8.0,3.0,False,0.0,False,True,,0.0,0.20392566092773956,3.0,,,-96.98292866676417,69.55030854269106,2.608213548438526e-16,False
CARBO,Carbo-P007,HILL,22,8.0,3.0,False,0.0,False,True,,0.0,0.008412078093095342,4.0,,,-165.12084220218082,1.412395007274398,0.16304334432603348,False
CARBO,Carbo-P007,LOGISTIC,22,8.0,3.0,False,0.0,False,True,,0.0,0.007891000421823802,4.0,,,-166.52764580559526,0.005591403859966704,0.32944778805224145,False
CARBO,Carbo-P007,WEIBULL,22,8.0,3.0,False,0.0,False,True,,0.0,0.00788899514165042,4.0,,,-166.53323720945522,0.0,0.3303701145433655,True
CARBO,Carbo-P007,MONOTONE_SPLINE,22,,,,,,True,,,0.008716917198741686,3.525514620301614,0.01,0.0006585817443626916,-165.28667672138357,1.2465604880716512,0.17713875307835927,False
CARBO,Carbo-P008,EMAX,22,8.0,3.0,False,0.0,False,True,,0.0,0.7869340037060409,3.0,,,-67.274373601006,125.56501544337476,1.8073215700514506e-28,False
CARBO,Carbo-P008,HILL,22,8.0,3.0,False,0.0,False,True,,0.0,0.0023866570445820836,4.0,,,-192.83588957616405,0.00349946821671665,0.33294476870356576,False
CARBO,Carbo-P008,LOGISTIC,22,8.0,3.0,False,0.0,False,True,,0.0,0.0023862777334075465,4.0,,,-192.8393863119233,2.732457460297155e-06,0.3335273878107118,False
CARBO,Carbo-P008,WEIBULL,22,8.0,3.0,False,0.0,False,True,,0.0,0.0023862774370256392,4.0,,,-192.83938904438077,0.0,0.33352784348572256,True
CARBO,Carbo-P008,MONOTONE_SPLINE,22,,,,,,True,,,0.1600315980207591,2.499397692183858,0.1,0.010285972918829225,-103.31658649308223,89.52280255129854,1.2119997190413253e-20,False
CARBO,Carbo-P009,EMAX,21,8.0,3.0,False,0.0,False,True,,37.0,1.244575196000025,3.0,,,-53.34029165533489,22.239028673989147,3.928975218139954e-06,False
CARBO,Carbo-P009,HILL,21,8.0,3.0,False,0.0,False,True,,0.0,0.392411126379627,4.0,,,-75.57932032929213,3.19033688356285e-11,0.26510810630830944,False
CARBO,Carbo-P009,LOGISTIC,21,8.0,3.0,False,0.0,False,True,,7.0,0.3924111263795845,4.0,,,-75.5793203292944,2.962963208119618e-11,0.26510810630861087,False
CARBO,Carbo-P009,WEIBULL,21,8.0,3.0,False,0.0,False,True,,0.0,0.39241112637903075,4.0,,,-75.57932032932403,0.0,0.2651081063125384,True
CARBO,Carbo-P009,MONOTONE_SPLINE,21,,,,,,True,,,0.432899339266697,3.2276811697630587,0.1,0.03346771909199318,-75.06185992011305,0.5174604092109831,0.2046717520953232,False
CARBO,Carbo-P010,EMAX,23,8.0,2.0,False,0.0,False,True,,0.0,0.32911220315470713,3.0,,,-91.67756746308216,20.664021676033727,3.254463986494981e-05,False
CARBO,Carbo-P010,HILL,23,8.0,2.0,False,0.0,False,True,,1.0,0.24355592401951784,4.0,,,-96.60176696051835,15.739822178597535,0.00038172957151062163,False
CARBO,Carbo-P010,LOGISTIC,23,8.0,2.0,False,0.0,False,True,,62.0,0.4905991070499046,4.0,,,-80.49531021376033,31.84627892535555,1.2141802400580045e-07,False
CARBO,Carbo-P010,WEIBULL,23,8.0,2.0,False,0.0,False,True,,0.0,0.23909061255542788,4.0,,,-97.02735830442496,15.314230834690918,0.0004722498089731473,False
CARBO,Carbo-P010,MONOTONE_SPLINE,23,,,,,,True,,,0.12469853226359404,3.8287351734347506,0.03162277660168379,0.00921729111114073,-112.34158913911588,0.0,0.9991133545616272,True
CARBO,Carbo-P011,EMAX,17,8.0,3.0,False,0.0,False,True,,0.0,0.13667602548111873,3.0,,,-75.99703967878352,9.976942964548272,0.0026742986510250046,False
CARBO,Carbo-P011,HILL,17,8.0,3.0,False,0.0,False,True,,0.0,0.09164880661674318,4.0,,,-80.79107938883251,5.18290325449928,0.02939154401575779,False
CARBO,Carbo-P011,LOGISTIC,17,8.0,3.0,False,0.0,False,True,,0.0,0.06895026911349617,4.0,,,-85.62891296830733,0.34506967502446173,0.33017532597216537,False
CARBO,Carbo-P011,WEIBULL,17,8.0,3.0,False,0.0,False,True,,0.0,0.07139958126852877,4.0,,,-85.03550251103954,0.9384801322922556,0.24540712732675812,False
CARBO,Carbo-P011,MONOTONE_SPLINE,17,,,,,,True,,,0.06589503828412802,4.212705223958626,0.1,0.009088297818733363,-85.9739826433318,0.0,0.39235170403429376,True
CARBO,Carbo-P012,EMAX,15,5.0,3.0,False,0.0,False,True,,0.0,0.0879729803175468,3.0,,,-71.08163631898798,8.29088639796909,0.005179917249037157,False
CARBO,Carbo-P012,HILL,15,5.0,3.0,False,0.0,False,True,,0.0,0.04429937782132929,4.0,,,-79.37252271695706,0.0,0.3270889917965366,True
CARBO,Carbo-P012,LOGISTIC,15,5.0,3.0,False,0.0,False,True,,0.0,0.04704016391155539,4.0,,,-78.47205537978533,0.9004673371717331,0.2085124207596229,False
CARBO,Carbo-P012,WEIBULL,15,5.0,3.0,False,0.0,False,True,,0.0,0.047017712148822055,4.0,,,-78.47921642703629,0.8933062899207727,0.20926034258520307,False
CARBO,Carbo-P012,MONOTONE_SPLINE,15,,,,,,True,,,0.04442703899759875,4.247355778934686,0.1,0.008129919500100028,-78.8346465856919,0.5378761312651648,0.24995832760960035,False
CARBO,Carbo-P013,EMAX,11,5.0,3.0,False,0.0,False,True,,0.0,0.14473846555529313,3.0,,,-41.637943361639316,14.015660556738865,0.0002424260544367602,False
CARBO,Carbo-P013,HILL,11,5.0,3.0,False,0.0,False,True,,26.0,0.0337492868557397,4.0,,,-55.65360391374072,4.637463746348658e-09,0.2679423192823115,False
CARBO,Carbo-P013,LOGISTIC,11,5.0,3.0,False,0.0,False,True,,14.0,0.03374928684184277,4.0,,,-55.65360391827018,1.0800249583553523e-10,0.2679423198891287,False
CARBO,Carbo-P013,WEIBULL,11,5.0,3.0,False,0.0,False,True,,1.0,0.033749286841511426,4.0,,,-55.65360391837818,0.0,0.2679423199035979,True
CARBO,Carbo-P013,MONOTONE_SPLINE,11,,,,,,True,,,0.03861880593617696,3.5717207475625545,0.1,0.011801799809848712,-55.02758163375132,0.6260222846268633,0.19593061487052507,False
CARBO,Carbo-P014,EMAX,11,5.0,3.0,False,0.0,False,True,,0.0,0.12373144991772785,3.0,,,-43.362907673447594,26.644592004180723,1.6375598623737803e-06,False
CARBO,Carbo-P014,HILL,11,5.0,3.0,False,0.0,False,True,,4.0,0.1223165979460985,4.0,,,-41.48941583611036,28.518083841517957,6.417614140078446e-07,False
CARBO,Carbo-P014,LOGISTIC,11,5.0,3.0,False,0.0,False,True,,0.0,0.09671411564957667,4.0,,,-44.072803049838626,25.93469662778969,2.335334027212886e-06,False
CARBO,Carbo-P014,WEIBULL,11,5.0,3.0,False,0.0,False,True,,0.0,0.09422042911545676,4.0,,,-44.36014876532181,25.647350912306507,2.696157984623614e-06,False
CARBO,Carbo-P014,MONOTONE_SPLINE,11,,,,,,True,,,0.009229009974556782,3.9543934001101815,0.001,0.003400559555275858,-70.00749967762832,0.0,0.9999926891867117,True
CARBO,Carbo-P015,EMAX,9,5.0,1.0,False,0.0,False,True,,0.0,0.04685232083132498,3.0,,,-41.32181380235346,3.8040476222372916,0.08746738602401093,False
CARBO,Carbo-P015,HILL,9,5.0,1.0,False,0.0,False,True,,0.0,0.03308704458906569,4.0,,,-42.45254247426563,2.6733189503251253,0.1539503778420207,False
CARBO,Carbo-P015,LOGISTIC,9,5.0,1.0,False,0.0,False,True,,46.0,0.06416242680596822,4.0,,,-36.49205862273583,8.63380280185492,0.007817684437085479,False
CARBO,Carbo-P015,WEIBULL,9,5.0,1.0,False,0.0,False,True,,0.0,0.03259086612391152,4.0,,,-42.58853008706463,2.537331337526119,0.16478212307149845,False
CARBO,Carbo-P015,MONOTONE_SPLINE,9,,,,,,True,,,0.02455131228769837,4.006034761950222,0.0001,0.019209693271433348,-45.12586142459075,0.0,0.5859824286253844,True
CARBO,Carbo-P016,EMAX,13,5.0,3.0,False,0.0,False,True,,0.0,0.16005810020994793,3.0,,,-51.16318089055698,27.007778124572987,6.48570169464393e-07,False
CARBO,Carbo-P016,HILL,13,5.0,3.0,False,0.0,False,True,,0.0,0.02004023098021741,4.0,,,-76.17451684634824,1.9964421687817264,0.17502478991618872,False
CARBO,Carbo-P016,LOGISTIC,13,5.0,3.0,False,0.0,False,True,,0.0,0.020040196876207252,4.0,,,-76.17453896947195,1.996420045658013,0.17502672597443672,False
CARBO,Carbo-P016,WEIBULL,13,5.0,3.0,False,0.0,False,True,,0.0,0.020040196874799982,4.0,,,-76.17453897038486,1.9964200447451077,0.17502672605432817,False
CARBO,Carbo-P016,MONOTONE_SPLINE,13,,,,,,True,,,0.02004707740605258,2.9995586733353266,1e-05,0.003364868471615268,-78.17095901512997,0.0,0.4749211094848768,True
CARBO,Carbo-P017,EMAX,15,5.0,3.0,False,0.0,False,True,,0.0,0.04747832838575393,3.0,,,-80.33298176498084,6.684791023900658,0.025638764247696042,False
CARBO,Carbo-P017,HILL,15,5.0,3.0,False,0.0,False,True,,0.0,0.033872505434664586,4.0,,,-83.3980276585175,3.619745130363995,0.11870345181959953,False
CARBO,Carbo-P017,LOGISTIC,15,5.0,3.0,False,0.0,False,True,,59.0,0.08960362780435296,4.0,,,-68.80614508052871,18.211627708352793,8.051490893029158e-05,False
CARBO,Carbo-P017,WEIBULL,15,5.0,3.0,False,0.0,False,True,,0.0,0.033452820591829545,4.0,,,-83.58504061659049,3.4327321722910114,0.13033849321625154,False
CARBO,Carbo-P017,MONOTONE_SPLINE,15,,,,,,True,,,0.03472433331734531,2.0038495347051173,10000.0,0.003502589955495468,-87.0177727888815,0.0,0.7252387758075226,True
CARBO,Carbo-P018,EMAX,14,5.0,2.0,False,0.0,False,True,,0.0,0.12383186385800081,3.0,,,-60.19043059629411,13.58318826096496,0.0007596235887723843,False
CARBO,Carbo-P018,HILL,14,5.0,2.0,False,0.0,False,True,,0.0,0.06328672782728792,4.0,,,-67.58791761368695,6.185701243572112,0.030686145386007963,False
CARBO,Carbo-P018,LOGISTIC,14,5.0,2.0,False,0.0,False,True,,0.0,0.04873022821542928,4.0,,,-71.24718295885256,2.526435898406504,0.19122369771396472,False
CARBO,Carbo-P018,WEIBULL,14,5.0,2.0,False,0.0,False,True,,0.0,0.05338177753644461,4.0,,,-69.97080431706041,3.8028145401986535,0.10101354472719658,False
CARBO,Carbo-P018,MONOTONE_SPLINE,14,,,,,,True,,,0.0400989246123956,4.1014322174037305,0.1,0.008232117131377571,-73.77361885725907,0.0,0.6763169885840582,True
CARBO,Carbo-P019,EMAX,11,5.0,3.0,False,0.0,False,True,,0.0,0.003224217041650024,3.0,,,-83.48456449670108,0.0,0.3195864579982497,True
CARBO,Carbo-P019,HILL,11,5.0,3.0,False,0.0,False,True,,0.0,0.0029392013077624824,4.0,,,-82.50263938500004,0.9819251117010452,0.195598734046286,False
CARBO,Carbo-P019,LOGISTIC,11,5.0,3.0,False,0.0,False,True,,62.0,0.003152293873262758,4.0,,,-81.73272165250498,1.751842844196105,0.13310075784363323,False
CARBO,Carbo-P019,WEIBULL,11,5.0,3.0,False,0.0,False,True,,0.0,0.0029386914574499857,4.0,,,-82.5045476720939,0.9800168246071763,0.1957854523800459,False
CARBO,Carbo-P019,MONOTONE_SPLINE,11,,,,,,True,,,0.0030009701228002703,4.1122795734605715,0.03162277660168379,0.0012009539392099948,-82.049305205397,1.435259291304078,0.15592859773178527,False
CARBO,Carbo-P020,EMAX,12,4.0,0.0,False,0.0,False,True,,0.0,0.007226844780388411,3.0,,,-82.97831273325377,18.68767376685375,2.1992968714739886e-05,False
CARBO,Carbo-P020,HILL,12,4.0,0.0,False,0.0,False,True,,0.0,0.0012889523033333306,4.0,,,-101.66598650010752,0.0,0.25133944671490643,True
CARBO,Carbo-P020,LOGISTIC,12,4.0,0.0,False,0.0,False,True,,0.0,0.001288952303333331,4.0,,,-101.66598650010752,0.0,0.25133944671490643,False
CARBO,Carbo-P020,WEIBULL,12,4.0,0.0,False,0.0,False,True,,0.0,0.0012889523033333308,4.0,,,-101.66598650010752,0.0,0.25133944671490643,False
CARBO,Carbo-P020,MONOTONE_SPLINE,12,,,,,,True,,,0.001511529614277737,3.0658823925438874,0.1,0.0003053099904511112,-101.62271282790971,0.043273672197813084,0.24595966688656595,False
CARBO,Carbo-P021,EMAX,18,7.0,0.0,False,0.0,False,True,,22.0,0.8669007309672108,3.0,,,-48.5976461485327,2.627859686214201,0.09032536632892973,False
CARBO,Carbo-P021,HILL,18,7.0,0.0,False,0.0,False,True,,2.0,0.7176433270452173,4.0,,,-49.99877830442169,1.2267275303252063,0.1819959457347385,False
CARBO,Carbo-P021,LOGISTIC,18,7.0,0.0,False,0.0,False,True,,14.0,0.7133475711759308,4.0,,,-50.106848646471,1.1186571882758969,0.19210067463641886,False
CARBO,Carbo-P021,WEIBULL,18,7.0,0.0,False,0.0,False,True,,1.0,0.710358862457864,4.0,,,-50.18242158015859,1.0430842545883081,0.19949836653748562,False
CARBO,Carbo-P021,MONOTONE_SPLINE,18,,,,,,True,,,0.7310512622688723,3.220038162906547,0.31622776601683794,0.07228881589787184,-51.2255058347469,0.0,0.33607964676242735,True
CARBO,Carbo-P022,EMAX,21,8.0,3.0,False,0.0,False,True,,0.0,0.5055274791182921,3.0,,,-72.26018170842742,19.66856604086773,5.315044025750274e-05,False
CARBO,Carbo-P022,HILL,21,8.0,3.0,False,0.0,False,True,,8.0,0.3175079411749632,4.0,,,-80.02727262932912,11.901475119966037,0.002582909739702861,False
CARBO,Carbo-P022,LOGISTIC,21,8.0,3.0,False,0.0,False,True,,0.0,0.3150272172076806,4.0,,,-80.19199223335094,11.73675551594421,0.0028046433180122466,False
CARBO,Carbo-P022,WEIBULL,21,8.0,3.0,False,0.0,False,True,,11.0,0.3169882581585134,4.0,,,-80.06167266449806,11.867075084797094,0.002627720097393479,False
CARBO,Carbo-P022,MONOTONE_SPLINE,21,,,,,,True,,,0.19821048492294696,2.9965821779726474,0.0031622776601683794,0.014739406630593303,-91.92874774929516,0.0,0.9919315764046339,True
CARBO,Carbo-P023,EMAX,21,8.0,3.0,False,0.0,False,True,,61.0,0.9378152368603898,3.0,,,-59.28322001733346,31.77306625780335,4.207119512734065e-08,False
CARBO,Carbo-P023,HILL,21,8.0,3.0,False,0.0,False,True,,63.0,0.18783069117211118,4.0,,,-91.05147150875506,0.0048147663817559305,0.332945393487131,False
CARBO,Carbo-P023,LOGISTIC,21,8.0,3.0,False,0.0,False,True,,2.0,0.18782087369105846,4.0,,,-91.05256915945822,0.003717115678597338,0.33312817251206167,False
CARBO,Carbo-P023,WEIBULL,21,8.0,3.0,False,0.0,False,True,,0.0,0.1877876313039325,4.0,,,-91.05628627513681,0.0,0.33374788619705237,True
CARBO,Carbo-P023,MONOTONE_SPLINE,21,,,,,,True,,,0.3924974953305986,3.7927266904119583,0.03162277660168379,0.03348113614279264,-75.98924539653832,15.06704087859849,0.0001785057325598628,False
CARBO,Carbo-P024,EMAX,21,8.0,3.0,False,0.0,False,True,,0.0,0.28229049105868564,3.0,,,-84.4961623824223,16.12162439440479,0.00030853925804165953,False
CARBO,Carbo-P024,HILL,21,8.0,3.0,False,0.0,False,True,,2.0,0.23530067843849328,4.0,,,-86.3196842913826,14.298102485444488,0.0007678620113793807,False
CARBO,Carbo-P024,LOGISTIC,21,8.0,3.0,False,0.0,False,True,,9.0,0.17833707390242937,4.0,,,-92.1406479544204,8.477138822406687,0.014102281557157844,False
CARBO,Carbo-P024,WEIBULL,21,8.0,3.0,False,0.0,False,True,,0.0,0.18960485469424943,4.0,,,-90.85404596798423,9.763740808842854,0.007411520423664535,False
CARBO,Carbo-P024,MONOTONE_SPLINE,21,,,,,,True,,,0.12130778935919027,3.807546826769867,0.03162277660168379,0.01037531616413706,-100.61778677682709,0.0,0.9774097967497565,True
CARBO_A,CarboA-P001,EMAX,21,8.0,3.0,False,0.0,False,True,,1.0,1.7143375146885171,3.0,,,-46.61541013145807,30.672809352370884,7.217026096674932e-08,False
CARBO_A,CarboA-P001,HILL,21,8.0,3.0,False,0.0,False,True,,3.0,0.3617429699091509,4.0,,,-77.28821948382895,0.0,0.3302738574271075,True
CARBO_A,CarboA-P001,LOGISTIC,21,8.0,3.0,False,0.0,False,True,,9.0,0.3617429699093593,4.0,,,-77.28821948381685,1.2107648217352107e-11,0.3302738574251081,False
CARBO_A,CarboA-P001,WEIBULL,21,8.0,3.0,False,0.0,False,True,,1.0,0.36174296990984733,4.0,,,-77.28821948378854,4.04156708100345e-11,0.3302738574204334,False
CARBO_A,CarboA-P001,MONOTONE_SPLINE,21,,,,,,True,,,0.5955808755571407,2.3477399065158324,0.1,0.039862794881322335,-70.12207123197358,7.166148251855375,0.00917835555708999,False
CARBO_A,CarboA-P002,EMAX,12,5.0,3.0,False,0.0,False,True,,0.0,0.12657649072481436,3.0,,,-48.621781602963395,33.297932163210916,5.8809268577048706e-08,False
CARBO_A,CarboA-P002,HILL,12,5.0,3.0,False,0.0,False,True,,16.0,0.11858505492514315,4.0,,,-47.40437755098762,34.51533621518669,3.199556966851215e-08,False
CARBO_A,CarboA-P002,LOGISTIC,12,5.0,3.0,False,0.0,False,True,,38.0,0.11094372285610979,4.0,,,-48.20366628787272,33.71604747830159,4.771480913700715e-08,False
CARBO_A,CarboA-P002,WEIBULL,12,5.0,3.0,False,0.0,False,True,,0.0,0.09213238795625524,4.0,,,-50.43322463877058,31.48648912740373,1.4547743508344483e-07,False
CARBO_A,CarboA-P002,MONOTONE_SPLINE,12,,,,,,True,,,0.006832253154504035,3.866187629350896,0.0031622776601683794,0.0018894064337658348,-81.91971376617431,0.0,0.9999997160029175,True
CARBO_A,CarboA-P003,EMAX,8,5.0,1.0,False,0.0,False,True,,0.0,0.01018834059630942,3.0,,,-47.32762266382234,0.0,0.2841466908927575,True
CARBO_A,CarboA-P003,HILL,8,5.0,1.0,False,0.0,False,True,,0.0,0.008384518217091118,4.0,,,-46.886479077990515,0.4411435858318242,0.22790271040177532,False
CARBO_A,CarboA-P003,LOGISTIC,8,5.0,1.0,False,0.0,False,True,,14.0,0.013153470510224696,4.0,,,-43.28408943784676,4.04353322597558,0.037627080192623445,False
CARBO_A,CarboA-P003,WEIBULL,8,5.0,1.0,False,0.0,False,True,,0.0,0.008236792067398479,4.0,,,-47.0286869180095,0.298935745812841,0.24469749885701952,False
CARBO_A,CarboA-P003,MONOTONE_SPLINE,8,,,,,,True,,,0.009016274387548078,3.812282653753357,0.1,0.01017275564577069,-46.680759580381824,0.6468630834405147,0.20562601965582428,False
CARBO_A,CarboA-P004,EMAX,8,4.0,2.0,False,0.0,False,True,,0.0,0.0205562759418277,3.0,,,-41.71224422172251,0.12592378781408087,0.30894476553603584,False
CARBO_A,CarboA-P004,HILL,8,4.0,2.0,False,0.0,False,True,,0.0,0.019312409037000013,4.0,,,-40.211591808586824,1.6265762009497635,0.145887576635128,False
CARBO_A,CarboA-P004,LOGISTIC,8,4.0,2.0,False,0.0,False,True,,57.0,0.023182851222840514,4.0,,,-38.75027189392715,3.087896115609439,0.07025815203691059,False
CARBO_A,CarboA-P004,WEIBULL,8,4.0,2.0,False,0.0,False,True,,0.0,0.01931240903700001,4.0,,,-40.211591808586824,1.6265762009497635,0.145887576635128,False
CARBO_A,CarboA-P004,MONOTONE_SPLINE,8,,,,,,True,,,0.025967298929748868,2.0023512261207337,10000.0,0.0076923686205416395,-41.83816800953659,0.0,0.3290219291567976,True
CARBO_A,CarboA-P005,EMAX,12,4.0,0.0,False,0.0,False,True,,0.0,0.09916296230500729,3.0,,,-51.55076817669317,1.4308089873695025,0.24001491763658514,False
CARBO_A,CarboA-P005,HILL,12,4.0,0.0,False,0.0,False,True,,8.0,0.09889953512676634,4.0,,,-49.58268868707596,3.3988884769867127,0.08971709525156193,False
CARBO_A,CarboA-P005,LOGISTIC,12,4.0,0.0,False,0.0,False,True,,18.0,0.09889953523573651,4.0,,,-49.58268867385404,3.398888490208634,0.08971709465844575,False
CARBO_A,CarboA-P005,WEIBULL,12,4.0,0.0,False,0.0,False,True,,16.0,0.09889953512620943,4.0,,,-49.58268868714353,3.39888847691914,0.08971709525459315,False
CARBO_A,CarboA-P005,MONOTONE_SPLINE,12,,,,,,True,,,0.10395442339056786,2.0014675918385976,10000.0,0.014744925009159476,-52.98157716406267,0.0,0.49083379719881415,True
CARBO_A,CarboA-P006,EMAX,11,5.0,3.0,False,0.0,False,True,,4.0,0.20678070786839195,3.0,,,-37.71390872569018,40.5558849834621,7.375913522358287e-10,False
CARBO_A,CarboA-P006,HILL,11,5.0,3.0,False,0.0,False,True,,0.0,0.005168998481381404,4.0,,,-76.29268759296161,1.9771061161906687,0.17582928358463992,False
CARBO_A,CarboA-P006,LOGISTIC,11,5.0,3.0,False,0.0,False,True,,0.0,0.005169002452909171,4.0,,,-76.29267914126855,1.9771145678837314,0.17582854055864175,False
CARBO_A,CarboA-P006,WEIBULL,11,5.0,3.0,False,0.0,False,True,,0.0,0.005169002452999983,4.0,,,-76.2926791410753,1.9771145680769848,0.175828540541652,False
CARBO_A,CarboA-P006,MONOTONE_SPLINE,11,,,,,,True,,,0.005219834677694903,2.9576196627232894,0.001,0.0012203537109932198,-78.26979370915228,0.0,0.47251363457747486,True
CARBO_A,CarboA-P007,EMAX,15,5.0,3.0,False,0.0,False,True,,0.0,0.002857952784625452,3.0,,,-122.48549881707149,0.2877540140682129,0.2951679797005555,False
CARBO_A,CarboA-P007,HILL,15,5.0,3.0,False,0.0,False,True,,11.0,0.002815978896548236,4.0,,,-120.70743303910194,2.0658197920377575,0.12132971147098057,False
CARBO_A,CarboA-P007,LOGISTIC,15,5.0,3.0,False,0.0,False,True,,7.0,0.0028159788955576344,4.0,,,-120.7074330443786,2.0658197867610966,0.12132971179108844,False
CARBO_A,CarboA-P007,WEIBULL,15,5.0,3.0,False,0.0,False,True,,12.0,0.0028159788955570498,4.0,,,-120.7074330443817,2.0658197867579986,0.12132971179127637,False
CARBO_A,CarboA-P007,MONOTONE_SPLINE,15,,,,,,True,,,0.0028304314364317874,2.928696052025486,0.03162277660168379,0.00035735906702805934,-122.7732528311397,0.0,0.34084288524609896,True
CARBO_A,CarboA-P008,EMAX,12,4.0,3.0,False,0.0,False,True,,0.0,0.43757425309090553,3.0,,,-33.736986192274394,0.05366908191258091,0.26336096404194975,False
CARBO_A,CarboA-P008,HILL,12,4.0,3.0,False,0.0,False,True,,0.0,0.40445099482835556,4.0,,,-32.68157619523058,1.1090790789563911,0.15537174177027882,False
CARBO_A,CarboA-P008,LOGISTIC,12,4.0,3.0,False,0.0,False,True,,0.0,0.40445099482835556,4.0,,,-32.68157619523058,1.1090790789563911,0.15537174177027882,False
CARBO_A,CarboA-P008,WEIBULL,12,4.0,3.0,False,0.0,False,True,,0.0,0.4044509948283555,4.0,,,-32.68157619523058,1.1090790789563911,0.15537174177027882,False
CARBO_A,CarboA-P008,MONOTONE_SPLINE,12,,,,,,True,,,0.5143216737179386,2.0035505711509276,10000.0,0.07299781260510606,-33.790655274186975,0.0,0.27052381064721376,True
CARBO_A,CarboA-P009,EMAX,11,5.0,3.0,False,0.0,False,True,,0.0,0.003796827547268206,3.0,,,-81.68633158688212,0.0,0.2488128761456792,True
CARBO_A,CarboA-P009,HILL,11,5.0,3.0,False,0.0,False,True,,0.0,0.0032703291049957063,4.0,,,-81.32835921026613,0.35797237661599013,0.20803678691153007,False
CARBO_A,CarboA-P009,LOGISTIC,11,5.0,3.0,False,0.0,False,True,,55.0,0.003589187427479546,4.0,,,-80.30497190042327,1.3813596864588504,0.12471376971115254,False
CARBO_A,CarboA-P009,WEIBULL,11,5.0,3.0,False,0.0,False,True,,0.0,0.003267790778748798,4.0,,,-81.33690037825183,0.34943120863029264,0.20892712526283663,False
CARBO_A,CarboA-P009,MONOTONE_SPLINE,11,,,,,,True,,,0.00326777460683739,3.9972439197168326,0.001,0.0012309398732449708,-81.34246697665635,0.343864610225765,0.20950944196880156,False
CARBO_A,CarboA-P010,EMAX,12,4.0,3.0,False,0.0,False,True,,1.0,0.13606148816568864,3.0,,,-47.754660316123996,27.86868618166806,4.22246566702099e-07,False
CARBO_A,CarboA-P010,HILL,12,4.0,3.0,False,0.0,False,True,,10.0,0.013340746248666678,4.0,,,-73.62206739001144,2.0012791077806185,0.17482446330280668,False
CARBO_A,CarboA-P010,LOGISTIC,12,4.0,3.0,False,0.0,False,True,,19.0,0.013340746265267291,4.0,,,-73.6220673750792,2.001279122712859,0.17482446199754628,False
CARBO_A,CarboA-P010,WEIBULL,12,4.0,3.0,False,0.0,False,True,,3.0,0.013340746248778061,4.0,,,-73.62206738991125,2.001279107880805,0.17482446329404916,False
CARBO_A,CarboA-P010,MONOTONE_SPLINE,12,,,,,,True,,,0.013340818250846577,2.999328063220046,0.00031622776601683794,0.0026306905167269553,-75.62334649779206,0.0,0.4755261891590313,True
CARBO_A,CarboA-P011,EMAX,18,7.0,0.0,False,0.0,False,True,,1.0,0.2037193401768327,3.0,,,-74.664907927319,3.090280355449025,0.1437915378158252,False
CARBO_A,CarboA-P011,HILL,18,7.0,0.0,False,0.0,False,True,,63.0,0.19637968487545213,4.0,,,-73.3253875085019,4.429800774266127,0.07359700906808155,False
CARBO_A,CarboA-P011,LOGISTIC,18,7.0,0.0,False,0.0,False,True,,3.0,0.21336864525868368,4.0,,,-71.83190148832554,5.92328679444249,0.03487817854832314,False
CARBO_A,CarboA-P011,WEIBULL,18,7.0,0.0,False,0.0,False,True,,55.0,0.19639418303761125,4.0,,,-73.32405866796385,4.431129614804178,0.0735481259647777,False
CARBO_A,CarboA-P011,MONOTONE_SPLINE,18,,,,,,True,,,0.15895028792642008,3.6882257014755875,0.1,0.017363675269715776,-77.75518828276803,0.0,0.6741851486029924,True
CARBO_A,CarboA-P012,EMAX,21,8.0,3.0,False,0.0,False,True,,0.0,0.08351076803773896,3.0,,,-110.07334482717522,20.879424349473283,2.8068554851907946e-05,False
CARBO_A,CarboA-P012,HILL,21,8.0,3.0,False,0.0,False,True,,0.0,0.04864295333789106,4.0,,,-119.42318601450492,11.529583162143581,0.003009624198617519,False
CARBO_A,CarboA-P012,LOGISTIC,21,8.0,3.0,False,0.0,False,True,,2.0,0.04084386374413344,4.0,,,-123.09294354151979,7.859825635128715,0.018853413471403988,False
CARBO_A,CarboA-P012,WEIBULL,21,8.0,3.0,False,0.0,False,True,,0.0,0.04093395133965114,4.0,,,-123.04667572990809,7.906093446740414,0.018422266663035695,False
CARBO_A,CarboA-P012,MONOTONE_SPLINE,21,,,,,,True,,,0.023809563857823953,5.736614338461556,0.01,0.0029728648954686922,-130.9527691766485,0.0,0.9596866271120909,True
CARBO_A,CarboA-P013,EMAX,21,8.0,3.0,False,0.0,False,True,,11.0,1.5088790034616961,3.0,,,-49.29626433264935,3.34821686949234,0.07420163853893574,False
CARBO_A,CarboA-P013,HILL,21,8.0,3.0,False,0.0,False,True,,28.0,1.2198097373829784,4.0,,,-51.762378426204116,0.8821027759375752,0.2546380893077909,False
CARBO_A,CarboA-P013,LOGISTIC,21,8.0,3.0,False,0.0,False,True,,5.0,1.548964617598749,4.0,,,-46.74565009148317,5.89883111065852,0.020727868767749534,False
CARBO_A,CarboA-P013,WEIBULL,21,8.0,3.0,False,0.0,False,True,,33.0,1.2198097373812318,4.0,,,-51.76237842623418,0.8821027759075122,0.2546380893116185,False
CARBO_A,CarboA-P013,MONOTONE_SPLINE,21,,,,,,True,,,1.414372863556766,2.0050396127487984,10000.0,0.08973817203590982,-52.64448120214169,0.0,0.3957943140739052,True
CARBO_A,CarboA-P014,EMAX,15,5.0,3.0,False,0.0,False,True,,0.0,0.1140373467580745,3.0,,,-67.18919223298559,0.11000463403937033,0.24121489970913557,False
CARBO_A,CarboA-P014,HILL,15,5.0,3.0,False,0.0,False,True,,24.0,0.09981617169021341,4.0,,,-67.18712903365073,0.11206783337422621,0.2409661908048847,False
CARBO_A,CarboA-P014,LOGISTIC,15,5.0,3.0,False,0.0,False,True,,44.0,0.13734363963198815,4.0,,,-62.39979064532109,4.89940622170387,0.021998789791501046,False
CARBO_A,CarboA-P014,WEIBULL,15,5.0,3.0,False,0.0,False,True,,1.0,0.09981617169125558,4.0,,,-67.18712903349412,0.11206783353084404,0.2409661907860149,False
CARBO_A,CarboA-P014,MONOTONE_SPLINE,15,,,,,,True,,,0.11737530525170135,2.728618630781238,10.0,0.014086059572652744,-67.29919686702496,0.0,0.2548539289084638,True
CDDP,CDDP-P001,EMAX,21,8.0,3.0,False,0.0,False,True,,0.0,0.20643237411301488,3.0,,,-91.06840172558105,7.096722275852329,0.00932223614526381,False
CDDP,CDDP-P001,HILL,21,8.0,3.0,False,0.0,False,True,,0.0,0.13963935704011513,4.0,,,-97.27750741668672,0.8876165847466666,0.2078788327738917,False
CDDP,CDDP-P001,LOGISTIC,21,8.0,3.0,False,0.0,False,True,,0.0,0.13834753533537744,4.0,,,-97.47268533209069,0.6924386693426925,0.2291883908745307,False
CDDP,CDDP-P001,WEIBULL,21,8.0,3.0,False,0.0,False,True,,0.0,0.13832366518911035,4.0,,,-97.47630893347676,0.6888150679566252,0.22960401095663524,False
CDDP,CDDP-P001,MONOTONE_SPLINE,21,,,,,,True,,,0.1452816640394126,3.1402731522584313,0.31622776601683794,0.011066866114106021,-98.16512400143338,0.0,0.32400652924967854,True
CDDP,CDDP-P002,EMAX,21,8.0,3.0,False,0.0,False,True,,0.0,0.127483098397486,3.0,,,-101.19017237213225,18.926163925699697,6.460200418101203e-05,False
CDDP,CDDP-P002,HILL,21,8.0,3.0,False,0.0,False,True,,0.0,0.07724949236669837,4.0,,,-109.70998481733761,10.406351480494337,0.004574037885689275,False
CDDP,CDDP-P002,LOGISTIC,21,8.0,3.0,False,0.0,False,True,,0.0,0.05828148718798174,4.0,,,-115.62685757216813,4.489478725663815,0.08813174135191136,False
CDDP,CDDP-P002,WEIBULL,21,8.0,3.0,False,0.0,False,True,,0.0,0.059150542265146475,4.0,,,-115.31603113261657,4.800305165215377,0.07544617861669876,False
CDDP,CDDP-P002,MONOTONE_SPLINE,21,,,,,,True,,,0.0480076929524959,3.7914545634403796,0.03162277660168379,0.004094261203837704,-120.11633629783195,0.0,0.8317834401415196,True
CDDP,CDDP-P003,EMAX,22,8.0,3.0,False,0.0,False,True,,0.0,0.1573987854371615,3.0,,,-102.68033248151893,15.953894214872463,0.00017733471492901998,False
CDDP,CDDP-P003,HILL,22,8.0,3.0,False,0.0,False,True,,0.0,0.09940572623194033,4.0,,,-110.79093627213986,7.843290424251535,0.01023267066458593,False
CDDP,CDDP-P003,LOGISTIC,22,8.0,3.0,False,0.0,False,True,,0.0,0.0725103058385307,4.0,,,-117.73151868387288,0.9027080125185165,0.32894047712058555,False
CDDP,CDDP-P003,WEIBULL,22,8.0,3.0,False,0.0,False,True,,0.0,0.07816185345799886,4.0,,,-116.0803522474651,2.553874448926294,0.14406917923754642,False
CDDP,CDDP-P003,MONOTONE_SPLINE,22,,,,,,True,,,0.06591554095926355,4.597545066468479,0.31622776601683794,0.005986865239990254,-118.6342266963914,0.0,0.5165803382623531,True
CDDP,CDDP-P004,EMAX,22,8.0,3.0,False,0.0,False,True,,0.0,0.5692076041012146,3.0,,,-74.40015515258494,7.407387817486253,0.007295695780128276,False
CDDP,CDDP-P004,HILL,22,8.0,3.0,False,0.0,False,True,,1.0,0.381004581631469,4.0,,,-81.2316993041454,0.5758436659258024,0.22208420924691366,False
CDDP,CDDP-P004,LOGISTIC,22,8.0,3.0,False,0.0,False,True,,7.0,0.38055130431620465,4.0,,,-81.25788806401818,0.5496549060530214,0.22501138722591008,False
CDDP,CDDP-P004,WEIBULL,22,8.0,3.0,False,0.0,False,True,,0.0,0.377004284220889,4.0,,,-81.46390598146921,0.3436369886019861,0.2494254242080995,False
CDDP,CDDP-P004,MONOTONE_SPLINE,22,,,,,,True,,,0.38205483192521406,3.6817980595616198,0.1,0.029619754636418874,-81.8075429700712,0.0,0.29618328353894857,True
CDDP,CDDP-P005,EMAX,20,8.0,2.0,False,0.0,False,True,,3.0,0.2619412386060498,3.0,,,-80.70734708118323,7.623611424260204,0.006483819898594562,False
CDDP,CDDP-P005,HILL,20,8.0,2.0,False,0.0,False,True,,0.0,0.17485461688305398,4.0,,,-86.79065369107519,1.5403048143682412,0.13577011602101874,False
CDDP,CDDP-P005,LOGISTIC,20,8.0,2.0,False,0.0,False,True,,0.0,0.16281415697503446,4.0,,,-88.21756286884641,0.11339563659701923,0.27711088170049936,False
CDDP,CDDP-P005,WEIBULL,20,8.0,2.0,False,0.0,False,True,,0.0,0.1622239891786296,4.0,,,-88.29019046064506,0.040768044798369374,0.28735877349951366,False
CDDP,CDDP-P005,MONOTONE_SPLINE,20,,,,,,True,,,0.14852453326826354,4.861894754727137,0.03162277660168379,0.017065467863316874,-88.33095850544343,0.0,0.2932764088803736,True
CDDP,CDDP-P006,EMAX,11,5.0,3.0,False,0.0,False,True,,2.0,0.20257278566829495,3.0,,,-37.9400642385799,6.946342130274068,0.01029512831389277,False
CDDP,CDDP-P006,HILL,11,5.0,3.0,False,0.0,False,True,,29.0,0.09685046027547876,4.0,,,-44.05730650429768,0.8290998645562908,0.2192673884682777,False
CDDP,CDDP-P006,LOGISTIC,11,5.0,3.0,False,0.0,False,True,,59.0,0.09685046023691093,4.0,,,-44.057306508678096,0.829099860175873,0.21926738894851908,False
CDDP,CDDP-P006,WEIBULL,11,5.0,3.0,False,0.0,False,True,,1.0,0.09685046022477013,4.0,,,-44.05730651005701,0.8290998587969582,0.21926738909969462,False
CDDP,CDDP-P006,MONOTONE_SPLINE,11,,,,,,True,,,0.09932518444041051,3.4466794778602305,0.1,0.028656790792225658,-44.88640636885397,0.0,0.33190270516961573,True
CDDP,CDDP-P007,EMAX,11,5.0,3.0,False,0.0,False,True,,0.0,0.09073175485494812,3.0,,,-46.77517462006698,26.643375842915177,1.638556058242135e-06,False
CDDP,CDDP-P007,HILL,11,5.0,3.0,False,0.0,False,True,,1.0,0.08636804447912227,4.0,,,-45.31736079944616,28.10118966353599,7.904985089137875e-07,False
CDDP,CDDP-P007,LOGISTIC,11,5.0,3.0,False,0.0,False,True,,63.0,0.07755567404054561,4.0,,,-46.501199484733064,26.91735097824909,1.428789859716499e-06,False
CDDP,CDDP-P007,WEIBULL,11,5.0,3.0,False,0.0,False,True,,0.0,0.06632771301557452,4.0,,,-48.22147022494424,25.197080238037913,3.376917138737364e-06,False
CDDP,CDDP-P007,MONOTONE_SPLINE,11,,,,,,True,,,0.005982927854279188,4.632797495946466,0.03162277660168379,0.0032297378524409424,-73.41855046298215,0.0,0.9999927652384344,True
CDDP,CDDP-P008,EMAX,9,5.0,1.0,False,0.0,False,True,,0.0,0.1061313021143731,3.0,,,-33.962725466120816,3.6680838791301227,0.10096084694668057,False
CDDP,CDDP-P008,HILL,9,5.0,1.0,False,0.0,False,True,,0.0,0.07985876443528249,4.0,,,-34.522482037935674,3.108327307315264,0.1335680483707862,False
CDDP,CDDP-P008,LOGISTIC,9,5.0,1.0,False,0.0,False,True,,38.0,0.14858650990354413,4.0,,,-28.93431258481398,8.696496760436958,0.008170469283288864,False
CDDP,CDDP-P008,WEIBULL,9,5.0,1.0,False,0.0,False,True,,0.0,0.08099035463831779,4.0,,,-34.395848085480544,3.234961259770394,0.12537310071961041,False
CDDP,CDDP-P008,MONOTONE_SPLINE,9,,,,,,True,,,0.08813184400940441,2.0022520379499977,10000.0,0.020655408995814462,-37.63080934525094,0.0,0.6319275346796339,True
CDDP,CDDP-P009,EMAX,9,4.0,3.0,False,0.0,False,True,,0.0,0.03036259561033292,3.0,,,-45.22591571730486,13.762641407841457,0.0002625579855635621,False
CDDP,CDDP-P009,HILL,9,4.0,3.0,False,0.0,False,True,,0.0,0.005268822180499979,4.0,,,-58.988557125146315,0.0,0.2557083097876809,True
CDDP,CDDP-P009,LOGISTIC,9,4.0,3.0,False,0.0,False,True,,0.0,0.005268822180499981,4.0,,,-58.9885571251463,1.4210854715202004e-14,0.25570830978767906,False
CDDP,CDDP-P009,WEIBULL,9,4.0,3.0,False,0.0,False,True,,0.0,0.005268822180499979,4.0,,,-58.988557125146315,0.0,0.2557083097876809,False
CDDP,CDDP-P009,MONOTONE_SPLINE,9,,,,,,True,,,0.005557874583147673,3.854323190640598,0.1,0.0038511845640178772,-58.79923043193551,0.18932669321080198,0.23261251265139565,False
CDDP,CDDP-P010,EMAX,15,5.0,3.0,False,0.0,False,True,,0.0,0.04532248459829562,3.0,,,-81.03003332981109,11.357536953656819,0.0019101960290896906,False
CDDP,CDDP-P010,HILL,15,5.0,3.0,False,0.0,False,True,,0.0,0.02093218699700154,4.0,,,-90.6177618710124,1.7698084124555038,0.2306889209549034,False
CDDP,CDDP-P010,LOGISTIC,15,5.0,3.0,False,0.0,False,True,,44.0,0.08856554608610169,4.0,,,-68.98093852694535,23.406631756522557,4.620087976166617e-06,False
CDDP,CDDP-P010,WEIBULL,15,5.0,3.0,False,0.0,False,True,,0.0,0.021216430595504692,4.0,,,-90.41544355743576,1.972126726032144,0.20849415007181363,False
CDDP,CDDP-P010,MONOTONE_SPLINE,15,,,,,,True,,,0.022306325901313723,2.6382286268244233,31.622776601683793,0.002617366083306774,-92.38757028346791,0.0,0.5589021128562172,True
CDDP,CDDP-P011,EMAX,15,5.0,3.0,False,0.0,False,True,,0.0,0.46675162651313606,3.0,,,-46.050123193583616,0.0,0.2876500718315913,True
CDDP,CDDP-P011,HILL,15,5.0,3.0,False,0.0,False,True,,5.0,0.4348652652246689,4.0,,,-45.111538481337924,0.9385847122456923,0.17990921398511395,False
CDDP,CDDP-P011,LOGISTIC,15,5.0,3.0,False,0.0,False,True,,13.0,0.4680259868609643,4.0,,,-44.00922487341402,2.040898320169596,0.1036785817024727,False
CDDP,CDDP-P011,WEIBULL,15,5.0,3.0,False,0.0,False,True,,11.0,0.43486526522415964,4.0,,,-45.11153848135549,0.9385847122281277,0.17990921398669396,False
CDDP,CDDP-P011,MONOTONE_SPLINE,15,,,,,,True,,,0.5217531481544699,2.3094028353870155,100.0,0.056524526623900916,-45.76035783384914,0.28976535973447426,0.2488529184941282,False
CDDP,CDDP-P012,EMAX,13,5.0,3.0,False,0.0,False,True,,0.0,0.10875133428446064,3.0,,,-56.18732906448076,37.4035261805163,6.727564457117912e-09,False
CDDP,CDDP-P012,HILL,13,5.0,3.0,False,0.0,False,True,,0.0,0.008297573806786971,4.0,,,-87.63763919850443,5.953216046492628,0.04541569243898218,False
CDDP,CDDP-P012,LOGISTIC,13,5.0,3.0,False,0.0,False,True,,0.0,0.00876785529614669,4.0,,,-86.92096133009237,6.669893914904691,0.031738128806195136,False
CDDP,CDDP-P012,WEIBULL,13,5.0,3.0,False,0.0,False,True,,0.0,0.00876785666933162,4.0,,,-86.92095929408674,6.669895950910316,0.03173809649670718,False
CDDP,CDDP-P012,MONOTONE_SPLINE,13,,,,,,True,,,0.004788217793537393,4.597123733169146,0.01,0.001444696301291086,-93.59085524499706,0.0,0.8911080755305509,True
CDDP,CDDP-P013,EMAX,12,4.0,0.0,False,0.0,False,True,,0.0,0.0322997396657689,3.0,,,-65.01123310148787,11.196851541608453,0.0036415656288483087,False
CDDP,CDDP-P013,HILL,12,4.0,0.0,False,0.0,False,True,,27.0,0.024506957422030348,4.0,,,-66.32445850148468,9.883626141611643,0.007021847829587076,False
CDDP,CDDP-P013,LOGISTIC,12,4.0,0.0,False,0.0,False,True,,53.0,0.04602882254207038,4.0,,,-58.76072981796307,17.44735482513326,0.00015995896989788076,False
CDDP,CDDP-P013,WEIBULL,12,4.0,0.0,False,0.0,False,True,,62.0,0.025192805020442886,4.0,,,-65.99324188098082,10.21484276211551,0.005950159921363564,False
CDDP,CDDP-P013,MONOTONE_SPLINE,12,,,,,,True,,,0.01099576752881401,3.866866679187414,0.1,0.00304167180010631,-76.20808464309633,0.0,0.9832264676503032,True
CDDP,CDDP-P014,EMAX,15,5.0,3.0,False,0.0,False,True,,2.0,0.06843049244703057,3.0,,,-74.84980438176214,0.15726782472414413,0.2746727970633799,False
CDDP,CDDP-P014,HILL,15,5.0,3.0,False,0.0,False,True,,0.0,0.06542822638038423,4.0,,,-73.52277578052446,1.4842964259618299,0.14146696964717473,False
CDDP,CDDP-P014,LOGISTIC,15,5.0,3.0,False,0.0,False,True,,13.0,0.0651984110804923,4.0,,,-73.57555572069685,1.4315164857894302,0.1452499759078396,False
CDDP,CDDP-P014,WEIBULL,15,5.0,3.0,False,0.0,False,True,,1.0,0.06542822638065196,4.0,,,-73.52277578046308,1.4842964260232065,0.14146696964283334,False
CDDP,CDDP-P014,MONOTONE_SPLINE,15,,,,,,True,,,0.06230037249888855,3.6252494607075736,0.31622776601683794,0.009487492297931353,-75.00707220648628,0.0,0.2971432877387724,True
CDDP,CDDP-P015,EMAX,18,6.0,0.0,False,0.0,False,True,,0.0,0.3463487015063504,3.0,,,-65.11225730693005,0.9688129257520472,0.22301194060643598,False
CDDP,CDDP-P015,HILL,18,6.0,0.0,False,0.0,False,True,,5.0,0.3350880421651879,4.0,,,-63.70720708868157,2.3738631440005236,0.11046516321433758,False
CDDP,CDDP-P015,LOGISTIC,18,6.0,0.0,False,0.0,False,True,,0.0,0.3215952087651888,4.0,,,-64.44700116044791,1.6340690722341833,0.15990777488934557,False
CDDP,CDDP-P015,WEIBULL,18,6.0,0.0,False,0.0,False,True,,0.0,0.3252061280601704,4.0,,,-64.24602067735711,1.8350495553249857,0.1446196222261085,False
CDDP,CDDP-P015,MONOTONE_SPLINE,18,,,,,,True,,,0.3667169798988867,2.0012948080656443,10000.0,0.028577217580931114,-66.0810702326821,0.0,0.3619954990637724,True
CDDP,CDDP-P016,EMAX,21,8.0,3.0,False,0.0,False,True,,0.0,0.25733758456245576,3.0,,,-86.43966763846349,32.87492096207991,7.265742384424042e-08,False
CDDP,CDDP-P016,HILL,21,8.0,3.0,False,0.0,False,True,,0.0,0.17073424364231804,4.0,,,-93.05555949713286,26.25902910341054,1.9856498116074764e-06,False
CDDP,CDDP-P016,LOGISTIC,21,8.0,3.0,False,0.0,False,True,,0.0,0.128550841800773,4.0,,,-99.01501792627138,20.29957067427202,3.90825250002809e-05,False
CDDP,CDDP-P016,WEIBULL,21,8.0,3.0,False,0.0,False,True,,7.0,0.1484185036508712,4.0,,,-95.99707582748697,23.317512773056436,8.642607979576592e-06,False
CDDP,CDDP-P016,MONOTONE_SPLINE,21,,,,,,True,,,0.04450891623920053,4.986881617846052,0.001,0.004756325210595028,-119.3145886005434,0.0,0.9999502165597847,True
CDDP,CDDP-P017,EMAX,21,8.0,3.0,False,0.0,False,True,,0.0,0.48478237173434735,3.0,,,-73.14013053545904,0.7752195252647169,0.16310850306633728,False
CDDP,CDDP-P017,HILL,21,8.0,3.0,False,0.0,False,True,,1.0,0.43921477970226996,4.0,,,-73.2130726888518,0.7022773718719577,0.1691670552063454,False
CDDP,CDDP-P017,LOGISTIC,21,8.0,3.0,False,0.0,False,True,,1.0,0.42476953932359685,4.0,,,-73.91535006072375,0.0,0.2403329863765144,True
CDDP,CDDP-P017,WEIBULL,21,8.0,3.0,False,0.0,False,True,,3.0,0.4295436350149928,4.0,,,-73.68064209610881,0.23470796461494103,0.21372099926524432,False
CDDP,CDDP-P017,MONOTONE_SPLINE,21,,,,,,True,,,0.43345205359596195,3.9051290322263923,1.0,0.037727651927405445,-73.68016905735908,0.23518100336467285,0.21367045608555862,False
CDDP,CDDP-P018,EMAX,21,8.0,3.0,False,0.0,False,True,,0.0,0.16455508995417925,3.0,,,-95.82967849374423,4.184829502165513,0.08663951577656795,False
CDDP,CDDP-P018,HILL,21,8.0,3.0,False,0.0,False,True,,1.0,0.16341742910524487,4.0,,,-93.97536736864156,6.039140627268182,0.03428131491973872,False
CDDP,CDDP-P018,LOGISTIC,21,8.0,3.0,False,0.0,False,True,,56.0,0.1704926639037168,4.0,,,-93.08529440517229,6.929213590737447,0.021967497387848613,False
CDDP,CDDP-P018,WEIBULL,21,8.0,3.0,False,0.0,False,True,,0.0,0.14154873003758267,4.0,,,-96.99230721735819,3.02220077855155,0.15494502484257694,False
CDDP,CDDP-P018,MONOTONE_SPLINE,21,,,,,,True,,,0.11591463401563881,4.58669495888117,0.31622776601683794,0.011453133174434521,-100.01450799590974,0.0,0.7021666470732679,True
CDDP_A,CDDPA-P001,EMAX,14,8.0,3.0,False,0.0,False,True,,0.0,0.02685755183366891,3.0,,,-81.5877179392506,10.974586847060678,0.0018068477946523271,False
CDDP_A,CDDPA-P001,HILL,14,8.0,3.0,False,0.0,False,True,,0.0,0.01615955962076123,4.0,,,-86.70021129892798,5.862093487383291,0.02328549086473702,False
CDDP_A,CDDPA-P001,LOGISTIC,14,8.0,3.0,False,0.0,False,True,,44.0,0.011054255894967079,4.0,,,-92.01595948286068,0.5463453034505932,0.33218915442064834,False
CDDP_A,CDDPA-P001,WEIBULL,14,8.0,3.0,False,0.0,False,True,,0.0,0.010631176229848004,4.0,,,-92.56230478631127,0.0,0.43653877398796637,True
CDDP_A,CDDPA-P001,MONOTONE_SPLINE,14,,,,,,True,,,0.013708214832685424,2.9706978576134015,1.0,0.001981656810040612,-91.06204694175415,1.500257844557126,0.20617973293199596,False
CDDP_A,CDDPA-P002,EMAX,11,7.0,0.0,False,0.0,False,True,,2.0,0.12722459491188923,3.0,,,-43.056662196738316,3.330613642345888,0.07923945633782997,False
CDDP_A,CDDPA-P002,HILL,11,7.0,0.0,False,0.0,False,True,,3.0,0.09260076394288383,4.0,,,-44.55088476263178,1.836391076452422,0.16726604753578656,False
CDDP_A,CDDPA-P002,LOGISTIC,11,7.0,0.0,False,0.0,False,True,,14.0,0.09260076398868626,4.0,,,-44.550884757190936,1.836391081893268,0.16726604708075216,False
CDDP_A,CDDPA-P002,WEIBULL,11,7.0,0.0,False,0.0,False,True,,0.0,0.0926007639426499,4.0,,,-44.550884762659564,1.8363910764246398,0.16726604753811009,False
CDDP_A,CDDPA-P002,MONOTONE_SPLINE,11,,,,,,True,,,0.09549133441632607,2.9127448417459894,1.0,0.0219216747181023,-46.387275839084204,0.0,0.4189624015075211,True
CDDP_A,CDDPA-P003,EMAX,21,8.0,3.0,False,0.0,False,True,,3.0,0.7057499627229822,3.0,,,-65.25335075021047,34.392626835403235,1.063486837574902e-08,False
CDDP_A,CDDPA-P003,HILL,21,8.0,3.0,False,0.0,False,True,,1.0,0.12474588948357343,4.0,,,-99.64597758561371,0.0,0.31260516225940055,True
CDDP_A,CDDPA-P003,LOGISTIC,21,8.0,3.0,False,0.0,False,True,,0.0,0.12474589188339764,4.0,,,-99.64597718162197,4.039917342879562e-07,0.3126050991144561,False
CDDP_A,CDDPA-P003,WEIBULL,21,8.0,3.0,False,0.0,False,True,,1.0,0.12474589188362856,4.0,,,-99.6459771815831,4.040306009756023e-07,0.3126050991083812,False
CDDP_A,CDDPA-P003,MONOTONE_SPLINE,21,,,,,,True,,,0.16154902901120521,2.900269160375611,0.01,0.011822686032657629,-96.41631141229186,3.2296661733218457,0.06218462888289386,False
CDDP_A,CDDPA-P004,EMAX,18,8.0,2.0,False,0.0,False,True,,0.0,0.05312301362284942,3.0,,,-98.85930241730671,22.112902965760256,1.5767776397664492e-05,False
CDDP_A,CDDPA-P004,HILL,18,8.0,2.0,False,0.0,False,True,,0.0,0.046447390538952305,4.0,,,-99.27652151880395,21.695683864263017,1.9425331072375374e-05,False
CDDP_A,CDDPA-P004,LOGISTIC,18,8.0,2.0,False,0.0,False,True,,4.0,0.03811627791801431,4.0,,,-102.83474087280757,18.13746451025939,0.00011508691398966577,False
CDDP_A,CDDPA-P004,WEIBULL,18,8.0,2.0,False,0.0,False,True,,0.0,0.030183910612413024,4.0,,,-107.0347242815833,13.93748110148367,0.0009398114980086608,False
CDDP_A,CDDPA-P004,MONOTONE_SPLINE,18,,,,,,True,,,0.014265954471704633,3.7761576081775345,0.0031622776601683794,0.0015887345017466137,-120.97220538306696,0.0,0.9989099084805317,True
CDDP_A,CDDPA-P005,EMAX,12,7.0,0.0,False,0.0,False,True,,0.0,0.016477930026226925,3.0,,,-73.08768020858979,11.886157375819224,0.000949611399207548,False
CDDP_A,CDDPA-P005,HILL,12,7.0,0.0,False,0.0,False,True,,0.0,0.0074161549272758805,4.0,,,-80.66801451731263,4.305823067096384,0.04203340767019711,False
CDDP_A,CDDPA-P005,LOGISTIC,12,7.0,0.0,False,0.0,False,True,,0.0,0.005180192045833528,4.0,,,-84.97383758440901,0.0,0.36190301312008255,True
CDDP_A,CDDPA-P005,WEIBULL,12,7.0,0.0,False,0.0,False,True,,0.0,0.005180358690781424,4.0,,,-84.97345155485792,0.00038602955109467985,0.36183316723209635,False
CDDP_A,CDDPA-P005,MONOTONE_SPLINE,12,,,,,,True,,,0.006243210640292665,3.3192187016604193,0.31622776601683794,0.0013856355580550656,-84.09557083296511,0.8782667514439026,0.23328080057841646,False
CDDP_A,CDDPA-P006,EMAX,18,7.0,0.0,False,0.0,False,True,,0.0,0.044385900663866704,3.0,,,-102.09369306875243,17.0546790969436,6.593449904992807e-05,False
CDDP_A,CDDPA-P006,HILL,18,7.0,0.0,False,0.0,False,True,,0.0,0.016015368724110055,4.0,,,-118.44240814738063,0.7059640183153988,0.23398665198408428,False
CDDP_A,CDDPA-P006,LOGISTIC,18,7.0,0.0,False,0.0,False,True,,0.0,0.01615313018810378,4.0,,,-118.28823735328153,0.8601348124145005,0.21662736682352213,False
CDDP_A,CDDPA-P006,WEIBULL,18,7.0,0.0,False,0.0,False,True,,0.0,0.016155964685236838,4.0,,,-118.28507905072146,0.8632931149745673,0.2162855494016552,False
CDDP_A,CDDPA-P006,MONOTONE_SPLINE,18,,,,,,True,,,0.015414941863394233,3.9909216399548777,0.001,0.0018008651713289903,-119.14837216569603,0.0,0.3330344972916885,True
CDDP_A,CDDPA-P007,EMAX,21,8.0,3.0,False,0.0,False,True,,0.0,0.11729843030552302,3.0,,,-102.93868320332062,19.394006045726854,5.7268934067977555e-05,False
CDDP_A,CDDPA-P007,HILL,21,8.0,3.0,False,0.0,False,True,,0.0,0.06171206516195872,4.0,,,-114.42576344605737,7.906925802990102,0.01787750388443382,False
CDDP_A,CDDPA-P007,LOGISTIC,21,8.0,3.0,False,0.0,False,True,,37.0,0.21050875422823326,4.0,,,-88.6577600099711,33.67492923907638,4.537911586056247e-08,False
CDDP_A,CDDPA-P007,WEIBULL,21,8.0,3.0,False,0.0,False,True,,0.0,0.055914707721366995,4.0,,,-116.4974555321247,5.835233716922772,0.0503696695485524,False
CDDP_A,CDDPA-P007,MONOTONE_SPLINE,21,,,,,,True,,,0.03848148601579679,5.005710350161728,0.31622776601683794,0.0041277291686465075,-122.33268924904748,0.0,0.9316955122538298,True
CDDP_A,CDDPA-P008,EMAX,21,8.0,3.0,False,0.0,False,True,,2.0,0.7367230830059454,3.0,,,-64.35137824109285,20.191272494309302,4.1243510073763674e-05,False
CDDP_A,CDDPA-P008,HILL,21,8.0,3.0,False,0.0,False,True,,58.0,0.6084535644604928,4.0,,,-66.36849949220233,18.174151243199816,0.00011307534816394486,False
CDDP_A,CDDPA-P008,LOGISTIC,21,8.0,3.0,False,0.0,False,True,,32.0,0.6084535644200644,4.0,,,-66.36849949359767,18.17415124180448,0.00011307534824283387,False
CDDP_A,CDDPA-P008,WEIBULL,21,8.0,3.0,False,0.0,False,True,,17.0,0.6084535642491483,4.0,,,-66.36849949949662,18.174151235905526,0.00011307534857634702,False
CDDP_A,CDDPA-P008,MONOTONE_SPLINE,21,,,,,,True,,,0.26272039382377366,3.7311422421869107,0.03162277660168379,0.02216650462577755,-84.54265073540215,0.0,0.9996195304449431,True
CDDP_A,CDDPA-P009,EMAX,15,6.0,0.0,False,0.0,False,True,,0.0,0.08045356525835694,3.0,,,-72.421879367677,1.13914259774441,0.21128705983221815,False
CDDP_A,CDDPA-P009,HILL,15,6.0,0.0,False,0.0,False,True,,0.0,0.07448737217441297,4.0,,,-71.57763805120517,1.9833839142162333,0.13853140125241173,False
CDDP_A,CDDPA-P009,LOGISTIC,15,6.0,0.0,False,0.0,False,True,,31.0,0.0744992910439182,4.0,,,-71.57523806399695,1.9857839014244547,0.13836526415860156,False
CDDP_A,CDDPA-P009,WEIBULL,15,6.0,0.0,False,0.0,False,True,,0.0,0.07449934863128872,4.0,,,-71.5752264691185,1.9857954963028988,0.1383644619967174,False
CDDP_A,CDDPA-P009,MONOTONE_SPLINE,15,,,,,,True,,,0.07785372291309897,2.6767922272492086,3.1622776601683795,0.009223023277773199,-73.5610219654214,0.0,0.3734518127600511,True
CDDP_A,CDDPA-P010,EMAX,11,5.0,3.0,False,0.0,False,True,,0.0,0.12439272590194418,3.0,,,-43.30427531306319,1.471505139213555,0.24195230302919776,False
CDDP_A,CDDPA-P010,HILL,11,5.0,3.0,False,0.0,False,True,,3.0,0.12439211212935303,4.0,,,-41.30432958886678,3.471450863409963,0.08901169358634725,False
CDDP_A,CDDPA-P010,LOGISTIC,11,5.0,3.0,False,0.0,False,True,,57.0,0.12650828064300174,4.0,,,-41.11877064739534,3.6570098048814046,0.08112476505845276,False
CDDP_A,CDDPA-P010,WEIBULL,11,5.0,3.0,False,0.0,False,True,,1.0,0.1259991423085515,4.0,,,-41.16312997119904,3.6126504810777007,0.08294418741951465,False
CDDP_A,CDDPA-P010,MONOTONE_SPLINE,11,,,,,,True,,,0.10708261684834816,3.088384197307295,3.1622776601683795,0.026426819698726723,-44.77578045227674,0.0,0.5049670509064876,True
CDDP_A,CDDPA-P011,EMAX,9,5.0,1.0,False,0.0,False,True,,0.0,0.06099724826129381,3.0,,,-38.94735993269831,1.2570453814468863,0.23780303629063318,False
CDDP_A,CDDPA-P011,HILL,9,5.0,1.0,False,0.0,False,True,,0.0,0.05187025271653037,4.0,,,-38.4061095626802,1.7982957514649982,0.18142050475334182,False
CDDP_A,CDDPA-P011,LOGISTIC,9,5.0,1.0,False,0.0,False,True,,3.0,0.09363792440844834,4.0,,,-33.089899416330006,7.114505897815192,0.012714111193698616,False
CDDP_A,CDDPA-P011,WEIBULL,9,5.0,1.0,False,0.0,False,True,,0.0,0.05662905118378935,4.0,,,-37.61611957890761,2.5882857352375908,0.12221998485282898,False
CDDP_A,CDDPA-P011,MONOTONE_SPLINE,9,,,,,,True,,,0.06346431412254332,2.1930567511364196,100.0,0.01624439894834462,-40.2044053141452,0.0,0.44584236290949725,True
CDDP_A,CDDPA-P012,EMAX,11,5.0,3.0,False,0.0,False,True,,2.0,0.19113637618640644,3.0,,,-38.57929703778787,28.844353783727726,5.451630354994425e-07,False
CDDP_A,CDDPA-P012,HILL,11,5.0,3.0,False,0.0,False,True,,1.0,0.13418802965024745,4.0,,,-40.47049381964341,26.953157001872185,1.4034423071726728e-06,False
CDDP_A,CDDPA-P012,LOGISTIC,11,5.0,3.0,False,0.0,False,True,,1.0,0.20111861227581931,4.0,,,-36.019312776377234,31.40433804513836,1.5157685149535214e-07,False
CDDP_A,CDDPA-P012,WEIBULL,11,5.0,3.0,False,0.0,False,True,,0.0,0.12643110057418733,4.0,,,-41.12548356635023,26.29816725516536,1.9472592730485955e-06,False
CDDP_A,CDDPA-P012,MONOTONE_SPLINE,11,,,,,,True,,,0.013884677186724129,2.999930331209057,3.162277660168379e-06,0.0033029210146704865,-67.4236508215156,0.0,0.9999959525585328,True
CDDP_A,CDDPA-P013,EMAX,15,5.0,3.0,False,0.0,False,True,,0.0,0.007514477050198719,3.0,,,-107.98461070148954,0.0,0.4325419160568719,True
CDDP_A,CDDPA-P013,HILL,15,5.0,3.0,False,0.0,False,True,,0.0,0.007506838552588437,4.0,,,-105.9998660196068,1.984744681882745,0.16034165726006216,False
CDDP_A,CDDPA-P013,LOGISTIC,15,5.0,3.0,False,0.0,False,True,,26.0,0.010200163360704511,4.0,,,-101.40102616250543,6.5835845389841126,0.016084996899315654,False
CDDP_A,CDDPA-P013,WEIBULL,15,5.0,3.0,False,0.0,False,True,,0.0,0.007398527855726884,4.0,,,-106.2178665712057,1.7667441302838398,0.1788070286826476,False
CDDP_A,CDDPA-P013,MONOTONE_SPLINE,15,,,,,,True,,,0.007241956842743046,3.9890848864957626,0.0031622776601683794,0.0012254076989113797,-106.56054064790146,1.424070053588082,0.2122244011011028,False
CDDP_A,CDDPA-P014,EMAX,14,5.0,2.0,False,0.0,False,True,,3.0,0.23293595640062195,3.0,,,-51.34468681266429,22.03352646080829,1.5706953122613998e-05,False
CDDP_A,CDDPA-P014,HILL,14,5.0,2.0,False,0.0,False,True,,41.0,0.07181639088494449,4.0,,,-65.81779822606993,7.560415047402657,0.021821678801162366,False
CDDP_A,CDDPA-P014,LOGISTIC,14,5.0,2.0,False,0.0,False,True,,26.0,0.25699191431013796,4.0,,,-47.96875180435513,25.409461469117453,2.904136163763854e-06,False
CDDP_A,CDDPA-P014,WEIBULL,14,5.0,2.0,False,0.0,False,True,,29.0,0.07181639088502238,4.0,,,-65.81779822605475,7.560415047417834,0.02182167880099677,False
CDDP_A,CDDPA-P014,MONOTONE_SPLINE,14,,,,,,True,,,0.04179020692144693,4.009947428103657,0.00031622776601683794,0.008319269969062425,-73.37821327347258,0.0,0.9563380313085544,True
CDDP_A,CDDPA-P015,EMAX,11,5.0,3.0,False,0.0,False,True,,0.0,0.02512368545810377,3.0,,,-60.9002345753003,22.180874979211282,1.5248606578512412e-05,False
CDDP_A,CDDPA-P015,HILL,11,5.0,3.0,False,0.0,False,True,,32.0,0.012307093596505416,4.0,,,-66.7502221452291,16.330887409282482,0.00028414421595807175,False
CDDP_A,CDDPA-P015,LOGISTIC,11,5.0,3.0,False,0.0,False,True,,39.0,0.03308991110167061,4.0,,,-55.87064328053616,27.210466273975427,1.2332987371089088e-06,False
CDDP_A,CDDPA-P015,WEIBULL,11,5.0,3.0,False,0.0,False,True,,25.0,0.012307093607411553,4.0,,,-66.75022213548127,16.33088741903032,0.0002841442145731761,False
CDDP_A,CDDPA-P015,MONOTONE_SPLINE,11,,,,,,True,,,0.0033447118349802457,2.9999302771899963,3.162277660168379e-06,0.0007956482252689818,-83.08110955451158,0.0,0.9994152296641531,True
CDDP_A,CDDPA-P016,EMAX,12,4.0,0.0,False,0.0,False,True,,0.0,0.0020630047536145018,3.0,,,-98.02198068551385,0.7485420188233292,0.24639382361004167,False
CDDP_A,CDDPA-P016,HILL,12,4.0,0.0,False,0.0,False,True,,0.0,0.0019382494871259034,4.0,,,-96.77052027112029,2.000002433216892,0.1317888416994758,False
CDDP_A,CDDPA-P016,LOGISTIC,12,4.0,0.0,False,0.0,False,True,,0.0,0.0019382494848342734,4.0,,,-96.77052028530812,2.000002419029059,0.13178884263437488,False
CDDP_A,CDDPA-P016,WEIBULL,12,4.0,0.0,False,0.0,False,True,,0.0,0.001938249484836076,4.0,,,-96.77052028529695,2.0000024190402286,0.13178884263363883,False
CDDP_A,CDDPA-P016,MONOTONE_SPLINE,12,,,,,,True,,,0.0019382494848570594,2.9999987904149332,1e-06,0.0003822975627711988,-98.77052270433718,0.0,0.35823964942246883,True
CDDP_A,CDDPA-P017,EMAX,15,5.0,3.0,False,0.0,False,True,,0.0,0.050996631820741545,3.0,,,-79.26068838407244,4.587216764843916,0.030718661150084373,False
CDDP_A,CDDPA-P017,HILL,15,5.0,3.0,False,0.0,False,True,,0.0,0.033444047628633886,4.0,,,-83.58897486499971,0.25893028391664075,0.2674716462629161,False
CDDP_A,CDDPA-P017,LOGISTIC,15,5.0,3.0,False,0.0,False,True,,0.0,0.032871690081247545,4.0,,,-83.84790514891635,0.0,0.3044414259998357,True
CDDP_A,CDDPA-P017,WEIBULL,15,5.0,3.0,False,0.0,False,True,,0.0,0.0330320244180583,4.0,,,-83.77491928414742,0.07298586476893831,0.29353173955723055,False
CDDP_A,CDDPA-P017,MONOTONE_SPLINE,15,,,,,,True,,,0.03676821748383305,4.235495801479599,1.0,0.006703783324921636,-81.69658334811915,2.1513218007972057,0.10383652702993335,False
CDDP_A,CDDPA-P018,EMAX,9,4.0,3.0,False,0.0,False,True,,1.0,0.21812011007072624,3.0,,,-27.479405834641334,3.961042176449446,0.05886858725535787,False
CDDP_A,CDDPA-P018,HILL,9,4.0,3.0,False,0.0,False,True,,5.0,0.11247239964904888,4.0,,,-31.440448011040218,5.056222107668873e-11,0.4265922816871789,False
CDDP_A,CDDPA-P018,LOGISTIC,9,4.0,3.0,False,0.0,False,True,,54.0,0.2624547896203028,4.0,,,-23.814109172240787,7.626338838849993,0.009418344159125243,False
CDDP_A,CDDPA-P018,WEIBULL,9,4.0,3.0,False,0.0,False,True,,13.0,0.11247239964841704,4.0,,,-31.44044801109078,0.0,0.4265922816979636,True
CDDP_A,CDDPA-P018,MONOTONE_SPLINE,9,,,,,,True,,,0.25538076328070225,2.0021520851356316,10000.0,0.059850737815631404,-28.055713949431563,3.3847340616592163,0.0785285052003744,False
ETO,ETO-P001,EMAX,10,5.0,2.0,False,0.0,False,True,,0.0,0.0431700390042091,3.0,,,-48.45193658906562,0.37300523552539033,0.29424943986380414,False
ETO,ETO-P001,HILL,10,5.0,2.0,False,0.0,False,True,,0.0,0.04261380781161683,4.0,,,-46.58162044185418,2.2433213827368306,0.11549991210044046,False
ETO,ETO-P001,LOGISTIC,10,5.0,2.0,False,0.0,False,True,,41.0,0.04401646972490401,4.0,,,-46.257764961655184,2.567176862935824,0.09823298242007018,False
ETO,ETO-P001,WEIBULL,10,5.0,2.0,False,0.0,False,True,,0.0,0.04115709644677298,4.0,,,-46.92944006579932,1.8955017587916885,0.137438917343072,False
ETO,ETO-P001,MONOTONE_SPLINE,10,,,,,,True,,,0.05076978997529796,2.0027234867692405,10000.0,0.009803936095100042,-48.82494182459101,0.0,0.3545787482726132,True
ETO,ETO-P002,EMAX,13,5.0,3.0,False,0.0,False,True,,0.0,0.044586689731538454,3.0,,,-67.7785003601267,10.67030653089229,0.0021557204419554604,False
ETO,ETO-P002,HILL,13,5.0,3.0,False,0.0,False,True,,0.0,0.01682383135130201,4.0,,,-78.44880689101899,0.0,0.44732179947553946,True
ETO,ETO-P002,LOGISTIC,13,5.0,3.0,False,0.0,False,True,,37.0,0.06837372811723925,4.0,,,-60.220307706857355,18.228499184161635,4.9243822675646826e-05,False
ETO,ETO-P002,WEIBULL,13,5.0,3.0,False,0.0,False,True,,0.0,0.016824440431035453,4.0,,,-78.44833625546381,0.00047063555517468103,0.44721654908794983,False
ETO,ETO-P002,MONOTONE_SPLINE,13,,,,,,True,,,0.020474071609317513,4.189701580355522,1.0,0.005229142712547095,-75.51668639421366,2.932120496805325,0.10325668717187969,False
ETO,ETO-P003,EMAX,14,5.0,2.0,False,0.0,False,True,,0.0,0.17769659736098453,3.0,,,-55.134290305787,1.1287941373502122,0.17853398474963691,False
ETO,ETO-P003,HILL,14,5.0,2.0,False,0.0,False,True,,0.0,0.15523033701420919,4.0,,,-55.02663569296861,1.2364487501685986,0.16917804269462738,False
ETO,ETO-P003,LOGISTIC,14,5.0,2.0,False,0.0,False,True,,1.0,0.15523033701420935,4.0,,,-55.0266356929686,1.2364487501686128,0.16917804269462622,False
ETO,ETO-P003,WEIBULL,14,5.0,2.0,False,0.0,False,True,,9.0,0.1552303370142618,4.0,,,-55.02663569296387,1.2364487501733379,0.1691780426942265,False
ETO,ETO-P003,MONOTONE_SPLINE,14,,,,,,True,,,0.18900685915277932,2.0036628951098634,10000.0,0.021113845554598214,-56.26308444313721,0.0,0.31393188716688303,True
ETO,ETO-P004,EMAX,11,5.0,3.0,False,0.0,False,True,,0.0,0.021209265476189152,3.0,,,-62.76333656299545,7.934656623006987,0.0168973194221804,False
ETO,ETO-P004,HILL,11,5.0,3.0,False,0.0,False,True,,9.0,0.014974510145236819,4.0,,,-64.59231231799153,6.105680868010907,0.042167208649907834,False
ETO,ETO-P004,LOGISTIC,11,5.0,3.0,False,0.0,False,True,,38.0,0.02143771166403751,4.0,,,-60.64548848698182,10.052504699020616,0.005860476751960721,False
ETO,ETO-P004,WEIBULL,11,5.0,3.0,False,0.0,False,True,,14.0,0.014974509788023692,4.0,,,-64.59231258039372,6.105680605608711,0.04216721418229227,False
ETO,ETO-P004,MONOTONE_SPLINE,11,,,,,,True,,,0.008596028752096748,3.9999296620055116,3.162277660168379e-06,0.003242553763776486,-70.69799318600244,0.0,0.8929077809936588,True
ETO,ETO-P005,EMAX,12,4.0,0.0,False,0.0,False,True,,5.0,0.3501797547413154,3.0,,,-36.41058385381339,6.147431777819371,0.02820723348564379,False
ETO,ETO-P005,HILL,12,4.0,0.0,False,0.0,False,True,,57.0,0.23266203011412578,4.0,,,-39.31690051300825,3.2411151186245135,0.1206310581293989,False
ETO,ETO-P005,LOGISTIC,12,4.0,0.0,False,0.0,False,True,,0.0,0.23266203011408065,4.0,,,-39.31690051301058,3.241115118622183,0.12063105812953948,False
ETO,ETO-P005,WEIBULL,12,4.0,0.0,False,0.0,False,True,,60.0,0.2326620301137324,4.0,,,-39.31690051302854,3.2411151186042204,0.12063105813062289,False
ETO,ETO-P005,MONOTONE_SPLINE,12,,,,,,True,,,0.2141303378382792,2.87745444715246,0.31622776601683794,0.04043639203996796,-42.55801563163276,0.0,0.6098995921247949,True
ETO,ETO-P006,EMAX,8,5.0,1.0,False,0.0,False,True,,0.0,0.013810617534877143,3.0,,,-44.894073101917165,10.709291846342957,0.0034770542727169357,False
ETO,ETO-P006,HILL,8,5.0,1.0,False,0.0,False,True,,0.0,0.004222940240479491,4.0,,,-52.37332156619346,3.230043382066661,0.1463220031380007,False
ETO,ETO-P006,LOGISTIC,8,5.0,1.0,False,0.0,False,True,,20.0,0.005353077024013396,4.0,,,-50.47620224328772,5.127162704972399,0.056670286891017836,False
ETO,ETO-P006,WEIBULL,8,5.0,1.0,False,0.0,False,True,,0.0,0.005326172037249463,4.0,,,-50.51651225914571,5.086852689114409,0.05782406511985064,False
ETO,ETO-P006,MONOTONE_SPLINE,8,,,,,,True,,,0.0023576816187581614,4.716389723446368,0.1,0.009663813002519306,-55.60336494826012,0.0,0.7357065905784139,True
ETO,ETO-P007,EMAX,15,5.0,3.0,False,0.0,False,True,,0.0,0.016558402286020277,3.0,,,-96.13367724141816,8.742470105404848,0.005956498472554255,False
ETO,ETO-P007,HILL,15,5.0,3.0,False,0.0,False,True,,0.0,0.009239192085649424,4.0,,,-102.8852655230738,1.9908818237492056,0.1742126961992743,False
ETO,ETO-P007,LOGISTIC,15,5.0,3.0,False,0.0,False,True,,60.0,0.009239191057999993,4.0,,,-102.88526719148183,1.9908801553411735,0.17421284152826572,False
ETO,ETO-P007,WEIBULL,15,5.0,3.0,False,0.0,False,True,,0.0,0.009239191057999993,4.0,,,-102.88526719148183,1.9908801553411735,0.17421284152826572,False
ETO,ETO-P007,MONOTONE_SPLINE,15,,,,,,True,,,0.00926063968178912,2.987168979378724,0.03162277660168379,0.0011869740597392087,-104.876147346823,0.0,0.47140512227164,True
ETO,ETO-P008,EMAX,11,5.0,3.0,False,0.0,False,True,,0.0,0.24058553283451778,3.0,,,-36.0483236753814,10.199154247074361,0.005453337014969331,False
ETO,ETO-P008,HILL,11,5.0,3.0,False,0.0,False,True,,47.0,0.1442107185291863,4.0,,,-39.6781249856901,6.569352936765661,0.03348603120035686,False
ETO,ETO-P008,LOGISTIC,11,5.0,3.0,False,0.0,False,True,,14.0,0.1442107185268455,4.0,,,-39.678124985868656,6.5693529365871015,0.03348603120334649,False
ETO,ETO-P008,WEIBULL,11,5.0,3.0,False,0.0,False,True,,2.0,0.14421071852765482,4.0,,,-39.67812498580692,6.569352936648841,0.033486031202312784,False
ETO,ETO-P008,MONOTONE_SPLINE,11,,,,,,True,,,0.09531918949200083,2.992567753113425,0.01,0.022606177275030302,-46.24747792245576,0.0,0.8940885693790145,True
ETO,ETO-P009,EMAX,15,5.0,3.0,False,0.0,False,True,,0.0,0.03808180991633991,3.0,,,-83.64103112962523,0.0,0.289272677976838,True
ETO,ETO-P009,HILL,15,5.0,3.0,False,0.0,False,True,,10.0,0.03463199882161653,4.0,,,-83.06541105955787,0.5756200700673588,0.21692674819974517,False
ETO,ETO-P009,LOGISTIC,15,5.0,3.0,False,0.0,False,True,,27.0,0.038306953144447854,4.0,,,-81.55261084200176,2.088420287623478,0.1018152220457183,False
ETO,ETO-P009,WEIBULL,15,5.0,3.0,False,0.0,False,True,,2.0,0.03463199882158324,4.0,,,-83.0654110595723,0.5756200700529348,0.21692674820130964,False
ETO,ETO-P009,MONOTONE_SPLINE,15,,,,,,True,,,0.03987204407108243,3.157708792473927,10.0,0.005343840329224537,-82.63653318914072,1.0044979404845122,0.1750586035763889,False
ETO,ETO-P010,EMAX,21,8.0,3.0,False,0.0,False,True,,19.0,0.5434411915631591,3.0,,,-70.74148060308121,5.720993007971032,0.026504374687990245,False
ETO,ETO-P010,HILL,21,8.0,3.0,False,0.0,False,True,,6.0,0.4138894138821363,4.0,,,-74.46025679056613,2.0022168204861117,0.1701529767541379,False
ETO,ETO-P010,LOGISTIC,21,8.0,3.0,False,0.0,False,True,,0.0,0.4138894138815205,4.0,,,-74.46025679059737,2.0022168204548763,0.1701529767567953,False
ETO,ETO-P010,WEIBULL,21,8.0,3.0,False,0.0,False,True,,32.0,0.41388941388342526,4.0,,,-74.46025679050072,2.0022168205515243,0.17015297674857283,False
ETO,ETO-P010,MONOTONE_SPLINE,21,,,,,,True,,,0.41429151210967735,2.9886956734096084,0.01,0.030767266808958076,-76.46247361105225,0.0,0.46303669505250367,True
ETO,ETO-P011,EMAX,20,8.0,2.0,False,0.0,False,True,,7.0,0.35540562090748795,3.0,,,-74.60455642437913,7.474498988041134,0.015968645509458052,False
ETO,ETO-P011,HILL,20,8.0,2.0,False,0.0,False,True,,12.0,0.2664968155764595,4.0,,,-78.36250516116114,3.7165502512591218,0.104543318052919,False
ETO,ETO-P011,LOGISTIC,20,8.0,2.0,False,0.0,False,True,,1.0,0.266496815576186,4.0,,,-78.36250516118166,3.7165502512386013,0.10454331805399164,False
ETO,ETO-P011,WEIBULL,20,8.0,2.0,False,0.0,False,True,,11.0,0.266496815576395,4.0,,,-78.36250516116597,3.71655025125429,0.10454331805317156,False
ETO,ETO-P011,MONOTONE_SPLINE,20,,,,,,True,,,0.27071737029243576,1.984594192987359,0.03162277660168379,0.01825579415462887,-82.07905541242026,0.0,0.6704014003304599,True
ETO,ETO-P012,EMAX,22,8.0,3.0,False,0.0,False,True,,0.0,0.528970079232314,3.0,,,-76.01304898774467,1.802724954489321,0.20404871868579724,False
ETO,ETO-P012,HILL,22,8.0,3.0,False,0.0,False,True,,1.0,0.5095203095655395,4.0,,,-74.83721641171789,2.978557530516099,0.11334570609454729,False
ETO,ETO-P012,LOGISTIC,22,8.0,3.0,False,0.0,False,True,,35.0,0.5208668635823512,4.0,,,-74.35267179462556,3.4631021476084243,0.08895851930491472,False
ETO,ETO-P012,WEIBULL,22,8.0,3.0,False,0.0,False,True,,10.0,0.5197500369778426,4.0,,,-74.39989415805164,3.4158797841823514,0.09108392803513048,False
ETO,ETO-P012,MONOTONE_SPLINE,22,,,,,,True,,,0.4696290503441765,3.4075136712174627,1.0,0.034804327818744464,-77.81577394223399,0.0,0.5025631278796102,True
ETO,ETO-P013,EMAX,18,7.0,0.0,False,0.0,False,True,,1.0,0.08363390414832439,3.0,,,-90.69020484578736,4.000000000010019,0.10534416841989255,False
ETO,ETO-P013,HILL,18,7.0,0.0,False,0.0,False,True,,2.0,0.08363390414844095,4.0,,,-88.69020484576228,6.000000000035101,0.03875395380849436,False
ETO,ETO-P013,LOGISTIC,18,7.0,0.0,False,0.0,False,True,,0.0,0.08363390414837377,4.0,,,-88.69020484577673,6.000000000020648,0.03875395380877441,False
ETO,ETO-P013,WEIBULL,18,7.0,0.0,False,0.0,False,True,,0.0,0.08363390414828252,4.0,,,-88.69020484579636,6.000000000001023,0.03875395380915468,False
ETO,ETO-P013,MONOTONE_SPLINE,18,,,,,,True,,,0.0836339041482778,0.9999999999999998,10000.0,0.005463094333970823,-94.69020484579738,0.0,0.778393970153684,True
ETO,ETO-P014,EMAX,18,7.0,0.0,False,0.0,False,True,,1.0,0.30866828586341577,3.0,,,-67.18547721245136,1.4842744035733517,0.19281678058091578,False
ETO,ETO-P014,HILL,18,7.0,0.0,False,0.0,False,True,,0.0,0.28768395029853444,4.0,,,-66.45276197411799,2.2169896419067214,0.1336711655335642,False
ETO,ETO-P014,LOGISTIC,18,7.0,0.0,False,0.0,False,True,,0.0,0.2875664893438422,4.0,,,-66.46011284973022,2.209638766294489,0.1341633695675191,False
ETO,ETO-P014,WEIBULL,18,7.0,0.0,False,0.0,False,True,,2.0,0.287521479192338,4.0,,,-66.46293044555227,2.2068211704724376,0.13435251184264027,False
ETO,ETO-P014,MONOTONE_SPLINE,18,,,,,,True,,,0.31755437116203056,2.002426061058816,10000.0,0.024751272690743197,-68.66975161602471,0.0,0.40499617247536074,True
ETO,ETO-P015,EMAX,18,7.0,0.0,False,0.0,False,True,,0.0,0.1041090799431176,3.0,,,-86.74838115211708,6.544825499165526,0.03507899889972163,False
ETO,ETO-P015,HILL,18,7.0,0.0,False,0.0,False,True,,63.0,0.10380819857975151,4.0,,,-84.80047752774905,8.49272912353355,0.013245406555587586,False
ETO,ETO-P015,LOGISTIC,18,7.0,0.0,False,0.0,False,True,,40.0,0.10381806858281552,4.0,,,-84.79876618305538,8.494440468227225,0.013234077675071466,False
ETO,ETO-P015,WEIBULL,18,7.0,0.0,False,0.0,False,True,,0.0,0.10381597855315707,4.0,,,-84.79912855651361,8.494078094768994,0.013236475731559717,False
ETO,ETO-P015,MONOTONE_SPLINE,18,,,,,,True,,,0.06850971920951357,3.4937594130014964,1.0,0.007176339955821693,-93.2932066512826,0.0,0.9252050411380596,True
ETO,ETO-P016,EMAX,21,8.0,3.0,False,0.0,False,True,,2.0,0.577342863804577,3.0,,,-69.47066958150074,13.01042745647726,0.00046166409358202383,False
ETO,ETO-P016,HILL,21,8.0,3.0,False,0.0,False,True,,0.0,0.28249307816920893,4.0,,,-82.481097037978,0.0,0.3086771799544895,True
ETO,ETO-P016,LOGISTIC,21,8.0,3.0,False,0.0,False,True,,0.0,0.28249307816967745,4.0,,,-82.48109703794316,3.484501576167531e-11,0.3086771799491116,False
ETO,ETO-P016,WEIBULL,21,8.0,3.0,False,0.0,False,True,,0.0,0.2824930781699427,4.0,,,-82.48109703792343,5.4569682106375694e-11,0.3086771799460673,False
ETO,ETO-P016,MONOTONE_SPLINE,21,,,,,,True,,,0.38412038701735945,2.2082475280664706,0.31622776601683794,0.02515188201993144,-79.61126075712941,2.869836280848588,0.07350679605674959,False
ETO,ETO-P017,EMAX,21,8.0,3.0,False,0.0,False,True,,3.0,0.45597222826530065,3.0,,,-74.4267620514289,6.48597895843686,0.011324856017567959,False
ETO,ETO-P017,HILL,21,8.0,3.0,False,0.0,False,True,,7.0,0.3043984909808377,4.0,,,-80.91274100981238,5.3375970310298726e-11,0.2900314707149733,False
ETO,ETO-P017,LOGISTIC,21,8.0,3.0,False,0.0,False,True,,2.0,0.3043984909800641,4.0,,,-80.91274100986575,0.0,0.2900314707227137,True
ETO,ETO-P017,WEIBULL,21,8.0,3.0,False,0.0,False,True,,15.0,0.30439849098027816,4.0,,,-80.91274100985098,1.4779288903810084e-11,0.29003147072057045,False
ETO,ETO-P017,MONOTONE_SPLINE,21,,,,,,True,,,0.3774071578392959,2.6370326585808277,0.1,0.026456227231004444,-79.12395015586371,1.7887908540020447,0.11858073182417471,False
ETO,ETO-P018,EMAX,12,6.0,3.0,False,0.0,False,True,,3.0,0.17193466272621827,3.0,,,-44.946568703947015,3.612500030381092,0.12124663992290384,False
ETO,ETO-P018,HILL,12,6.0,3.0,False,0.0,False,True,,53.0,0.15946983127402006,4.0,,,-43.84968604063546,4.709382693692646,0.07006234480959062,False
ETO,ETO-P018,LOGISTIC,12,6.0,3.0,False,0.0,False,True,,10.0,0.35986908269929585,4.0,,,-34.08305947154362,14.476009262784487,0.0005305039905335994,False
ETO,ETO-P018,WEIBULL,12,6.0,3.0,False,0.0,False,True,,24.0,0.15946983127405473,4.0,,,-43.84968604063286,4.709382693695247,0.07006234480949952,False
ETO,ETO-P018,MONOTONE_SPLINE,12,,,,,,True,,,0.127282526907551,2.997981783627107,0.0001,0.02508685647640652,-48.55906873432811,0.0,0.7380981664674724,True
