regimen,pdo_id,profile_id,included_in_QA_clean_source,exclusion_code
5FU,5FU-P001,5FU-P001,True,
5FU,5FU-P002,5FU-P002,True,
5FU,5FU-P003,5FU-P003,True,
5FU,5FU-P004,5FU-P004,True,
5FU,5FU-P005,5FU-P005,True,
5FU,5FU-P006,5FU-P006,True,
5FU,5FU-P007,5FU-P007,True,
5FU,5FU-P008,5FU-P008,True,
5FU,5FU-P009,5FU-P009,True,
5FU,5FU-P010,5FU-P010,True,
5FU,5FU-P011,5FU-P011,True,
5FU,5FU-P012,5FU-P012,True,
5FU,5FU-P013,5FU-P013,True,
5FU,5FU-P014,5FU-P014,True,
5FU,5FU-P015,5FU-P015,True,
5FU,5FU-P016,5FU-P016,True,
5FU,5FU-P017,5FU-P017,True,
5FU,5FU-P018,5FU-P018,True,
5FU,5FU-P019,5FU-P019,True,
5FU,5FU-P020,5FU-P020,True,
5FU,5FU-P021,5FU-P021,True,
5FU,5FU-P022,5FU-P022,True,
CARBO,Carbo-P001,Carbo-P001,True,
CARBO,Carbo-P002,Carbo-P002,True,
CARBO,Carbo-P003,Carbo-P003,True,
CARBO,Carbo-P004,Carbo-P004,True,
CARBO,Carbo-P005,Carbo-P005,True,
CARBO,Carbo-P006,Carbo-P006,True,
CARBO,Carbo-P007,Carbo-P007,True,
CARBO,Carbo-P008,Carbo-P008,True,
CARBO,Carbo-P009,Carbo-P009,True,
CARBO,Carbo-P010,Carbo-P010,True,
CARBO,Carbo-P011,Carbo-P011,True,
CARBO,Carbo-P012,Carbo-P012,True,
CARBO,Carbo-P013,Carbo-P013,True,
CARBO,Carbo-P014,Carbo-P014,True,
CARBO,Carbo-P015,Carbo-P015,True,
CARBO,Carbo-P016,Carbo-P016,True,
CARBO,Carbo-P017,Carbo-P017,True,
CARBO,Carbo-P018,Carbo-P018,True,
CARBO,Carbo-P019,Carbo-P019,True,
CARBO,Carbo-P020,Carbo-P020,True,
CARBO,Carbo-P021,Carbo-P021,True,
CARBO,Carbo-P022,Carbo-P022,True,
CARBO,Carbo-P023,Carbo-P023,True,
CARBO,Carbo-P024,Carbo-P024,True,
CARBO_A,CarboA-P001,CarboA-P001,True,
CARBO_A,CarboA-P002,CarboA-P002,True,
CARBO_A,CarboA-P003,CarboA-P003,True,
CARBO_A,CarboA-P004,CarboA-P004,True,
CARBO_A,CarboA-P005,CarboA-P005,True,
CARBO_A,CarboA-P006,CarboA-P006,True,
CARBO_A,CarboA-P007,CarboA-P007,True,
CARBO_A,CarboA-P008,CarboA-P008,True,
CARBO_A,CarboA-P009,CarboA-P009,True,
CARBO_A,CarboA-P010,CarboA-P010,True,
CARBO_A,CarboA-P011,CarboA-P011,True,
CARBO_A,CarboA-P012,CarboA-P012,True,
CARBO_A,CarboA-P013,CarboA-P013,True,
CARBO_A,CarboA-P014,CarboA-P014,False,EXCLUDED_SOURCE_DOSE_DOMAIN_INELIGIBLE
CDDP,CDDP-P001,CDDP-P001,True,
CDDP,CDDP-P002,CDDP-P002,True,
CDDP,CDDP-P003,CDDP-P003,True,
CDDP,CDDP-P004,CDDP-P004,True,
CDDP,CDDP-P005,CDDP-P005,True,
CDDP,CDDP-P006,CDDP-P006,True,
CDDP,CDDP-P007,CDDP-P007,True,
CDDP,CDDP-P008,CDDP-P008,True,
CDDP,CDDP-P009,CDDP-P009,True,
CDDP,CDDP-P010,CDDP-P010,True,
CDDP,CDDP-P011,CDDP-P011,True,
CDDP,CDDP-P012,CDDP-P012,True,
CDDP,CDDP-P013,CDDP-P013,True,
CDDP,CDDP-P014,CDDP-P014,True,
CDDP,CDDP-P015,CDDP-P015,True,
CDDP,CDDP-P016,CDDP-P016,True,
CDDP,CDDP-P017,CDDP-P017,True,
CDDP,CDDP-P018,CDDP-P018,True,
CDDP_A,CDDPA-P001,CDDPA-P001,True,
CDDP_A,CDDPA-P002,CDDPA-P002,True,
CDDP_A,CDDPA-P003,CDDPA-P003,True,
CDDP_A,CDDPA-P004,CDDPA-P004,True,
CDDP_A,CDDPA-P005,CDDPA-P005,True,
CDDP_A,CDDPA-P006,CDDPA-P006,True,
CDDP_A,CDDPA-P007,CDDPA-P007,True,
CDDP_A,CDDPA-P008,CDDPA-P008,True,
CDDP_A,CDDPA-P009,CDDPA-P009,True,
CDDP_A,CDDPA-P010,CDDPA-P010,True,
CDDP_A,CDDPA-P011,CDDPA-P011,True,
CDDP_A,CDDPA-P012,CDDPA-P012,True,
CDDP_A,CDDPA-P013,CDDPA-P013,True,
CDDP_A,CDDPA-P014,CDDPA-P014,True,
CDDP_A,CDDPA-P015,CDDPA-P015,True,
CDDP_A,CDDPA-P016,CDDPA-P016,True,
CDDP_A,CDDPA-P017,CDDPA-P017,True,
CDDP_A,CDDPA-P018,CDDPA-P018,True,
ETO,ETO-P001,ETO-P001,True,
ETO,ETO-P002,ETO-P002,True,
ETO,ETO-P003,ETO-P003,True,
ETO,ETO-P004,ETO-P004,True,
ETO,ETO-P005,ETO-P005,True,
ETO,ETO-P006,ETO-P006,True,
ETO,ETO-P007,ETO-P007,True,
ETO,ETO-P008,ETO-P008,True,
ETO,ETO-P009,ETO-P009,True,
ETO,ETO-P010,ETO-P010,True,
ETO,ETO-P011,ETO-P011,True,
ETO,ETO-P012,ETO-P012,True,
ETO,ETO-P013,ETO-P013,True,
ETO,ETO-P014,ETO-P014,True,
ETO,ETO-P015,ETO-P015,True,
ETO,ETO-P016,ETO-P016,True,
ETO,ETO-P017,ETO-P017,True,
ETO,ETO-P018,ETO-P018,True,
