method_id,valid_regimen_count,A_valid,C_conditional_valid,C_operational,LOO_failure_count,S_BW,S_tau,S_match,P_fit,I_SF,method_family,curve_model,representation,stratifier,is_TRIOS,rank
TRIOS,6,1,0.89433064879820245,0.89433064879820245,0,0.91516235320223205,0.96845547498731799,0.97201511323419043,0.61602030256727203,1,TRIOS,SPLINE,CRS,TRIOS_ADMISSIBLE_BREAKS,True,1
EMAX|EC50|TERTILES,6,1,0.74929353357393158,0.74929353357393158,0,0.71520242887834462,0.96570875021207314,0.93198095754485888,0.13357553123438168,1,CONVENTIONAL,EMAX,EC50,TERTILES,False,2
EMAX|AUC250|TERTILES,6,1,0.74374600482538578,0.74374600482538578,0,0.67449726386310027,0.96686029044244848,0.94379693858699831,0.13357553123438168,1,CONVENTIONAL_AUC250,EMAX,AUC250,TERTILES,False,3
LOGISTIC|EC50|TERTILES,6,1,0.73458939568551973,0.73458939568551973,0,0.68848238609409329,0.96734026139489027,0.93928891765089961,0.07783541328771576,1,CONVENTIONAL,LOGISTIC,EC50,TERTILES,False,4
EMAX|EMAX|TERTILES,6,1,0.73445792493631057,0.73445792493631057,0,0.62171275177669816,0.97537768968155858,0.94162365198891429,0.13357553123438168,1,CONVENTIONAL,EMAX,EMAX,TERTILES,False,5
WEIBULL|AUC250|TERTILES,6,1,0.72870302736421289,0.72870302736421289,0,0.63056277021565599,0.97278074564031769,0.94457870734466487,0.095592913620426281,1,CONVENTIONAL_AUC250,WEIBULL,AUC250,TERTILES,False,6
WEIBULL|EC50|TERTILES,6,1,0.72614039951123033,0.72614039951123033,0,0.60370800405238079,0.98348984251853511,0.9479112373648092,0.095592913620426281,1,CONVENTIONAL,WEIBULL,EC50,TERTILES,False,7
LOGISTIC|AUC250|TERTILES,6,1,0.72375950306702042,0.72375950306702042,0,0.6307754320104616,0.97484317192746961,0.93534349810945561,0.07783541328771576,1,CONVENTIONAL_AUC250,LOGISTIC,AUC250,TERTILES,False,8
HILL|AUC250|TERTILES,6,1,0.72062208633427149,0.72062208633427149,0,0.62421204558127885,0.97714827797650916,0.92477426882336522,0.076975839290204254,1,CONVENTIONAL_AUC250,HILL,AUC250,TERTILES,False,9
HILL|EC50|TERTILES,6,1,0.71948772122731164,0.71948772122731164,0,0.60265627560770296,0.98048191602402934,0.93732457521462231,0.076975839290204254,1,CONVENTIONAL,HILL,EC50,TERTILES,False,10
LOGISTIC|EMAX|TERTILES,6,1,0.71510556632539179,0.71510556632539179,0,0.59576702673444548,0.96719577350492791,0.93472961809987032,0.07783541328771576,1,CONVENTIONAL,LOGISTIC,EMAX,TERTILES,False,11
WEIBULL|EMAX|TERTILES,6,1,0.70924863468975896,0.70924863468975896,0,0.53072046947170903,0.98019016202597042,0.93973962833068825,0.095592913620426281,1,CONVENTIONAL,WEIBULL,EMAX,TERTILES,False,12
HILL|EMAX|TERTILES,6,1,0.70687209415798347,0.70687209415798347,0,0.53420111197181608,0.98143617445483933,0.94174734507305879,0.076975839290204254,1,CONVENTIONAL,HILL,EMAX,TERTILES,False,13
EMAX|EMAX|WARD,6,1,0.69985131990670635,0.69985131990670635,0,0.92941311153585515,0.95505583641195668,0.98121212035133831,0.13357553123438168,0.5,CONVENTIONAL,EMAX,EMAX,WARD,False,14
EMAX|EMAX|TIED_GMM,6,1,0.69812630483633376,0.69812630483633376,0,0.92743607095985725,0.95201620901863693,0.977603712968793,0.13357553123438168,0.5,CONVENTIONAL,EMAX,EMAX,TIED_GMM,False,15
EMAX|EMAX|JENKS,6,1,0.69660724417592679,0.69660724417592679,0,0.92941311153585515,0.95250358478770591,0.96754399332169072,0.13357553123438168,0.5,CONVENTIONAL,EMAX,EMAX,JENKS,False,16
EMAX|EMAX|KMEANS,6,1,0.69660724417592679,0.69660724417592679,0,0.92941311153585515,0.95250358478770591,0.96754399332169072,0.13357553123438168,0.5,CONVENTIONAL,EMAX,EMAX,KMEANS,False,16
EMAX|AUC250|JENKS,6,1,0.69539569576855975,0.69539569576855975,0,0.9170523663060598,0.9545365292150052,0.97181405208735239,0.13357553123438168,0.5,CONVENTIONAL_AUC250,EMAX,AUC250,JENKS,False,18
EMAX|AUC250|KMEANS,6,1,0.69539569576855975,0.69539569576855975,0,0.9170523663060598,0.9545365292150052,0.97181405208735239,0.13357553123438168,0.5,CONVENTIONAL_AUC250,EMAX,AUC250,KMEANS,False,18
EMAX|AUC250|WARD,6,1,0.69472411450865501,0.69472411450865501,0,0.91297108213028044,0.94827862230495885,0.97879533687365461,0.13357553123438168,0.5,CONVENTIONAL_AUC250,EMAX,AUC250,WARD,False,20
EMAX|EC50|JENKS,6,1,0.69202077617461066,0.69202077617461066,0,0.9216034596121957,0.93307697010562796,0.97184791992084818,0.13357553123438168,0.5,CONVENTIONAL,EMAX,EC50,JENKS,False,21
EMAX|EC50|KMEANS,6,1,0.69179342103577035,0.69179342103577035,0,0.9216034596121957,0.93248034665420987,0.97130776767806493,0.13357553123438168,0.5,CONVENTIONAL,EMAX,EC50,KMEANS,False,22
EMAX|AUC250|TIED_GMM,6,1,0.68933804976019253,0.68933804976019253,0,0.9061368079321882,0.94944380362924718,0.95753410600514532,0.13357553123438168,0.5,CONVENTIONAL_AUC250,EMAX,AUC250,TIED_GMM,False,23
EMAX|EC50|WARD,6,1,0.68784646582326092,0.68784646582326092,0,0.91840448269586139,0.92259476292505138,0.96465755226101046,0.13357553123438168,0.5,CONVENTIONAL,EMAX,EC50,WARD,False,24
WEIBULL|EC50|JENKS,6,1,0.68564651450674463,0.68564651450674463,0,0.93210614397854374,0.93513380683416869,0.9653997081005844,0.095592913620426281,0.5,CONVENTIONAL,WEIBULL,EC50,JENKS,False,25
WEIBULL|EC50|KMEANS,6,1,0.68558069973329383,0.68558069973329383,0,0.93210614397854374,0.9350802061325868,0.96512423493491151,0.095592913620426281,0.5,CONVENTIONAL,WEIBULL,EC50,KMEANS,False,26
LOGISTIC|EC50|JENKS,6,1,0.68282511791432421,0.68282511791432421,0,0.9219569763585197,0.94090437179563446,0.97342882812975118,0.07783541328771576,0.5,CONVENTIONAL,LOGISTIC,EC50,JENKS,False,27
LOGISTIC|EC50|KMEANS,6,1,0.68282511791432421,0.68282511791432421,0,0.9219569763585197,0.94090437179563446,0.97342882812975118,0.07783541328771576,0.5,CONVENTIONAL,LOGISTIC,EC50,KMEANS,False,27
LOGISTIC|AUC250|JENKS,6,1,0.68269463968816702,0.68269463968816702,0,0.92124164285423105,0.94919562012666248,0.96520052217222529,0.07783541328771576,0.5,CONVENTIONAL_AUC250,LOGISTIC,AUC250,JENKS,False,29
LOGISTIC|AUC250|KMEANS,6,1,0.68269463968816702,0.68269463968816702,0,0.92124164285423105,0.94919562012666248,0.96520052217222529,0.07783541328771576,0.5,CONVENTIONAL_AUC250,LOGISTIC,AUC250,KMEANS,False,29
WEIBULL|AUC250|WARD,6,1,0.68133383655373425,0.68133383655373425,0,0.9137582084454019,0.94055559276677114,0.95676246793607189,0.095592913620426281,0.5,CONVENTIONAL_AUC250,WEIBULL,AUC250,WARD,False,31
LOGISTIC|AUC250|WARD,6,1,0.68042018546303062,0.68042018546303062,0,0.91662523356536829,0.94940051658629265,0.95823976387577658,0.07783541328771576,0.5,CONVENTIONAL_AUC250,LOGISTIC,AUC250,WARD,False,32
WEIBULL|AUC250|JENKS,6,1,0.67942981498900512,0.67942981498900512,0,0.91457357966030661,0.94201033129699752,0.94497225036729571,0.095592913620426281,0.5,CONVENTIONAL_AUC250,WEIBULL,AUC250,JENKS,False,33
WEIBULL|AUC250|KMEANS,6,1,0.67942981498900512,0.67942981498900512,0,0.91457357966030661,0.94201033129699752,0.94497225036729571,0.095592913620426281,0.5,CONVENTIONAL_AUC250,WEIBULL,AUC250,KMEANS,False,33
LOGISTIC|AUC250|TIED_GMM,6,1,0.67897633883268005,0.67897633883268005,0,0.91077141968527753,0.94927879617239308,0.95699606501801349,0.07783541328771576,0.5,CONVENTIONAL_AUC250,LOGISTIC,AUC250,TIED_GMM,False,35
HILL|AUC250|JENKS,6,1,0.67103937683542381,0.67103937683542381,0,0.91204355517129887,0.94551865544886582,0.92065883426675021,0.076975839290204254,0.5,CONVENTIONAL_AUC250,HILL,AUC250,JENKS,False,36
HILL|AUC250|KMEANS,6,1,0.67080956302675687,0.67080956302675687,0,0.91204355517129887,0.94525037496747888,0.91977804570480215,0.076975839290204254,0.5,CONVENTIONAL_AUC250,HILL,AUC250,KMEANS,False,37
HILL|AUC250|WARD,6,1,0.66859073380111977,0.66859073380111977,0,0.9006013817623032,0.9362963361521589,0.92908011180093197,0.076975839290204254,0.5,CONVENTIONAL_AUC250,HILL,AUC250,WARD,False,38
WEIBULL|EC50|TIED_GMM,6,1,0.65937459820129718,0.65937459820129718,0,0.92979821139441521,0.95128190064868712,0.98686663200962432,0.095592913620426281,0.33333333333333331,CONVENTIONAL,WEIBULL,EC50,TIED_GMM,False,39
LOGISTIC|EMAX|TIED_GMM,6,1,0.65855582108728139,0.65855582108728139,0,0.94765407193677509,0.95040748652379692,0.98354880035478642,0.07783541328771576,0.33333333333333331,CONVENTIONAL,LOGISTIC,EMAX,TIED_GMM,False,40
LOGISTIC|EMAX|JENKS,6,1,0.6580842485699836,0.6580842485699836,0,0.94805830050134376,0.94461299925971598,0.9865811964678094,0.07783541328771576,0.33333333333333331,CONVENTIONAL,LOGISTIC,EMAX,JENKS,False,41
LOGISTIC|EMAX|KMEANS,6,1,0.6580842485699836,0.6580842485699836,0,0.94805830050134376,0.94461299925971598,0.9865811964678094,0.07783541328771576,0.33333333333333331,CONVENTIONAL,LOGISTIC,EMAX,KMEANS,False,41
WEIBULL|EMAX|TIED_GMM,6,1,0.65511789262357178,0.65511789262357178,0,0.95166327977243925,0.93609204391417544,0.95890789247748531,0.095592913620426281,0.33333333333333331,CONVENTIONAL,WEIBULL,EMAX,TIED_GMM,False,43
LOGISTIC|EMAX|WARD,6,1,0.65414666674760413,0.65414666674760413,0,0.94549557898692826,0.93643762600907399,0.97763138212096934,0.07783541328771576,0.33333333333333331,CONVENTIONAL,LOGISTIC,EMAX,WARD,False,44
WEIBULL|EMAX|WARD,6,1,0.65358799334640461,0.65358799334640461,0,0.95160933576675166,0.93066199004397909,0.95674239396753291,0.095592913620426281,0.33333333333333331,CONVENTIONAL,WEIBULL,EMAX,WARD,False,45
HILL|EMAX|JENKS,6,1,0.65216423776079591,0.65216423776079591,0,0.9429141778729031,0.9428887297598928,0.96470910854764613,0.076975839290204254,0.33333333333333331,CONVENTIONAL,HILL,EMAX,JENKS,False,46
HILL|EMAX|KMEANS,6,1,0.65179805024539406,0.65179805024539406,0,0.9429141778729031,0.93968309186365706,0.96608380886687284,0.076975839290204254,0.33333333333333331,CONVENTIONAL,HILL,EMAX,KMEANS,False,47
HILL|EMAX|TIED_GMM,6,1,0.65153498270669674,0.65153498270669674,1,0.94132327424968409,0.93526828083725311,0.97077418582300901,0.076975839290204254,0.33333333333333331,CONVENTIONAL,HILL,EMAX,TIED_GMM,False,48
WEIBULL|EMAX|JENKS,6,1,0.65121117230419034,0.65121117230419034,0,0.95318742202205986,0.93287024879252411,0.94107194375260794,0.095592913620426281,0.33333333333333331,CONVENTIONAL,WEIBULL,EMAX,JENKS,False,49
WEIBULL|EMAX|KMEANS,6,1,0.65121117230419034,0.65121117230419034,0,0.95318742202205986,0.93287024879252411,0.94107194375260794,0.095592913620426281,0.33333333333333331,CONVENTIONAL,WEIBULL,EMAX,KMEANS,False,49
WEIBULL|EC50|WARD,6,1,0.65057152490508885,0.65057152490508885,0,0.93048642244500523,0.94131710020334403,0.95212785492333507,0.095592913620426281,0.33333333333333331,CONVENTIONAL,WEIBULL,EC50,WARD,False,51
HILL|EC50|JENKS,6,1,0.65006879920095118,0.65006879920095118,0,0.92925423745558133,0.94009999731299843,0.97068058861263851,0.076975839290204254,0.33333333333333331,CONVENTIONAL,HILL,EC50,JENKS,False,52
HILL|EC50|KMEANS,6,1,0.65006879920095118,0.65006879920095118,0,0.92925423745558133,0.94009999731299843,0.97068058861263851,0.076975839290204254,0.33333333333333331,CONVENTIONAL,HILL,EC50,KMEANS,False,52
LOGISTIC|EC50|TIED_GMM,6,1,0.64986385891590015,0.64986385891590015,0,0.91914646156549418,0.93638571523759262,0.98261837115536499,0.07783541328771576,0.33333333333333331,CONVENTIONAL,LOGISTIC,EC50,TIED_GMM,False,54
LOGISTIC|EC50|WARD,6,1,0.64858830863513972,0.64858830863513972,0,0.91774067306596552,0.93407219178497958,0.9799599317037041,0.07783541328771576,0.33333333333333331,CONVENTIONAL,LOGISTIC,EC50,WARD,False,55
HILL|EMAX|WARD,6,1,0.64622567820023269,0.64622567820023269,0,0.93993050472813933,0.93040955303828421,0.95047916061120252,0.076975839290204254,0.33333333333333331,CONVENTIONAL,HILL,EMAX,WARD,False,56
WEIBULL|AUC250|TIED_GMM,6,1,0.64207588791604486,0.64207588791604486,0,0.89685285307156848,0.94731278620177994,0.9372875533531162,0.095592913620426281,0.33333333333333331,CONVENTIONAL_AUC250,WEIBULL,AUC250,TIED_GMM,False,57
HILL|AUC250|TIED_GMM,6,1,0.63434315847321721,0.63434315847321721,0,0.88787593840487788,0.94089147649693328,0.93263920484073737,0.076975839290204254,0.33333333333333331,CONVENTIONAL_AUC250,HILL,AUC250,TIED_GMM,False,58
EMAX|EC50|TIED_GMM,6,1,0.62197028861885828,0.62197028861885828,0,0.90963586196042368,0.92192789589859769,0.97804548733422159,0.13357553123438168,0.16666666666666666,CONVENTIONAL,EMAX,EC50,TIED_GMM,False,59
HILL|EC50|TIED_GMM,6,1,0.61497235546539497,0.61497235546539497,0,0.92525711162597013,0.94004975607358932,0.96591240367054487,0.076975839290204254,0.16666666666666666,CONVENTIONAL,HILL,EC50,TIED_GMM,False,60
HILL|EC50|WARD,6,1,0.60728462269488004,0.60728462269488004,0,0.92095475878717414,0.92430118667016892,0.94752466206018571,0.076975839290204254,0.16666666666666666,CONVENTIONAL,HILL,EC50,WARD,False,61
EMAX|IC50|TERTILES,4,0.66666666666666663,0.7344790253204827,0.48965268354698843,0,0.64227426420602196,0.96846743842791583,0.93235653235653226,0.1292968916119431,1,CONVENTIONAL,EMAX,IC50,TERTILES,False,62
LOGISTIC|IC50|TERTILES,4,0.66666666666666663,0.72630992140890882,0.48420661427260586,0,0.6513512953831373,0.96394523309501357,0.92726875773233386,0.088984320834059424,1,CONVENTIONAL,LOGISTIC,IC50,TERTILES,False,63
WEIBULL|IC50|TERTILES,4,0.66666666666666663,0.72423854315319203,0.48282569543546133,0,0.61413382289057949,0.97729871393752421,0.93948701019758207,0.090273168740274357,1,CONVENTIONAL,WEIBULL,IC50,TERTILES,False,64
HILL|IC50|TERTILES,4,0.66666666666666663,0.71631161855220848,0.47754107903480564,0,0.58416378036624705,0.97435945176545147,0.95544011544011542,0.067594745189228742,1,CONVENTIONAL,HILL,IC50,TERTILES,False,65
EMAX|IC50|TIED_GMM,4,0.66666666666666663,0.70208924783628757,0.46805949855752504,0,0.94475718346694548,0.94943304096846159,0.98695912313408773,0.1292968916119431,0.5,CONVENTIONAL,EMAX,IC50,TIED_GMM,False,66
EMAX|IC50|WARD,4,0.66666666666666663,0.69896740316924622,0.46597826877949744,0,0.94475718346694548,0.94183480759517935,0.97894813317216323,0.1292968916119431,0.5,CONVENTIONAL,EMAX,IC50,WARD,False,67
EMAX|IC50|JENKS,4,0.66666666666666663,0.69398237055158352,0.46265491370105566,0,0.94658636301540988,0.94235920473714085,0.95166939339342338,0.1292968916119431,0.5,CONVENTIONAL,EMAX,IC50,JENKS,False,68
EMAX|IC50|KMEANS,4,0.66666666666666663,0.69398237055158352,0.46265491370105566,0,0.94658636301540988,0.94235920473714085,0.95166939339342338,0.1292968916119431,0.5,CONVENTIONAL,EMAX,IC50,KMEANS,False,68
WEIBULL|IC50|TIED_GMM,4,0.66666666666666663,0.68569424049656291,0.45712949366437527,0,0.9362182618681083,0.93475370159044002,0.96722607028399232,0.090273168740274357,0.5,CONVENTIONAL,WEIBULL,IC50,TIED_GMM,False,70
WEIBULL|IC50|JENKS,4,0.66666666666666663,0.68139817463494001,0.45426544975662664,0,0.93714657355162789,0.93066699056891755,0.94890414031388004,0.090273168740274357,0.5,CONVENTIONAL,WEIBULL,IC50,JENKS,False,71
WEIBULL|IC50|KMEANS,4,0.66666666666666663,0.68139817463494001,0.45426544975662664,0,0.93714657355162789,0.93066699056891755,0.94890414031388004,0.090273168740274357,0.5,CONVENTIONAL,WEIBULL,IC50,KMEANS,False,71
HILL|IC50|TIED_GMM,4,0.66666666666666663,0.67894068127466645,0.45262712084977763,0,0.93224774864080351,0.93861770371516628,0.95624320882813407,0.067594745189228742,0.5,CONVENTIONAL,HILL,IC50,TIED_GMM,False,73
HILL|IC50|JENKS,4,0.66666666666666663,0.67785709806719296,0.45190473204479531,0,0.93454186272308881,0.93077426885551529,0.95637461356813169,0.067594745189228742,0.5,CONVENTIONAL,HILL,IC50,JENKS,False,74
HILL|IC50|KMEANS,4,0.66666666666666663,0.67785709806719296,0.45190473204479531,0,0.93454186272308881,0.93077426885551529,0.95637461356813169,0.067594745189228742,0.5,CONVENTIONAL,HILL,IC50,KMEANS,False,74
LOGISTIC|IC50|JENKS,4,0.66666666666666663,0.67356712647556727,0.44904475098371149,0,0.9201732085531642,0.92371385292809982,0.93496425006251338,0.088984320834059424,0.5,CONVENTIONAL,LOGISTIC,IC50,JENKS,False,76
LOGISTIC|IC50|KMEANS,4,0.66666666666666663,0.67356712647556727,0.44904475098371149,0,0.9201732085531642,0.92371385292809982,0.93496425006251338,0.088984320834059424,0.5,CONVENTIONAL,LOGISTIC,IC50,KMEANS,False,76
WEIBULL|IC50|WARD,4,0.66666666666666663,0.63355826295545825,0.4223721753036388,0,0.93256223060440602,0.92573143173174843,0.96922448370086278,0.090273168740274357,0.25,CONVENTIONAL,WEIBULL,IC50,WARD,False,78
LOGISTIC|IC50|TIED_GMM,4,0.66666666666666663,0.62739956144235376,0.41826637429490249,0,0.90779958005256844,0.93094023267838255,0.95927367364675786,0.088984320834059424,0.25,CONVENTIONAL,LOGISTIC,IC50,TIED_GMM,False,79
LOGISTIC|IC50|WARD,4,0.66666666666666663,0.61764933159367508,0.41176622106245003,0,0.9141588054357116,0.91957098483446453,0.91553254686413976,0.088984320834059424,0.25,CONVENTIONAL,LOGISTIC,IC50,WARD,False,80
HILL|IC50|WARD,4,0.66666666666666663,0.60452710582499192,0.40301807054999461,0,0.92630179928047485,0.90487220243091537,0.87386678222434044,0.067594745189228742,0.25,CONVENTIONAL,HILL,IC50,WARD,False,81
