regimen,N,candidate_uM,m,m_stage,median_A,median_TRG,passed,selected_endpoint,selected
5FU,22,2,22,12,0.29421085108335993,0.074705897366017696,False,50,False
5FU,22,4,22,12,0.44653165492066699,0.069310496922482728,False,50,False
5FU,22,5,22,12,0.48380076225728608,0.072927952127548962,False,50,False
5FU,22,10,22,12,0.57522014266211818,0.087060428554940728,False,50,False
5FU,22,20,22,12,0.67903376029301565,0.090248853207853821,False,50,False
5FU,22,25,22,12,0.70634024346190982,0.085087893562116199,False,50,False
5FU,22,50,22,12,0.81081827508772597,0.071586837910967607,True,50,True
5FU,22,100,22,12,0.93943439770072468,0.069813010236319764,True,50,False
5FU,22,250,22,12,1,0.013316443065707199,True,50,False
5FU,22,500,22,12,1.0128581464641435,0.0094786111778278476,True,50,False
CARBO,24,1.6000000000000001,24,12,0.14229553657680177,0.03988600913450864,False,64,False
CARBO,24,3.2000000000000002,24,12,0.23313186624283661,0.032482624385996521,False,64,False
CARBO,24,4,24,12,0.2598707527702887,0.02952382366375143,False,64,False
CARBO,24,8,24,12,0.37633694936891893,0.043668003976935835,False,64,False
CARBO,24,10,24,12,0.41103721305486229,0.077718035671907104,False,64,False
CARBO,24,16,24,12,0.62469243394775198,0.18812686365961018,False,64,False
CARBO,24,20,24,12,0.77735903775437865,0.1974975171363669,False,64,False
CARBO,24,40,24,12,0.94599152880128956,0.10638507329758796,False,64,False
CARBO,24,64,24,12,0.99474849240285934,0.051804240366948931,True,64,True
CARBO,24,80,24,12,0.99981894505409064,0.029127761672662532,True,64,False
CARBO,24,160,24,12,0.9999999999999285,6.3858247027883081e-12,True,64,False
CARBO,24,200,24,12,0.99999999999999978,9.3746032860488049e-14,True,64,False
CARBO,24,320,24,12,1,5.5990073037106681e-16,True,64,False
CARBO,24,400,24,12,1.0000000000018934,3.9795794471685317e-12,True,64,False
CARBO_A,13,2,13,10,0.2165016387025358,0.056729051697693739,False,64,False
CARBO_A,13,3.2000000000000002,13,10,0.28275886916012916,0.063052524649872543,False,64,False
CARBO_A,13,4,13,10,0.31708188445092267,0.066895866028830311,False,64,False
CARBO_A,13,8,13,10,0.38111725606353397,0.076159919412855867,False,64,False
CARBO_A,13,10,13,10,0.44747872612755207,0.075851501708976879,False,64,False
CARBO_A,13,16,13,10,0.55789319051069219,0.078806736687259363,False,64,False
CARBO_A,13,20,13,10,0.59946403183413122,0.082228534279641774,False,64,False
CARBO_A,13,40,13,10,0.792340494250386,0.082543899641433716,False,64,False
CARBO_A,13,64,13,10,0.96924122501646615,0.086211064964204928,True,64,True
CARBO_A,13,80,13,10,0.99251529141559403,0.083872661023562875,True,64,False
CARBO_A,13,160,13,10,0.99999999999807943,0.00025973652003716198,True,64,False
CARBO_A,13,200,13,10,0.9999999999999033,3.3430058060512865e-11,True,64,False
CARBO_A,13,320,13,10,1,5.0801275320936314e-11,True,64,False
CARBO_A,13,400,13,10,1,9.2232726690758614e-12,True,64,False
CDDP,18,1.6000000000000001,18,10,0.16794600315308345,0.049816861330088287,False,40,False
CDDP,18,2,18,10,0.19325346120670239,0.053474848521961452,False,40,False
CDDP,18,5,18,10,0.33110581355220725,0.074922471571751637,False,40,False
CDDP,18,8,18,10,0.39026863627991726,0.098164529940776249,False,40,False
CDDP,18,10,18,10,0.42692082763491346,0.088055127840425129,False,40,False
CDDP,18,25,18,10,0.74337094252966551,0.093548746138860397,False,40,False
CDDP,18,40,18,10,0.86877387605907463,0.09530101503199323,True,40,True
CDDP,18,50,18,10,0.93317865504068975,0.096408760077172223,True,40,False
CDDP,18,100,18,10,0.99104691583868143,0.031923253442925278,True,40,False
CDDP,18,200,18,10,1,0.0039668735555174065,True,40,False
CDDP,18,250,18,10,1,0.0013591512671989067,True,40,False
CDDP_A,18,0.5,18,10,0.16919310942381569,0.058855844186786778,False,25,False
CDDP_A,18,1,18,10,0.28271798216565053,0.072865296457516188,False,25,False
CDDP_A,18,1.6000000000000001,18,10,0.3607156671788132,0.057811814062559294,False,25,False
CDDP_A,18,2,18,10,0.39568509768242566,0.061040504880616561,False,25,False
CDDP_A,18,5,18,10,0.48136338994583672,0.089970954124554026,False,25,False
CDDP_A,18,8,18,10,0.64659673929669947,0.10207248464561988,False,25,False
CDDP_A,18,10,18,10,0.71281884755244151,0.085628243604937787,False,25,False
CDDP_A,18,25,18,10,0.87820899038203781,0.068679605914784725,True,25,True
CDDP_A,18,40,18,10,0.95229711030557862,0.078160327623210207,True,25,False
CDDP_A,18,50,18,10,0.98320818547081668,0.062859502790538702,True,25,False
CDDP_A,18,100,18,10,0.99998487027879146,0.0060101018258727698,True,25,False
CDDP_A,18,200,18,10,1,1.4928520309387956e-11,True,25,False
CDDP_A,18,250,18,10,1,3.0143299821462206e-11,True,25,False
ETO,18,2,18,10,0.1988956219846309,0.038091747100033393,False,50,False
ETO,18,4,18,10,0.30242251200272174,0.054009605474445332,False,50,False
ETO,18,8,18,10,0.4865231142621495,0.075094533738798208,False,50,False
ETO,18,10,18,10,0.56339606039800838,0.077509805125546838,False,50,False
ETO,18,20,18,10,0.71433162796093019,0.050332137929928335,False,50,False
ETO,18,50,18,10,0.83387846055617576,0.024943303419274469,True,50,True
ETO,18,100,18,10,0.85866297845868522,0.013189957585115115,True,50,False
ETO,18,200,18,10,0.95983438657707931,0.018159158091366812,True,50,False
ETO,18,250,18,10,0.99999999999999956,0.024735416038916536,True,50,False
ETO,18,500,18,10,1,0.072126918192702311,True,50,False
ETO,18,1000,18,10,1.0811313368098761,0.070934829966224466,True,50,False
