arm,J,H,node_index,dose_uM_17g,binary64_hex,replicates,wells_per_profile,source
J3,3,150,0,0,0x0.0p+0,3,12,frozen J7 subset
J3,3,150,1,1,0x1.0000000000000p+0,3,12,frozen J7 subset
J3,3,150,2,12.24744871391589,0x1.87eb1990b697ap+3,3,12,frozen J7 subset
J3,3,150,3,150,0x1.2c00000000000p+7,3,12,frozen J7 subset
J4,4,150,0,0,0x0.0p+0,3,15,frozen J7 subset
J4,4,150,1,1,0x1.0000000000000p+0,3,15,frozen J7 subset
J4,4,150,2,5.3132928459130548,0x1.540cfd6fd11c1p+2,3,15,frozen J7 subset
J4,4,150,3,28.231080866430851,0x1.c3b281d9c0d46p+4,3,15,frozen J7 subset
J4,4,150,4,150,0x1.2c00000000000p+7,3,15,frozen J7 subset
J5,5,150,0,0,0x0.0p+0,3,18,frozen J5/J7 reuse
J5,5,150,1,1,0x1.0000000000000p+0,3,18,frozen J5/J7 reuse
J5,5,150,2,3.4996355115805833,0x1.bff40e731454bp+1,3,18,frozen J5/J7 reuse
J5,5,150,3,12.24744871391589,0x1.87eb1990b697ap+3,3,18,frozen J5/J7 reuse
J5,5,150,4,42.861606445481996,0x1.56e491eb8af1ap+5,3,18,frozen J5/J7 reuse
J5,5,150,5,150,0x1.2c00000000000p+7,3,18,frozen J5/J7 reuse
J6,6,150,0,0,0x0.0p+0,3,21,J7 shared
J6,6,150,1,1,0x1.0000000000000p+0,3,21,J7 shared
J6,6,150,2,2.7240699274266613,0x1.5cae52c92844fp+1,3,21,locked latent plus original paired noise
J6,6,150,3,7.4205569695102946,0x1.daea67c789b39p+2,3,21,locked latent plus original paired noise
J6,6,150,4,20.214116085399308,0x1.436d04fd0566bp+4,3,21,locked latent plus original paired noise
J6,6,150,5,55.064665737747816,0x1.b8846f7866638p+5,3,21,locked latent plus original paired noise
J6,6,150,6,150,0x1.2c00000000000p+7,3,21,J7 shared
J7,7,150,0,0,0x0.0p+0,3,24,frozen J5/J7 reuse
J7,7,150,1,1,0x1.0000000000000p+0,3,24,frozen J5/J7 reuse
J7,7,150,2,2.3050581003334938,0x1.270c24d227f79p+1,3,24,frozen J5/J7 reuse
J7,7,150,3,5.3132928459130548,0x1.540cfd6fd11c1p+2,3,24,frozen J5/J7 reuse
J7,7,150,4,12.24744871391589,0x1.87eb1990b697ap+3,3,24,frozen J5/J7 reuse
J7,7,150,5,28.231080866430851,0x1.c3b281d9c0d46p+4,3,24,frozen J5/J7 reuse
J7,7,150,6,65.074281632336366,0x1.044c107bf6501p+6,3,24,frozen J5/J7 reuse
J7,7,150,7,150,0x1.2c00000000000p+7,3,24,frozen J5/J7 reuse
H250,7,250,0,0,0x0.0p+0,3,24,V2 REGENERATED_E1_GRID original raw
H250,7,250,1,1,0x1.0000000000000p+0,3,24,V2 REGENERATED_E1_GRID original raw
H250,7,250,2,2.5099014421834109,0x1.414473512e34cp+1,3,24,V2 REGENERATED_E1_GRID original raw
H250,7,250,3,6.2996052494743653,0x1.932cbb7f0cf2dp+2,3,24,V2 REGENERATED_E1_GRID original raw
H250,7,250,4,15.811388300841896,0x1.f9f6e4990f227p+3,3,24,V2 REGENERATED_E1_GRID original raw
H250,7,250,5,39.685026299204978,0x1.3d7aef117fe1ep+5,3,24,V2 REGENERATED_E1_GRID original raw
H250,7,250,6,99.605504741461203,0x1.8e6c096f58986p+6,3,24,V2 REGENERATED_E1_GRID original raw
H250,7,250,7,250,0x1.f400000000000p+7,3,24,V2 REGENERATED_E1_GRID original raw
