arm,reference,separation,metric,estimand_domain,left,right,difference,CI95_low,CI95_high,intended_pairs,common_valid_pairs,total_weight,common_valid_weight,bootstrap_B,estimate,direction_of_better_performance,denominator_weight,denominator_task_count,resampling_unit,strata_count,blocks_per_stratum,families_per_block,bootstrap_registry,inference_role
H100,H250,ALL,A_valid,all_intended,0.92265594541908169,0.99990740740740736,-0.077251461988325665,-0.088729166666669329,-0.066130116959066787,10200,9373,1.0000000000001705,0.92265594541923901,5000,-0.077251461988325665,higher_is_better,1.0000000000001705,10200,base_block_within_n_pattern_separation; five_families_and_both_arms_together,102,20,5,04_PROVENANCE/FROZEN_BOOTSTRAP_REGISTRY/,descriptive_paired_bootstrap; no_new_pvalue_family
H100,H250,ALL,C_operational_E4,all_intended,0.8503819796061467,0.93270899009950847,-0.082327010493361774,-0.093152757693746549,-0.071762001386081076,10200,9373,1.0000000000001705,0.92265594541923901,5000,-0.082327010493361774,higher_is_better,1.0000000000001705,10200,base_block_within_n_pattern_separation; five_families_and_both_arms_together,102,20,5,04_PROVENANCE/FROZEN_BOOTSTRAP_REGISTRY/,descriptive_paired_bootstrap; no_new_pvalue_family
H100,H250,ALL,ARI,common_valid,0.52236454421110656,0.52346957817642781,-0.0011050339653212449,-0.0069447910973464561,0.0048319171597384263,10200,9373,1.0000000000001705,0.92265594541923901,5000,-0.0011050339653212449,higher_is_better,0.92265594541923901,9373,base_block_within_n_pattern_separation; five_families_and_both_arms_together,102,20,5,04_PROVENANCE/FROZEN_BOOTSTRAP_REGISTRY/,descriptive_paired_bootstrap; no_new_pvalue_family
H100,H250,ALL,BA,common_valid,0.80364951729509837,0.80361362308781459,3.5894207283782009e-05,-0.003123045570801447,0.0031476044036207553,10200,9373,1.0000000000001705,0.92265594541923901,5000,3.5894207283782009e-05,higher_is_better,0.92265594541923901,9373,base_block_within_n_pattern_separation; five_families_and_both_arms_together,102,20,5,04_PROVENANCE/FROZEN_BOOTSTRAP_REGISTRY/,descriptive_paired_bootstrap; no_new_pvalue_family
H100,H250,ALL,MacroF1,common_valid,0.78206138683958448,0.7821958279452037,-0.00013444110561922074,-0.0035248162273257555,0.0032544213886568744,10200,9373,1.0000000000001705,0.92265594541923901,5000,-0.00013444110561922074,higher_is_better,0.92265594541923901,9373,base_block_within_n_pattern_separation; five_families_and_both_arms_together,102,20,5,04_PROVENANCE/FROZEN_BOOTSTRAP_REGISTRY/,descriptive_paired_bootstrap; no_new_pvalue_family
H100,H250,ALL,Extreme,common_valid,0.0030382150765183892,0.0027752982609340147,0.00026291681558437453,-8.9749975375047274e-05,0.00063733900391886101,10200,9373,1.0000000000001705,0.92265594541923901,5000,0.00026291681558437453,lower_is_better,0.92265594541923901,9373,base_block_within_n_pattern_separation; five_families_and_both_arms_together,102,20,5,04_PROVENANCE/FROZEN_BOOTSTRAP_REGISTRY/,descriptive_paired_bootstrap; no_new_pvalue_family
H100,H250,ALL,S_BW,common_valid,0.90674696559817047,0.90608735318081346,0.00065961241735701392,-0.00039543415896790282,0.0017033275369608579,10200,9373,1.0000000000001705,0.92265594541923901,5000,0.00065961241735701392,higher_is_better,0.92265594541923901,9373,base_block_within_n_pattern_separation; five_families_and_both_arms_together,102,20,5,04_PROVENANCE/FROZEN_BOOTSTRAP_REGISTRY/,descriptive_paired_bootstrap; no_new_pvalue_family
H100,H250,ALL,S_tau,common_valid,0.92638662531126259,0.94566677403746047,-0.019280148726197877,-0.022665196298577116,-0.016027804023864653,10200,9373,1.0000000000001705,0.92265594541923901,5000,-0.019280148726197877,higher_is_better,0.92265594541923901,9373,base_block_within_n_pattern_separation; five_families_and_both_arms_together,102,20,5,04_PROVENANCE/FROZEN_BOOTSTRAP_REGISTRY/,descriptive_paired_bootstrap; no_new_pvalue_family
H100,H250,ALL,S_match,common_valid,0.93186884741521758,0.94877829016339277,-0.016909442748175185,-0.020845211771737406,-0.013037605904094971,10200,9373,1.0000000000001705,0.92265594541923901,5000,-0.016909442748175185,higher_is_better,0.92265594541923901,9373,base_block_within_n_pattern_separation; five_families_and_both_arms_together,102,20,5,04_PROVENANCE/FROZEN_BOOTSTRAP_REGISTRY/,descriptive_paired_bootstrap; no_new_pvalue_family
H100,H250,ALL,A_LOO,common_valid,0.98229008762523407,1,-0.017709912374765935,-0.02102411611703206,-0.014556315499188835,10200,9373,1.0000000000001705,0.92265594541923901,5000,-0.017709912374765935,higher_is_better,0.92265594541923901,9373,base_block_within_n_pattern_separation; five_families_and_both_arms_together,102,20,5,04_PROVENANCE/FROZEN_BOOTSTRAP_REGISTRY/,descriptive_paired_bootstrap; no_new_pvalue_family
H100,H250,ALL,C_common,common_valid,0.92166747944152982,0.9335108057938698,-0.011843326352339978,-0.014212013929314293,-0.0094993235474445138,10200,9373,1.0000000000001705,0.92265594541923901,5000,-0.011843326352339978,higher_is_better,0.92265594541923901,9373,base_block_within_n_pattern_separation; five_families_and_both_arms_together,102,20,5,04_PROVENANCE/FROZEN_BOOTSTRAP_REGISTRY/,descriptive_paired_bootstrap; no_new_pvalue_family
H100,H250,weak,A_valid,all_intended,0.97970760233917453,1,-0.020292397660825467,-0.025395102339181044,-0.015672149122806928,3400,3316,0.33333333333334336,0.32656920077973467,5000,-0.020292397660825467,higher_is_better,0.33333333333334336,3400,base_block_within_n_pattern_separation; five_families_and_both_arms_together,34,20,5,04_PROVENANCE/FROZEN_BOOTSTRAP_REGISTRY/,descriptive_paired_bootstrap; no_new_pvalue_family
H100,H250,weak,C_operational_E4,all_intended,0.9011604120966239,0.92555130726673385,-0.02439089517010995,-0.030105304099072132,-0.019262245564663352,3400,3316,0.33333333333334336,0.32656920077973467,5000,-0.02439089517010995,higher_is_better,0.33333333333334336,3400,base_block_within_n_pattern_separation; five_families_and_both_arms_together,34,20,5,04_PROVENANCE/FROZEN_BOOTSTRAP_REGISTRY/,descriptive_paired_bootstrap; no_new_pvalue_family
H100,H250,weak,ARI,common_valid,0.34206423971198041,0.33445644486581261,0.0076077948461678035,-0.0022187342884800744,0.018202430150421896,3400,3316,0.33333333333334336,0.32656920077973467,5000,0.0076077948461678035,higher_is_better,0.32656920077973467,3316,base_block_within_n_pattern_separation; five_families_and_both_arms_together,34,20,5,04_PROVENANCE/FROZEN_BOOTSTRAP_REGISTRY/,descriptive_paired_bootstrap; no_new_pvalue_family
H100,H250,weak,BA,common_valid,0.70689114727756364,0.70386340039535666,0.003027746882206972,-0.0031340241131094264,0.0091549298235305016,3400,3316,0.33333333333334336,0.32656920077973467,5000,0.003027746882206972,higher_is_better,0.32656920077973467,3316,base_block_within_n_pattern_separation; five_families_and_both_arms_together,34,20,5,04_PROVENANCE/FROZEN_BOOTSTRAP_REGISTRY/,descriptive_paired_bootstrap; no_new_pvalue_family
H100,H250,weak,MacroF1,common_valid,0.68240220967788523,0.67947341412550621,0.0029287955523790155,-0.0035789266150418357,0.0093253030463889969,3400,3316,0.33333333333334336,0.32656920077973467,5000,0.0029287955523790155,higher_is_better,0.32656920077973467,3316,base_block_within_n_pattern_separation; five_families_and_both_arms_together,34,20,5,04_PROVENANCE/FROZEN_BOOTSTRAP_REGISTRY/,descriptive_paired_bootstrap; no_new_pvalue_family
H100,H250,weak,Extreme,common_valid,0.0075832189259634518,0.0071347088746956501,0.00044851005126780169,-0.00043186523787473518,0.0013699541676379118,3400,3316,0.33333333333334336,0.32656920077973467,5000,0.00044851005126780169,lower_is_better,0.32656920077973467,3316,base_block_within_n_pattern_separation; five_families_and_both_arms_together,34,20,5,04_PROVENANCE/FROZEN_BOOTSTRAP_REGISTRY/,descriptive_paired_bootstrap; no_new_pvalue_family
H100,H250,weak,S_BW,common_valid,0.88936216392195655,0.88781782495649397,0.0015443389654625772,-0.00066049954596050504,0.0038244884444594918,3400,3316,0.33333333333334336,0.32656920077973467,5000,0.0015443389654625772,higher_is_better,0.32656920077973467,3316,base_block_within_n_pattern_separation; five_families_and_both_arms_together,34,20,5,04_PROVENANCE/FROZEN_BOOTSTRAP_REGISTRY/,descriptive_paired_bootstrap; no_new_pvalue_family
H100,H250,weak,S_tau,common_valid,0.93205578166679404,0.9439276578832495,-0.011871876216455468,-0.015895819584372882,-0.0078957261765285128,3400,3316,0.33333333333334336,0.32656920077973467,5000,-0.011871876216455468,higher_is_better,0.32656920077973467,3316,base_block_within_n_pattern_separation; five_families_and_both_arms_together,34,20,5,04_PROVENANCE/FROZEN_BOOTSTRAP_REGISTRY/,descriptive_paired_bootstrap; no_new_pvalue_family
H100,H250,weak,S_match,common_valid,0.93805970859600807,0.94464416648808991,-0.0065844578920818408,-0.011277466307560494,-0.0022639363555148929,3400,3316,0.33333333333334336,0.32656920077973467,5000,-0.0065844578920818408,higher_is_better,0.32656920077973467,3316,base_block_within_n_pattern_separation; five_families_and_both_arms_together,34,20,5,04_PROVENANCE/FROZEN_BOOTSTRAP_REGISTRY/,descriptive_paired_bootstrap; no_new_pvalue_family
H100,H250,weak,A_LOO,common_valid,0.99224848617494421,1,-0.0077515138250557891,-0.01067250555692901,-0.005274032397522296,3400,3316,0.33333333333334336,0.32656920077973467,5000,-0.0077515138250557891,higher_is_better,0.32656920077973467,3316,base_block_within_n_pattern_separation; five_families_and_both_arms_together,34,20,5,04_PROVENANCE/FROZEN_BOOTSTRAP_REGISTRY/,descriptive_paired_bootstrap; no_new_pvalue_family
H100,H250,weak,C_common,common_valid,0.91982588472825022,0.9254632164426092,-0.0056373317143589841,-0.0083325476279740712,-0.0031487157267228892,3400,3316,0.33333333333334336,0.32656920077973467,5000,-0.0056373317143589841,higher_is_better,0.32656920077973467,3316,base_block_within_n_pattern_separation; five_families_and_both_arms_together,34,20,5,04_PROVENANCE/FROZEN_BOOTSTRAP_REGISTRY/,descriptive_paired_bootstrap; no_new_pvalue_family
H100,H250,moderate,A_valid,all_intended,0.91789473684207568,1,-0.082105263157924324,-0.10435709064327446,-0.061941520467835992,3400,3129,0.33333333333334336,0.30596491228070111,5000,-0.082105263157924324,higher_is_better,0.33333333333334336,3400,base_block_within_n_pattern_separation; five_families_and_both_arms_together,34,20,5,04_PROVENANCE/FROZEN_BOOTSTRAP_REGISTRY/,descriptive_paired_bootstrap; no_new_pvalue_family
H100,H250,moderate,C_operational_E4,all_intended,0.84502054070202148,0.93291955402483062,-0.087899013322809139,-0.10900488320587333,-0.068318480128231662,3400,3129,0.33333333333334336,0.30596491228070111,5000,-0.087899013322809139,higher_is_better,0.33333333333334336,3400,base_block_within_n_pattern_separation; five_families_and_both_arms_together,34,20,5,04_PROVENANCE/FROZEN_BOOTSTRAP_REGISTRY/,descriptive_paired_bootstrap; no_new_pvalue_family
H100,H250,moderate,ARI,common_valid,0.54490304370469222,0.55215676143576908,-0.0072537177310768586,-0.018177712691708571,0.0032192152726007515,3400,3129,0.33333333333334336,0.30596491228070111,5000,-0.0072537177310768586,higher_is_better,0.30596491228070111,3129,base_block_within_n_pattern_separation; five_families_and_both_arms_together,34,20,5,04_PROVENANCE/FROZEN_BOOTSTRAP_REGISTRY/,descriptive_paired_bootstrap; no_new_pvalue_family
H100,H250,moderate,BA,common_valid,0.8209025979931095,0.82192711411661501,-0.0010245161235055145,-0.0059792782296944486,0.0038246896999325156,3400,3129,0.33333333333334336,0.30596491228070111,5000,-0.0010245161235055145,higher_is_better,0.30596491228070111,3129,base_block_within_n_pattern_separation; five_families_and_both_arms_together,34,20,5,04_PROVENANCE/FROZEN_BOOTSTRAP_REGISTRY/,descriptive_paired_bootstrap; no_new_pvalue_family
H100,H250,moderate,MacroF1,common_valid,0.7981714703576408,0.79945678968657241,-0.0012853193289316112,-0.0067499282889035422,0.0041413192230478875,3400,3129,0.33333333333334336,0.30596491228070111,5000,-0.0012853193289316112,higher_is_better,0.30596491228070111,3129,base_block_within_n_pattern_separation; five_families_and_both_arms_together,34,20,5,04_PROVENANCE/FROZEN_BOOTSTRAP_REGISTRY/,descriptive_paired_bootstrap; no_new_pvalue_family
H100,H250,moderate,Extreme,common_valid,0.00084416411824668849,0.00069727602219957099,0.00014688809604711749,-0.00030296644360935303,0.00070717415411858863,3400,3129,0.33333333333334336,0.30596491228070111,5000,0.00014688809604711749,lower_is_better,0.30596491228070111,3129,base_block_within_n_pattern_separation; five_families_and_both_arms_together,34,20,5,04_PROVENANCE/FROZEN_BOOTSTRAP_REGISTRY/,descriptive_paired_bootstrap; no_new_pvalue_family
H100,H250,moderate,S_BW,common_valid,0.90595769732542386,0.90729812708621838,-0.0013404297607945148,-0.0028566211041226976,0.00021824207461204026,3400,3129,0.33333333333334336,0.30596491228070111,5000,-0.0013404297607945148,higher_is_better,0.30596491228070111,3129,base_block_within_n_pattern_separation; five_families_and_both_arms_together,34,20,5,04_PROVENANCE/FROZEN_BOOTSTRAP_REGISTRY/,descriptive_paired_bootstrap; no_new_pvalue_family
H100,H250,moderate,S_tau,common_valid,0.92686351294645553,0.94539253165787751,-0.018529018711421985,-0.023504763651432999,-0.013713499037231442,3400,3129,0.33333333333334336,0.30596491228070111,5000,-0.018529018711421985,higher_is_better,0.30596491228070111,3129,base_block_within_n_pattern_separation; five_families_and_both_arms_together,34,20,5,04_PROVENANCE/FROZEN_BOOTSTRAP_REGISTRY/,descriptive_paired_bootstrap; no_new_pvalue_family
H100,H250,moderate,S_match,common_valid,0.92900051105935011,0.94700689890673384,-0.018006387847383731,-0.024477957004560128,-0.011516310209657545,3400,3129,0.33333333333334336,0.30596491228070111,5000,-0.018006387847383731,higher_is_better,0.30596491228070111,3129,base_block_within_n_pattern_separation; five_families_and_both_arms_together,34,20,5,04_PROVENANCE/FROZEN_BOOTSTRAP_REGISTRY/,descriptive_paired_bootstrap; no_new_pvalue_family
H100,H250,moderate,A_LOO,common_valid,0.9833352800430345,1,-0.016664719956965501,-0.022126096286541393,-0.011700746565255167,3400,3129,0.33333333333334336,0.30596491228070111,5000,-0.016664719956965501,higher_is_better,0.30596491228070111,3129,base_block_within_n_pattern_separation; five_families_and_both_arms_together,34,20,5,04_PROVENANCE/FROZEN_BOOTSTRAP_REGISTRY/,descriptive_paired_bootstrap; no_new_pvalue_family
H100,H250,moderate,C_common,common_valid,0.92060724044374576,0.93323251921694306,-0.012625278773197302,-0.016361803996097081,-0.0090126801076040181,3400,3129,0.33333333333334336,0.30596491228070111,5000,-0.012625278773197302,higher_is_better,0.30596491228070111,3129,base_block_within_n_pattern_separation; five_families_and_both_arms_together,34,20,5,04_PROVENANCE/FROZEN_BOOTSTRAP_REGISTRY/,descriptive_paired_bootstrap; no_new_pvalue_family
H100,H250,strong,A_valid,all_intended,0.87036549707597854,0.99972222222222207,-0.12935672514624352,-0.15467909356725135,-0.10438559941520413,3400,2928,0.33333333333334336,0.29012183235866823,5000,-0.12935672514624352,higher_is_better,0.33333333333334336,3400,base_block_within_n_pattern_separation; five_families_and_both_arms_together,34,20,5,04_PROVENANCE/FROZEN_BOOTSTRAP_REGISTRY/,descriptive_paired_bootstrap; no_new_pvalue_family
H100,H250,strong,C_operational_E4,all_intended,0.80496498602016464,0.9396561090073613,-0.13469112298719665,-0.1584978821932895,-0.1109467966976833,3400,2928,0.33333333333334336,0.29012183235866823,5000,-0.13469112298719665,higher_is_better,0.33333333333334336,3400,base_block_within_n_pattern_separation; five_families_and_both_arms_together,34,20,5,04_PROVENANCE/FROZEN_BOOTSTRAP_REGISTRY/,descriptive_paired_bootstrap; no_new_pvalue_family
H100,H250,strong,ARI,common_valid,0.70154628967837362,0.7059742726428474,-0.0044279829644737756,-0.014286188892871587,0.0052369880433063417,3400,2928,0.33333333333334336,0.29012183235866823,5000,-0.0044279829644737756,higher_is_better,0.29012183235866823,2928,base_block_within_n_pattern_separation; five_families_and_both_arms_together,34,20,5,04_PROVENANCE/FROZEN_BOOTSTRAP_REGISTRY/,descriptive_paired_bootstrap; no_new_pvalue_family
H100,H250,strong,BA,common_valid,0.89436818548069041,0.89658168621811807,-0.0022135007374276539,-0.0071523602648263353,0.0024522149439763388,3400,2928,0.33333333333334336,0.29012183235866823,5000,-0.0022135007374276539,higher_is_better,0.29012183235866823,2928,base_block_within_n_pattern_separation; five_families_and_both_arms_together,34,20,5,04_PROVENANCE/FROZEN_BOOTSTRAP_REGISTRY/,descriptive_paired_bootstrap; no_new_pvalue_family
H100,H250,strong,MacroF1,common_valid,0.87725069858907034,0.8796194782389023,-0.0023687796498319535,-0.0077458302801978627,0.0026614750010332802,3400,2928,0.33333333333334336,0.29012183235866823,5000,-0.0023687796498319535,higher_is_better,0.29012183235866823,2928,base_block_within_n_pattern_separation; five_families_and_both_arms_together,34,20,5,04_PROVENANCE/FROZEN_BOOTSTRAP_REGISTRY/,descriptive_paired_bootstrap; no_new_pvalue_family
H100,H250,strong,Extreme,common_valid,0.00023609687997507028,5.9724111930452563e-05,0.0001763727680446177,9.6023828258760587e-06,0.00043429170981566702,3400,2928,0.33333333333334336,0.29012183235866823,5000,0.0001763727680446177,lower_is_better,0.29012183235866823,2928,base_block_within_n_pattern_separation; five_families_and_both_arms_together,34,20,5,04_PROVENANCE/FROZEN_BOOTSTRAP_REGISTRY/,descriptive_paired_bootstrap; no_new_pvalue_family
H100,H250,strong,S_BW,common_valid,0.92714815064156852,0.92537514980647306,0.0017730008350954618,0.00032724795120285256,0.003117170448128728,3400,2928,0.33333333333334336,0.29012183235866823,5000,0.0017730008350954618,higher_is_better,0.29012183235866823,2928,base_block_within_n_pattern_separation; five_families_and_both_arms_together,34,20,5,04_PROVENANCE/FROZEN_BOOTSTRAP_REGISTRY/,descriptive_paired_bootstrap; no_new_pvalue_family
H100,H250,strong,S_tau,common_valid,0.9195023356070694,0.94791358984235696,-0.028411254235287564,-0.036436032766240162,-0.020915598611583763,3400,2928,0.33333333333334336,0.29012183235866823,5000,-0.028411254235287564,higher_is_better,0.29012183235866823,2928,base_block_within_n_pattern_separation; five_families_and_both_arms_together,34,20,5,04_PROVENANCE/FROZEN_BOOTSTRAP_REGISTRY/,descriptive_paired_bootstrap; no_new_pvalue_family
H100,H250,strong,S_match,common_valid,0.92792521346992241,0.95529989875701271,-0.027374685287090306,-0.036545086690021392,-0.018847979534311519,3400,2928,0.33333333333334336,0.29012183235866823,5000,-0.027374685287090306,higher_is_better,0.29012183235866823,2928,base_block_within_n_pattern_separation; five_families_and_both_arms_together,34,20,5,04_PROVENANCE/FROZEN_BOOTSTRAP_REGISTRY/,descriptive_paired_bootstrap; no_new_pvalue_family
H100,H250,strong,A_LOO,common_valid,0.96997836867319875,1,-0.030021631326801246,-0.038164302097644348,-0.022395726695970081,3400,2928,0.33333333333334336,0.29012183235866823,5000,-0.030021631326801246,higher_is_better,0.29012183235866823,2928,base_block_within_n_pattern_separation; five_families_and_both_arms_together,34,20,5,04_PROVENANCE/FROZEN_BOOTSTRAP_REGISTRY/,descriptive_paired_bootstrap; no_new_pvalue_family
H100,H250,strong,C_common,common_valid,0.92485856657286047,0.94286287946861447,-0.018004312895753993,-0.023831071709545862,-0.01257773759442379,3400,2928,0.33333333333334336,0.29012183235866823,5000,-0.018004312895753993,higher_is_better,0.29012183235866823,2928,base_block_within_n_pattern_separation; five_families_and_both_arms_together,34,20,5,04_PROVENANCE/FROZEN_BOOTSTRAP_REGISTRY/,descriptive_paired_bootstrap; no_new_pvalue_family
H150,H250,ALL,A_valid,all_intended,0.98628167641325182,0.99990740740740736,-0.013625730994155538,-0.017923976608187675,-0.0098099415204684296,10200,10036,1.0000000000001705,0.98628167641342002,5000,-0.013625730994155538,higher_is_better,1.0000000000001705,10200,base_block_within_n_pattern_separation; five_families_and_both_arms_together,102,20,5,04_PROVENANCE/FROZEN_BOOTSTRAP_REGISTRY/,descriptive_paired_bootstrap; no_new_pvalue_family
H150,H250,ALL,C_operational_E4,all_intended,0.91428160080501719,0.93270899009950847,-0.018427389294491281,-0.022929212025011504,-0.014220706782081283,10200,10036,1.0000000000001705,0.98628167641342002,5000,-0.018427389294491281,higher_is_better,1.0000000000001705,10200,base_block_within_n_pattern_separation; five_families_and_both_arms_together,102,20,5,04_PROVENANCE/FROZEN_BOOTSTRAP_REGISTRY/,descriptive_paired_bootstrap; no_new_pvalue_family
H150,H250,ALL,ARI,common_valid,0.52315568123462375,0.52586735482548097,-0.002711673590857222,-0.0083062819435076318,0.0028910888894331755,10200,10036,1.0000000000001705,0.98628167641342002,5000,-0.002711673590857222,higher_is_better,0.98628167641342002,10036,base_block_within_n_pattern_separation; five_families_and_both_arms_together,102,20,5,04_PROVENANCE/FROZEN_BOOTSTRAP_REGISTRY/,descriptive_paired_bootstrap; no_new_pvalue_family
H150,H250,ALL,BA,common_valid,0.80137181420169523,0.80174488414785083,-0.00037306994615560196,-0.0034557347679050692,0.0025883036893026901,10200,10036,1.0000000000001705,0.98628167641342002,5000,-0.00037306994615560196,higher_is_better,0.98628167641342002,10036,base_block_within_n_pattern_separation; five_families_and_both_arms_together,102,20,5,04_PROVENANCE/FROZEN_BOOTSTRAP_REGISTRY/,descriptive_paired_bootstrap; no_new_pvalue_family
H150,H250,ALL,MacroF1,common_valid,0.77943521358613732,0.7798386597017164,-0.00040344611557907584,-0.0037080460084547491,0.0027777055582133944,10200,10036,1.0000000000001705,0.98628167641342002,5000,-0.00040344611557907584,higher_is_better,0.98628167641342002,10036,base_block_within_n_pattern_separation; five_families_and_both_arms_together,102,20,5,04_PROVENANCE/FROZEN_BOOTSTRAP_REGISTRY/,descriptive_paired_bootstrap; no_new_pvalue_family
H150,H250,ALL,Extreme,common_valid,0.0025872031578972341,0.0027137496465752947,-0.00012654648867806064,-0.00045945673823088491,0.00018615075814893772,10200,10036,1.0000000000001705,0.98628167641342002,5000,-0.00012654648867806064,lower_is_better,0.98628167641342002,10036,base_block_within_n_pattern_separation; five_families_and_both_arms_together,102,20,5,04_PROVENANCE/FROZEN_BOOTSTRAP_REGISTRY/,descriptive_paired_bootstrap; no_new_pvalue_family
H150,H250,ALL,S_BW,common_valid,0.90654597647287005,0.9062801638573863,0.00026581261548375146,-0.00075547118817839427,0.0012526872971407278,10200,10036,1.0000000000001705,0.98628167641342002,5000,0.00026581261548375146,higher_is_better,0.98628167641342002,10036,base_block_within_n_pattern_separation; five_families_and_both_arms_together,102,20,5,04_PROVENANCE/FROZEN_BOOTSTRAP_REGISTRY/,descriptive_paired_bootstrap; no_new_pvalue_family
H150,H250,ALL,S_tau,common_valid,0.93584799223745019,0.94521053432341839,-0.0093625420859682063,-0.01263843668799601,-0.0063729666873135419,10200,10036,1.0000000000001705,0.98628167641342002,5000,-0.0093625420859682063,higher_is_better,0.98628167641342002,10036,base_block_within_n_pattern_separation; five_families_and_both_arms_together,102,20,5,04_PROVENANCE/FROZEN_BOOTSTRAP_REGISTRY/,descriptive_paired_bootstrap; no_new_pvalue_family
H150,H250,ALL,S_match,common_valid,0.93860142845638062,0.94743293767165671,-0.0088315092152760899,-0.012315898010629411,-0.0055461972105230618,10200,10036,1.0000000000001705,0.98628167641342002,5000,-0.0088315092152760899,higher_is_better,0.98628167641342002,10036,base_block_within_n_pattern_separation; five_families_and_both_arms_together,102,20,5,04_PROVENANCE/FROZEN_BOOTSTRAP_REGISTRY/,descriptive_paired_bootstrap; no_new_pvalue_family
H150,H250,ALL,A_LOO,common_valid,0.99086257490535989,1,-0.0091374250946401059,-0.012450510819963886,-0.0063221272069000668,10200,10036,1.0000000000001705,0.98628167641342002,5000,-0.0091374250946401059,higher_is_better,0.98628167641342002,10036,base_block_within_n_pattern_separation; five_families_and_both_arms_together,102,20,5,04_PROVENANCE/FROZEN_BOOTSTRAP_REGISTRY/,descriptive_paired_bootstrap; no_new_pvalue_family
H150,H250,ALL,C_common,common_valid,0.92699846572221356,0.93297454528413459,-0.0059760795619210327,-0.0081823920019053996,-0.0039532022790788662,10200,10036,1.0000000000001705,0.98628167641342002,5000,-0.0059760795619210327,higher_is_better,0.98628167641342002,10036,base_block_within_n_pattern_separation; five_families_and_both_arms_together,102,20,5,04_PROVENANCE/FROZEN_BOOTSTRAP_REGISTRY/,descriptive_paired_bootstrap; no_new_pvalue_family
H150,H250,weak,A_valid,all_intended,1,1,0,0,0,3400,3400,0.33333333333334336,0.33333333333334336,5000,0,higher_is_better,0.33333333333334336,3400,base_block_within_n_pattern_separation; five_families_and_both_arms_together,34,20,5,04_PROVENANCE/FROZEN_BOOTSTRAP_REGISTRY/,descriptive_paired_bootstrap; no_new_pvalue_family
H150,H250,weak,C_operational_E4,all_intended,0.92557567722261358,0.92555130726673385,2.4369955879732785e-05,-0.0024662174018468901,0.0024263524868323103,3400,3400,0.33333333333334336,0.33333333333334336,5000,2.4369955879732785e-05,higher_is_better,0.33333333333334336,3400,base_block_within_n_pattern_separation; five_families_and_both_arms_together,34,20,5,04_PROVENANCE/FROZEN_BOOTSTRAP_REGISTRY/,descriptive_paired_bootstrap; no_new_pvalue_family
H150,H250,weak,ARI,common_valid,0.33432558291438969,0.33362663589517627,0.00069894701921341396,-0.0074573409038630441,0.0084088621625457351,3400,3400,0.33333333333334336,0.33333333333334336,5000,0.00069894701921341396,higher_is_better,0.33333333333334336,3400,base_block_within_n_pattern_separation; five_families_and_both_arms_together,34,20,5,04_PROVENANCE/FROZEN_BOOTSTRAP_REGISTRY/,descriptive_paired_bootstrap; no_new_pvalue_family
H150,H250,weak,BA,common_valid,0.70390552623409641,0.7033533703138839,0.00055215592021251592,-0.0050372109047548382,0.0057683913302155531,3400,3400,0.33333333333334336,0.33333333333334336,5000,0.00055215592021251592,higher_is_better,0.33333333333334336,3400,base_block_within_n_pattern_separation; five_families_and_both_arms_together,34,20,5,04_PROVENANCE/FROZEN_BOOTSTRAP_REGISTRY/,descriptive_paired_bootstrap; no_new_pvalue_family
H150,H250,weak,MacroF1,common_valid,0.67894018029571368,0.67869116768380489,0.00024901261190879431,-0.0054324813507439871,0.0055134455712906429,3400,3400,0.33333333333334336,0.33333333333334336,5000,0.00024901261190879431,higher_is_better,0.33333333333334336,3400,base_block_within_n_pattern_separation; five_families_and_both_arms_together,34,20,5,04_PROVENANCE/FROZEN_BOOTSTRAP_REGISTRY/,descriptive_paired_bootstrap; no_new_pvalue_family
H150,H250,weak,Extreme,common_valid,0.0068583495776476716,0.0072400909681610186,-0.00038174139051334703,-0.0013321150097465899,0.00049953297595841468,3400,3400,0.33333333333334336,0.33333333333334336,5000,-0.00038174139051334703,lower_is_better,0.33333333333334336,3400,base_block_within_n_pattern_separation; five_families_and_both_arms_together,34,20,5,04_PROVENANCE/FROZEN_BOOTSTRAP_REGISTRY/,descriptive_paired_bootstrap; no_new_pvalue_family
H150,H250,weak,S_BW,common_valid,0.88845574349831513,0.88765735232591014,0.00079839117240498858,-0.001608834393786901,0.003026746252061173,3400,3400,0.33333333333334336,0.33333333333334336,5000,0.00079839117240498858,higher_is_better,0.33333333333334336,3400,base_block_within_n_pattern_separation; five_families_and_both_arms_together,34,20,5,04_PROVENANCE/FROZEN_BOOTSTRAP_REGISTRY/,descriptive_paired_bootstrap; no_new_pvalue_family
H150,H250,weak,S_tau,common_valid,0.94253820602721572,0.94418558061256475,-0.0016473745853490263,-0.0049063034657663655,0.0017497424966005501,3400,3400,0.33333333333334336,0.33333333333334336,5000,-0.0016473745853490263,higher_is_better,0.33333333333334336,3400,base_block_within_n_pattern_separation; five_families_and_both_arms_together,34,20,5,04_PROVENANCE/FROZEN_BOOTSTRAP_REGISTRY/,descriptive_paired_bootstrap; no_new_pvalue_family
H150,H250,weak,S_match,common_valid,0.94573308214231633,0.94481098886173032,0.00092209328058601159,-0.003420399214801681,0.0052087283873976462,3400,3400,0.33333333333334336,0.33333333333334336,5000,0.00092209328058601159,higher_is_better,0.33333333333334336,3400,base_block_within_n_pattern_separation; five_families_and_both_arms_together,34,20,5,04_PROVENANCE/FROZEN_BOOTSTRAP_REGISTRY/,descriptive_paired_bootstrap; no_new_pvalue_family
H150,H250,weak,A_LOO,common_valid,0.99935672514619867,1,-0.00064327485380133442,-0.0012353801169590062,-0.00013888888888902162,3400,3400,0.33333333333334336,0.33333333333334336,5000,-0.00064327485380133442,higher_is_better,0.33333333333334336,3400,base_block_within_n_pattern_separation; five_families_and_both_arms_together,34,20,5,04_PROVENANCE/FROZEN_BOOTSTRAP_REGISTRY/,descriptive_paired_bootstrap; no_new_pvalue_family
H150,H250,weak,C_common,common_valid,0.92557567722261358,0.92555130726673385,2.4369955879732785e-05,-0.0024662174018468901,0.0024263524868323103,3400,3400,0.33333333333334336,0.33333333333334336,5000,2.4369955879732785e-05,higher_is_better,0.33333333333334336,3400,base_block_within_n_pattern_separation; five_families_and_both_arms_together,34,20,5,04_PROVENANCE/FROZEN_BOOTSTRAP_REGISTRY/,descriptive_paired_bootstrap; no_new_pvalue_family
H150,H250,moderate,A_valid,all_intended,0.99497076023391662,1,-0.0050292397660833821,-0.0071644736842105261,-0.0030701754385964453,3400,3376,0.33333333333334336,0.3316569200779822,5000,-0.0050292397660833821,higher_is_better,0.33333333333334336,3400,base_block_within_n_pattern_separation; five_families_and_both_arms_together,34,20,5,04_PROVENANCE/FROZEN_BOOTSTRAP_REGISTRY/,descriptive_paired_bootstrap; no_new_pvalue_family
H150,H250,moderate,C_operational_E4,all_intended,0.92178069435263377,0.93291955402483062,-0.011138859672196855,-0.014540459886499778,-0.0078127337685939945,3400,3376,0.33333333333334336,0.3316569200779822,5000,-0.011138859672196855,higher_is_better,0.33333333333334336,3400,base_block_within_n_pattern_separation; five_families_and_both_arms_together,34,20,5,04_PROVENANCE/FROZEN_BOOTSTRAP_REGISTRY/,descriptive_paired_bootstrap; no_new_pvalue_family
H150,H250,moderate,ARI,common_valid,0.54898325687065996,0.54904647131726003,-6.3214446600068364e-05,-0.010425420632879514,0.010327710154564984,3400,3376,0.33333333333334336,0.3316569200779822,5000,-6.3214446600068364e-05,higher_is_better,0.3316569200779822,3376,base_block_within_n_pattern_separation; five_families_and_both_arms_together,34,20,5,04_PROVENANCE/FROZEN_BOOTSTRAP_REGISTRY/,descriptive_paired_bootstrap; no_new_pvalue_family
H150,H250,moderate,BA,common_valid,0.81822059989486318,0.81603853857437236,0.0021820613204908135,-0.0031050292367225452,0.0077134569380329825,3400,3376,0.33333333333334336,0.3316569200779822,5000,0.0021820613204908135,higher_is_better,0.3316569200779822,3376,base_block_within_n_pattern_separation; five_families_and_both_arms_together,34,20,5,04_PROVENANCE/FROZEN_BOOTSTRAP_REGISTRY/,descriptive_paired_bootstrap; no_new_pvalue_family
H150,H250,moderate,MacroF1,common_valid,0.79580840826158217,0.79307527073081352,0.0027331375307686478,-0.0030055037947121195,0.0088229611054242135,3400,3376,0.33333333333334336,0.3316569200779822,5000,0.0027331375307686478,higher_is_better,0.3316569200779822,3376,base_block_within_n_pattern_separation; five_families_and_both_arms_together,34,20,5,04_PROVENANCE/FROZEN_BOOTSTRAP_REGISTRY/,descriptive_paired_bootstrap; no_new_pvalue_family
H150,H250,moderate,Extreme,common_valid,0.00063591421443776497,0.00071999529798987016,-8.4081083552105186e-05,-0.0003038218969544092,0.00012176797898659073,3400,3376,0.33333333333334336,0.3316569200779822,5000,-8.4081083552105186e-05,lower_is_better,0.3316569200779822,3376,base_block_within_n_pattern_separation; five_families_and_both_arms_together,34,20,5,04_PROVENANCE/FROZEN_BOOTSTRAP_REGISTRY/,descriptive_paired_bootstrap; no_new_pvalue_family
H150,H250,moderate,S_BW,common_valid,0.90620069769449341,0.90672926403019061,-0.00052856633569720035,-0.0019059479346994561,0.00090293908704785976,3400,3376,0.33333333333334336,0.3316569200779822,5000,-0.00052856633569720035,higher_is_better,0.3316569200779822,3376,base_block_within_n_pattern_separation; five_families_and_both_arms_together,34,20,5,04_PROVENANCE/FROZEN_BOOTSTRAP_REGISTRY/,descriptive_paired_bootstrap; no_new_pvalue_family
H150,H250,moderate,S_tau,common_valid,0.93626168394873588,0.94532327433223717,-0.0090615903835012945,-0.012902935039235577,-0.0052260981000168318,3400,3376,0.33333333333334336,0.3316569200779822,5000,-0.0090615903835012945,higher_is_better,0.3316569200779822,3376,base_block_within_n_pattern_separation; five_families_and_both_arms_together,34,20,5,04_PROVENANCE/FROZEN_BOOTSTRAP_REGISTRY/,descriptive_paired_bootstrap; no_new_pvalue_family
H150,H250,moderate,S_match,common_valid,0.93685756782721696,0.94675572684351028,-0.0098981590162933175,-0.014766600802350241,-0.0052712722120357913,3400,3376,0.33333333333334336,0.3316569200779822,5000,-0.0098981590162933175,higher_is_better,0.3316569200779822,3376,base_block_within_n_pattern_separation; five_families_and_both_arms_together,34,20,5,04_PROVENANCE/FROZEN_BOOTSTRAP_REGISTRY/,descriptive_paired_bootstrap; no_new_pvalue_family
H150,H250,moderate,A_LOO,common_valid,0.9928310672256806,1,-0.0071689327743194031,-0.010341594643355956,-0.0043096305313126918,3400,3376,0.33333333333334336,0.3316569200779822,5000,-0.0071689327743194031,higher_is_better,0.3316569200779822,3376,base_block_within_n_pattern_separation; five_families_and_both_arms_together,34,20,5,04_PROVENANCE/FROZEN_BOOTSTRAP_REGISTRY/,descriptive_paired_bootstrap; no_new_pvalue_family
H150,H250,moderate,C_common,common_valid,0.92643998315681553,0.93293608840197761,-0.0064961052451620871,-0.0092603521872382001,-0.0038874244278081843,3400,3376,0.33333333333334336,0.3316569200779822,5000,-0.0064961052451620871,higher_is_better,0.3316569200779822,3376,base_block_within_n_pattern_separation; five_families_and_both_arms_together,34,20,5,04_PROVENANCE/FROZEN_BOOTSTRAP_REGISTRY/,descriptive_paired_bootstrap; no_new_pvalue_family
H150,H250,strong,A_valid,all_intended,0.96387426900583573,0.99972222222222207,-0.035847953216386341,-0.048670321637426635,-0.024488304093567059,3400,3260,0.33333333333334336,0.3212914230019549,5000,-0.035847953216386341,higher_is_better,0.33333333333334336,3400,base_block_within_n_pattern_separation; five_families_and_both_arms_together,34,20,5,04_PROVENANCE/FROZEN_BOOTSTRAP_REGISTRY/,descriptive_paired_bootstrap; no_new_pvalue_family
H150,H250,strong,C_operational_E4,all_intended,0.89548843084019736,0.9396561090073613,-0.044167678167163937,-0.056987923654152117,-0.03202729457053017,3400,3260,0.33333333333334336,0.3212914230019549,5000,-0.044167678167163937,higher_is_better,0.33333333333334336,3400,base_block_within_n_pattern_separation; five_families_and_both_arms_together,34,20,5,04_PROVENANCE/FROZEN_BOOTSTRAP_REGISTRY/,descriptive_paired_bootstrap; no_new_pvalue_family
H150,H250,strong,ARI,common_valid,0.69240225311695647,0.70138628007660275,-0.0089840269596462852,-0.019794251045412603,0.0011589200841494503,3400,3260,0.33333333333334336,0.3212914230019549,5000,-0.0089840269596462852,higher_is_better,0.3212914230019549,3260,base_block_within_n_pattern_separation; five_families_and_both_arms_together,34,20,5,04_PROVENANCE/FROZEN_BOOTSTRAP_REGISTRY/,descriptive_paired_bootstrap; no_new_pvalue_family
H150,H250,strong,BA,common_valid,0.88509874981228376,0.88906928768216642,-0.0039705378698826621,-0.0087907511937280608,0.0004067792889182273,3400,3260,0.33333333333334336,0.3212914230019549,5000,-0.0039705378698826621,higher_is_better,0.3212914230019549,3260,base_block_within_n_pattern_separation; five_families_and_both_arms_together,34,20,5,04_PROVENANCE/FROZEN_BOOTSTRAP_REGISTRY/,descriptive_paired_bootstrap; no_new_pvalue_family
H150,H250,strong,MacroF1,common_valid,0.86679534555008986,0.87111348040046177,-0.004318134850371913,-0.0095960317984264618,0.00070676239599389446,3400,3260,0.33333333333334336,0.3212914230019549,5000,-0.004318134850371913,higher_is_better,0.3212914230019549,3260,base_block_within_n_pattern_separation; five_families_and_both_arms_together,34,20,5,04_PROVENANCE/FROZEN_BOOTSTRAP_REGISTRY/,descriptive_paired_bootstrap; no_new_pvalue_family
H150,H250,strong,Extreme,common_valid,0.00017021678202645314,7.5839160308815759e-05,9.4377621717637382e-05,1.6879511592444037e-06,0.00019491621555644905,3400,3260,0.33333333333334336,0.3212914230019549,5000,9.4377621717637382e-05,lower_is_better,0.3212914230019549,3260,base_block_within_n_pattern_separation; five_families_and_both_arms_together,34,20,5,04_PROVENANCE/FROZEN_BOOTSTRAP_REGISTRY/,descriptive_paired_bootstrap; no_new_pvalue_family
H150,H250,strong,S_BW,common_valid,0.92567064434324919,0.92513736398809543,0.0005332803551537646,-0.00064841450681099306,0.0017093989885736179,3400,3260,0.33333333333334336,0.3212914230019549,5000,0.0005332803551537646,higher_is_better,0.3212914230019549,3260,base_block_within_n_pattern_separation; five_families_and_both_arms_together,34,20,5,04_PROVENANCE/FROZEN_BOOTSTRAP_REGISTRY/,descriptive_paired_bootstrap; no_new_pvalue_family
H150,H250,strong,S_tau,common_valid,0.92847999293068073,0.94615752578105294,-0.017677532850372213,-0.026376181945215404,-0.010254213171663711,3400,3260,0.33333333333334336,0.3212914230019549,5000,-0.017677532850372213,higher_is_better,0.3212914230019549,3260,base_block_within_n_pattern_separation; five_families_and_both_arms_together,34,20,5,04_PROVENANCE/FROZEN_BOOTSTRAP_REGISTRY/,descriptive_paired_bootstrap; no_new_pvalue_family
H150,H250,strong,S_match,common_valid,0.93300260346096919,0.95085221536034581,-0.017849611899376616,-0.026502215036124242,-0.010485736866348582,3400,3260,0.33333333333334336,0.3212914230019549,5000,-0.017849611899376616,higher_is_better,0.3212914230019549,3260,base_block_within_n_pattern_separation; five_families_and_both_arms_together,34,20,5,04_PROVENANCE/FROZEN_BOOTSTRAP_REGISTRY/,descriptive_paired_bootstrap; no_new_pvalue_family
H150,H250,strong,A_LOO,common_valid,0.98001806657329305,1,-0.019981933426706955,-0.02938138059516749,-0.012025387775130021,3400,3260,0.33333333333334336,0.3212914230019549,5000,-0.019981933426706955,higher_is_better,0.3212914230019549,3260,base_block_within_n_pattern_separation; five_families_and_both_arms_together,34,20,5,04_PROVENANCE/FROZEN_BOOTSTRAP_REGISTRY/,descriptive_paired_bootstrap; no_new_pvalue_family
H150,H250,strong,C_common,common_valid,0.92905108024496463,0.94071570170982699,-0.011664621464862357,-0.017427763619391044,-0.0068013441450174772,3400,3260,0.33333333333334336,0.3212914230019549,5000,-0.011664621464862357,higher_is_better,0.3212914230019549,3260,base_block_within_n_pattern_separation; five_families_and_both_arms_together,34,20,5,04_PROVENANCE/FROZEN_BOOTSTRAP_REGISTRY/,descriptive_paired_bootstrap; no_new_pvalue_family
H200,H250,ALL,A_valid,all_intended,0.99879142300194901,0.99990740740740736,-0.0011159844054583479,-0.0020808966861599635,-0.00039473684210522553,10200,10184,1.0000000000001705,0.99879142300211932,5000,-0.0011159844054583479,higher_is_better,1.0000000000001705,10200,base_block_within_n_pattern_separation; five_families_and_both_arms_together,102,20,5,04_PROVENANCE/FROZEN_BOOTSTRAP_REGISTRY/,descriptive_paired_bootstrap; no_new_pvalue_family
H200,H250,ALL,C_operational_E4,all_intended,0.93099309486435677,0.93270899009950847,-0.0017158952351516987,-0.0033983899814458676,-0.00018297529579476194,10200,10184,1.0000000000001705,0.99879142300211932,5000,-0.0017158952351516987,higher_is_better,1.0000000000001705,10200,base_block_within_n_pattern_separation; five_families_and_both_arms_together,102,20,5,04_PROVENANCE/FROZEN_BOOTSTRAP_REGISTRY/,descriptive_paired_bootstrap; no_new_pvalue_family
H200,H250,ALL,ARI,common_valid,0.53027074148835385,0.52643200775687804,0.0038387337314758074,-0.0016455556707614726,0.009378266151300543,10200,10184,1.0000000000001705,0.99879142300211932,5000,0.0038387337314758074,higher_is_better,0.99879142300211932,10184,base_block_within_n_pattern_separation; five_families_and_both_arms_together,102,20,5,04_PROVENANCE/FROZEN_BOOTSTRAP_REGISTRY/,descriptive_paired_bootstrap; no_new_pvalue_family
H200,H250,ALL,BA,common_valid,0.80395401500525143,0.80104651166984697,0.0029075033354044599,-0.00020166020942198324,0.0059764487230517188,10200,10184,1.0000000000001705,0.99879142300211932,5000,0.0029075033354044599,higher_is_better,0.99879142300211932,10184,base_block_within_n_pattern_separation; five_families_and_both_arms_together,102,20,5,04_PROVENANCE/FROZEN_BOOTSTRAP_REGISTRY/,descriptive_paired_bootstrap; no_new_pvalue_family
H200,H250,ALL,MacroF1,common_valid,0.78160145824805749,0.77891724789378913,0.0026842103542683571,-0.0005927853081739876,0.005929060746952027,10200,10184,1.0000000000001705,0.99879142300211932,5000,0.0026842103542683571,higher_is_better,0.99879142300211932,10184,base_block_within_n_pattern_separation; five_families_and_both_arms_together,102,20,5,04_PROVENANCE/FROZEN_BOOTSTRAP_REGISTRY/,descriptive_paired_bootstrap; no_new_pvalue_family
H200,H250,ALL,Extreme,common_valid,0.002748339990718282,0.0027177095124708041,3.0630478247477885e-05,-0.00036633669268415795,0.00048434434759168471,10200,10184,1.0000000000001705,0.99879142300211932,5000,3.0630478247477885e-05,lower_is_better,0.99879142300211932,10184,base_block_within_n_pattern_separation; five_families_and_both_arms_together,102,20,5,04_PROVENANCE/FROZEN_BOOTSTRAP_REGISTRY/,descriptive_paired_bootstrap; no_new_pvalue_family
H200,H250,ALL,S_BW,common_valid,0.90649574250494802,0.90641226687309373,8.3475631854290633e-05,-0.00088270190797802572,0.0010357129925201824,10200,10184,1.0000000000001705,0.99879142300211932,5000,8.3475631854290633e-05,higher_is_better,0.99879142300211932,10184,base_block_within_n_pattern_separation; five_families_and_both_arms_together,102,20,5,04_PROVENANCE/FROZEN_BOOTSTRAP_REGISTRY/,descriptive_paired_bootstrap; no_new_pvalue_family
H200,H250,ALL,S_tau,common_valid,0.9425576183547566,0.9450778475428121,-0.0025202291880555006,-0.0045819341779256536,-0.00064090140016855783,10200,10184,1.0000000000001705,0.99879142300211932,5000,-0.0025202291880555006,higher_is_better,0.99879142300211932,10184,base_block_within_n_pattern_separation; five_families_and_both_arms_together,102,20,5,04_PROVENANCE/FROZEN_BOOTSTRAP_REGISTRY/,descriptive_paired_bootstrap; no_new_pvalue_family
H200,H250,ALL,S_match,common_valid,0.94730553877781165,0.94701549783061889,0.00029004094719276008,-0.0022018951924879433,0.0025493102203361442,10200,10184,1.0000000000001705,0.99879142300211932,5000,0.00029004094719276008,higher_is_better,0.99879142300211932,10184,base_block_within_n_pattern_separation; five_families_and_both_arms_together,102,20,5,04_PROVENANCE/FROZEN_BOOTSTRAP_REGISTRY/,descriptive_paired_bootstrap; no_new_pvalue_family
H200,H250,ALL,A_LOO,common_valid,0.99772304409487611,0.99997072485264837,-0.0022476807577722635,-0.0039104376439060839,-0.00091044819119813773,10200,10184,1.0000000000001705,0.99879142300211932,5000,-0.0022476807577722635,higher_is_better,0.99879142300211932,10184,base_block_within_n_pattern_separation; five_families_and_both_arms_together,102,20,5,04_PROVENANCE/FROZEN_BOOTSTRAP_REGISTRY/,descriptive_paired_bootstrap; no_new_pvalue_family
H200,H250,ALL,C_common,common_valid,0.93211963321248914,0.93283520408215437,-0.00071557086966522743,-0.0021614646960487508,0.00063304337387661534,10200,10184,1.0000000000001705,0.99879142300211932,5000,-0.00071557086966522743,higher_is_better,0.99879142300211932,10184,base_block_within_n_pattern_separation; five_families_and_both_arms_together,102,20,5,04_PROVENANCE/FROZEN_BOOTSTRAP_REGISTRY/,descriptive_paired_bootstrap; no_new_pvalue_family
H200,H250,weak,A_valid,all_intended,1,1,0,0,0,3400,3400,0.33333333333334336,0.33333333333334336,5000,0,higher_is_better,0.33333333333334336,3400,base_block_within_n_pattern_separation; five_families_and_both_arms_together,34,20,5,04_PROVENANCE/FROZEN_BOOTSTRAP_REGISTRY/,descriptive_paired_bootstrap; no_new_pvalue_family
H200,H250,weak,C_operational_E4,all_intended,0.9244822944851866,0.92555130726673385,-0.0010690127815472517,-0.003316011993412324,0.0012202433718617508,3400,3400,0.33333333333334336,0.33333333333334336,5000,-0.0010690127815472517,higher_is_better,0.33333333333334336,3400,base_block_within_n_pattern_separation; five_families_and_both_arms_together,34,20,5,04_PROVENANCE/FROZEN_BOOTSTRAP_REGISTRY/,descriptive_paired_bootstrap; no_new_pvalue_family
H200,H250,weak,ARI,common_valid,0.34017844827894778,0.33362663589517627,0.0065518123837715048,-0.0041433094074475874,0.017207337048036248,3400,3400,0.33333333333334336,0.33333333333334336,5000,0.0065518123837715048,higher_is_better,0.33333333333334336,3400,base_block_within_n_pattern_separation; five_families_and_both_arms_together,34,20,5,04_PROVENANCE/FROZEN_BOOTSTRAP_REGISTRY/,descriptive_paired_bootstrap; no_new_pvalue_family
H200,H250,weak,BA,common_valid,0.70677306723760247,0.7033533703138839,0.0034196969237185737,-0.0036996368232023622,0.010287188214509307,3400,3400,0.33333333333334336,0.33333333333334336,5000,0.0034196969237185737,higher_is_better,0.33333333333334336,3400,base_block_within_n_pattern_separation; five_families_and_both_arms_together,34,20,5,04_PROVENANCE/FROZEN_BOOTSTRAP_REGISTRY/,descriptive_paired_bootstrap; no_new_pvalue_family
H200,H250,weak,MacroF1,common_valid,0.68105280602386142,0.67869116768380489,0.0023616383400565377,-0.0048860296465281089,0.0092552599033581227,3400,3400,0.33333333333334336,0.33333333333334336,5000,0.0023616383400565377,higher_is_better,0.33333333333334336,3400,base_block_within_n_pattern_separation; five_families_and_both_arms_together,34,20,5,04_PROVENANCE/FROZEN_BOOTSTRAP_REGISTRY/,descriptive_paired_bootstrap; no_new_pvalue_family
H200,H250,weak,Extreme,common_valid,0.0073278102664066395,0.0072400909681610186,8.77192982456209e-05,-0.0010382147498375566,0.0014125243664717313,3400,3400,0.33333333333334336,0.33333333333334336,5000,8.77192982456209e-05,lower_is_better,0.33333333333334336,3400,base_block_within_n_pattern_separation; five_families_and_both_arms_together,34,20,5,04_PROVENANCE/FROZEN_BOOTSTRAP_REGISTRY/,descriptive_paired_bootstrap; no_new_pvalue_family
H200,H250,weak,S_BW,common_valid,0.88698431718738968,0.88765735232591014,-0.00067303513852046137,-0.0027160693885777075,0.0013917561431460777,3400,3400,0.33333333333334336,0.33333333333334336,5000,-0.00067303513852046137,higher_is_better,0.33333333333334336,3400,base_block_within_n_pattern_separation; five_families_and_both_arms_together,34,20,5,04_PROVENANCE/FROZEN_BOOTSTRAP_REGISTRY/,descriptive_paired_bootstrap; no_new_pvalue_family
H200,H250,weak,S_tau,common_valid,0.94266187763900078,0.94418558061256475,-0.0015237029735639673,-0.0044389705501232165,0.0014445896311811892,3400,3400,0.33333333333334336,0.33333333333334336,5000,-0.0015237029735639673,higher_is_better,0.33333333333334336,3400,base_block_within_n_pattern_separation; five_families_and_both_arms_together,34,20,5,04_PROVENANCE/FROZEN_BOOTSTRAP_REGISTRY/,descriptive_paired_bootstrap; no_new_pvalue_family
H200,H250,weak,S_match,common_valid,0.9438006886291711,0.94481098886173032,-0.0010103002325592136,-0.0053647570870599213,0.0032226645169985096,3400,3400,0.33333333333334336,0.33333333333334336,5000,-0.0010103002325592136,higher_is_better,0.33333333333334336,3400,base_block_within_n_pattern_separation; five_families_and_both_arms_together,34,20,5,04_PROVENANCE/FROZEN_BOOTSTRAP_REGISTRY/,descriptive_paired_bootstrap; no_new_pvalue_family
H200,H250,weak,A_LOO,common_valid,1,1,0,0,0,3400,3400,0.33333333333334336,0.33333333333334336,5000,0,higher_is_better,0.33333333333334336,3400,base_block_within_n_pattern_separation; five_families_and_both_arms_together,34,20,5,04_PROVENANCE/FROZEN_BOOTSTRAP_REGISTRY/,descriptive_paired_bootstrap; no_new_pvalue_family
H200,H250,weak,C_common,common_valid,0.9244822944851866,0.92555130726673385,-0.0010690127815472517,-0.003316011993412324,0.0012202433718617508,3400,3400,0.33333333333334336,0.33333333333334336,5000,-0.0010690127815472517,higher_is_better,0.33333333333334336,3400,base_block_within_n_pattern_separation; five_families_and_both_arms_together,34,20,5,04_PROVENANCE/FROZEN_BOOTSTRAP_REGISTRY/,descriptive_paired_bootstrap; no_new_pvalue_family
H200,H250,moderate,A_valid,all_intended,1,1,0,0,0,3400,3400,0.33333333333334336,0.33333333333334336,5000,0,higher_is_better,0.33333333333334336,3400,base_block_within_n_pattern_separation; five_families_and_both_arms_together,34,20,5,04_PROVENANCE/FROZEN_BOOTSTRAP_REGISTRY/,descriptive_paired_bootstrap; no_new_pvalue_family
H200,H250,moderate,C_operational_E4,all_intended,0.93292598002203764,0.93291955402483062,6.4259972070157545e-06,-0.0020248551014666965,0.0020668754968037801,3400,3400,0.33333333333334336,0.33333333333334336,5000,6.4259972070157545e-06,higher_is_better,0.33333333333334336,3400,base_block_within_n_pattern_separation; five_families_and_both_arms_together,34,20,5,04_PROVENANCE/FROZEN_BOOTSTRAP_REGISTRY/,descriptive_paired_bootstrap; no_new_pvalue_family
H200,H250,moderate,ARI,common_valid,0.55188483216064599,0.54865525934828629,0.0032295728123596934,-0.0055452370982178806,0.012129115543128349,3400,3400,0.33333333333334336,0.33333333333334336,5000,0.0032295728123596934,higher_is_better,0.33333333333334336,3400,base_block_within_n_pattern_separation; five_families_and_both_arms_together,34,20,5,04_PROVENANCE/FROZEN_BOOTSTRAP_REGISTRY/,descriptive_paired_bootstrap; no_new_pvalue_family
H200,H250,moderate,BA,common_valid,0.82015812044245517,0.81548157784924735,0.004676542593207822,0.00037630185698527832,0.0090130509208820736,3400,3400,0.33333333333334336,0.33333333333334336,5000,0.004676542593207822,higher_is_better,0.33333333333334336,3400,base_block_within_n_pattern_separation; five_families_and_both_arms_together,34,20,5,04_PROVENANCE/FROZEN_BOOTSTRAP_REGISTRY/,descriptive_paired_bootstrap; no_new_pvalue_family
H200,H250,moderate,MacroF1,common_valid,0.79705736821430995,0.7923541760381384,0.0047031921761715445,-0.000136640597235263,0.0094842172395891849,3400,3400,0.33333333333334336,0.33333333333334336,5000,0.0047031921761715445,higher_is_better,0.33333333333334336,3400,base_block_within_n_pattern_separation; five_families_and_both_arms_together,34,20,5,04_PROVENANCE/FROZEN_BOOTSTRAP_REGISTRY/,descriptive_paired_bootstrap; no_new_pvalue_family
H200,H250,moderate,Extreme,common_valid,0.0006968810916179128,0.00072368421052629403,-2.6803118908381236e-05,-0.00032977988953866163,0.00029079353476283288,3400,3400,0.33333333333334336,0.33333333333334336,5000,-2.6803118908381236e-05,lower_is_better,0.33333333333334336,3400,base_block_within_n_pattern_separation; five_families_and_both_arms_together,34,20,5,04_PROVENANCE/FROZEN_BOOTSTRAP_REGISTRY/,descriptive_paired_bootstrap; no_new_pvalue_family
H200,H250,moderate,S_BW,common_valid,0.90545776657024057,0.9066794654304845,-0.0012216988602439249,-0.0029299598521668885,0.00043823842554238353,3400,3400,0.33333333333334336,0.33333333333334336,5000,-0.0012216988602439249,higher_is_better,0.33333333333334336,3400,base_block_within_n_pattern_separation; five_families_and_both_arms_together,34,20,5,04_PROVENANCE/FROZEN_BOOTSTRAP_REGISTRY/,descriptive_paired_bootstrap; no_new_pvalue_family
H200,H250,moderate,S_tau,common_valid,0.94461587185699736,0.94532995208531168,-0.00071408022831431772,-0.0031565255437891711,0.0017462042839101804,3400,3400,0.33333333333334336,0.33333333333334336,5000,-0.00071408022831431772,higher_is_better,0.33333333333334336,3400,base_block_within_n_pattern_separation; five_families_and_both_arms_together,34,20,5,04_PROVENANCE/FROZEN_BOOTSTRAP_REGISTRY/,descriptive_paired_bootstrap; no_new_pvalue_family
H200,H250,moderate,S_match,common_valid,0.94870430163887931,0.94674924455870146,0.0019550570801778466,-0.0018761287008645655,0.0057469151796603925,3400,3400,0.33333333333334336,0.33333333333334336,5000,0.0019550570801778466,higher_is_better,0.33333333333334336,3400,base_block_within_n_pattern_separation; five_families_and_both_arms_together,34,20,5,04_PROVENANCE/FROZEN_BOOTSTRAP_REGISTRY/,descriptive_paired_bootstrap; no_new_pvalue_family
H200,H250,moderate,A_LOO,common_valid,1,1,0,0,0,3400,3400,0.33333333333334336,0.33333333333334336,5000,0,higher_is_better,0.33333333333334336,3400,base_block_within_n_pattern_separation; five_families_and_both_arms_together,34,20,5,04_PROVENANCE/FROZEN_BOOTSTRAP_REGISTRY/,descriptive_paired_bootstrap; no_new_pvalue_family
H200,H250,moderate,C_common,common_valid,0.93292598002203764,0.93291955402483062,6.4259972070157545e-06,-0.0020248551014666965,0.0020668754968037801,3400,3400,0.33333333333334336,0.33333333333334336,5000,6.4259972070157545e-06,higher_is_better,0.33333333333334336,3400,base_block_within_n_pattern_separation; five_families_and_both_arms_together,34,20,5,04_PROVENANCE/FROZEN_BOOTSTRAP_REGISTRY/,descriptive_paired_bootstrap; no_new_pvalue_family
H200,H250,strong,A_valid,all_intended,0.9963742690058468,0.99972222222222207,-0.0033479532163752657,-0.0062426900584793277,-0.0011842105263157876,3400,3384,0.33333333333334336,0.33212475633529226,5000,-0.0033479532163752657,higher_is_better,0.33333333333334336,3400,base_block_within_n_pattern_separation; five_families_and_both_arms_together,34,20,5,04_PROVENANCE/FROZEN_BOOTSTRAP_REGISTRY/,descriptive_paired_bootstrap; no_new_pvalue_family
H200,H250,strong,C_operational_E4,all_intended,0.93557101008623633,0.9396561090073613,-0.0040850989211249633,-0.0081577185686992158,-0.00059459038516509371,3400,3384,0.33333333333334336,0.33212475633529226,5000,-0.0040850989211249633,higher_is_better,0.33333333333334336,3400,base_block_within_n_pattern_separation; five_families_and_both_arms_together,34,20,5,04_PROVENANCE/FROZEN_BOOTSTRAP_REGISTRY/,descriptive_paired_bootstrap; no_new_pvalue_family
H200,H250,strong,ARI,common_valid,0.69936202352778931,0.69763486352781323,0.0017271599999760801,-0.0072442753165847668,0.011032208263194815,3400,3384,0.33333333333334336,0.33212475633529226,5000,0.0017271599999760801,higher_is_better,0.33212475633529226,3384,base_block_within_n_pattern_separation; five_families_and_both_arms_together,34,20,5,04_PROVENANCE/FROZEN_BOOTSTRAP_REGISTRY/,descriptive_paired_bootstrap; no_new_pvalue_family
H200,H250,strong,BA,common_valid,0.88522552597228155,0.88460755671766189,0.00061796925461965468,-0.0036033254703264515,0.0051087003712049798,3400,3384,0.33333333333334336,0.33212475633529226,5000,0.00061796925461965468,higher_is_better,0.33212475633529226,3384,base_block_within_n_pattern_separation; five_families_and_both_arms_together,34,20,5,04_PROVENANCE/FROZEN_BOOTSTRAP_REGISTRY/,descriptive_paired_bootstrap; no_new_pvalue_family
H200,H250,strong,MacroF1,common_valid,0.86700384659266783,0.86602221915373634,0.00098162743893148718,-0.0036625072384364995,0.0059878968219437166,3400,3384,0.33333333333334336,0.33212475633529226,5000,0.00098162743893148718,higher_is_better,0.33212475633529226,3384,base_block_within_n_pattern_separation; five_families_and_both_arms_together,34,20,5,04_PROVENANCE/FROZEN_BOOTSTRAP_REGISTRY/,descriptive_paired_bootstrap; no_new_pvalue_family
H200,H250,strong,Extreme,common_valid,0.00021112937094859249,0.00018015286092524688,3.0976510023345602e-05,-9.567271572427519e-05,0.00016329591249706626,3400,3384,0.33333333333334336,0.33212475633529226,5000,3.0976510023345602e-05,lower_is_better,0.33212475633529226,3384,base_block_within_n_pattern_separation; five_families_and_both_arms_together,34,20,5,04_PROVENANCE/FROZEN_BOOTSTRAP_REGISTRY/,descriptive_paired_bootstrap; no_new_pvalue_family
H200,H250,strong,S_BW,common_valid,0.92711992148253985,0.92496725827065629,0.0021526632118835654,0.0009155111163589053,0.0033434519410933299,3400,3384,0.33333333333334336,0.33212475633529226,5000,0.0021526632118835654,higher_is_better,0.33212475633529226,3384,base_block_within_n_pattern_separation; five_families_and_both_arms_together,34,20,5,04_PROVENANCE/FROZEN_BOOTSTRAP_REGISTRY/,descriptive_paired_bootstrap; no_new_pvalue_family
H200,H250,strong,S_tau,common_valid,0.94038723634735644,0.94572033943373812,-0.0053331030863816853,-0.010017235285956775,-0.0012681040638682453,3400,3384,0.33333333333334336,0.33212475633529226,5000,-0.0053331030863816853,higher_is_better,0.33212475633529226,3384,base_block_within_n_pattern_separation; five_families_and_both_arms_together,34,20,5,04_PROVENANCE/FROZEN_BOOTSTRAP_REGISTRY/,descriptive_paired_bootstrap; no_new_pvalue_family
H200,H250,strong,S_match,common_valid,0.94941928995882219,0.94949525098957821,-7.5961030756022119e-05,-0.0046253419404188121,0.0041164834843993433,3400,3384,0.33333333333334336,0.33212475633529226,5000,-7.5961030756022119e-05,higher_is_better,0.33212475633529226,3384,base_block_within_n_pattern_separation; five_families_and_both_arms_together,34,20,5,04_PROVENANCE/FROZEN_BOOTSTRAP_REGISTRY/,descriptive_paired_bootstrap; no_new_pvalue_family
H200,H250,strong,A_LOO,common_valid,0.99315256094220528,0.99991196149782835,-0.0067594005556230741,-0.011753561222905957,-0.0027359965186189356,3400,3384,0.33333333333334336,0.33212475633529226,5000,-0.0067594005556230741,higher_is_better,0.33212475633529226,3384,base_block_within_n_pattern_separation; five_families_and_both_arms_together,34,20,5,04_PROVENANCE/FROZEN_BOOTSTRAP_REGISTRY/,descriptive_paired_bootstrap; no_new_pvalue_family
H200,H250,strong,C_common,common_valid,0.93897548259623542,0.94006094956465003,-0.0010854669684146057,-0.0042042541506143779,0.0016301077492385865,3400,3384,0.33333333333334336,0.33212475633529226,5000,-0.0010854669684146057,higher_is_better,0.33212475633529226,3384,base_block_within_n_pattern_separation; five_families_and_both_arms_together,34,20,5,04_PROVENANCE/FROZEN_BOOTSTRAP_REGISTRY/,descriptive_paired_bootstrap; no_new_pvalue_family
