arm,stratum_type,stratum,intended_tasks,valid_tasks,invalid_tasks,intended_profiles,valid_profiles,total_weight,valid_weight,A_valid,C_common,C_conditional,C_operational,ARI,BA,MacroF1,Extreme,S_BW,S_tau,S_match,A_LOO,raw_validity_proportion,applicability_population,operational_population,conditional_population,truth_population,weighting,scoring_K
J3,n,12,900,765,135,10800,9180,0.33333333333333337,0.28333333333333333,0.84999999999999987,0.87203829181646964,0.87203829181646964,0.74123254804399918,0.51542867816237847,0.80110384894698627,0.78977597324002546,0.0018518518518518515,0.91509987146468585,0.84700065807468694,0.85401434591003622,0.90915032679738483,0.84999999999999998,all_intended,all_intended,own_valid,own_valid,original_factor_weight,7
J3,n,18,3600,2850,750,64800,51300,0.33333333333333337,0.26388888888888884,0.79166666666666641,0.89553067914378948,0.89553067914378948,0.70896178765549978,0.50045453094347425,0.79746993746993766,0.77039752922691018,0.0026705653021442495,0.90734962863892699,0.88898677556107741,0.89025563323136414,0.93686159844054373,0.79166666666666663,all_intended,all_intended,own_valid,own_valid,original_factor_weight,7
J3,n,24,5700,4613,1087,136800,110712,0.33333333333333343,0.2697660818713451,0.80929824561403507,0.91057630444308435,0.91057630444308435,0.73692780568349969,0.49952542521769711,0.79396172991447178,0.76698982686507522,0.0031703880338174715,0.89964337587042909,0.91581440564507233,0.91627113181375164,0.95371775417298621,0.80929824561403507,all_intended,all_intended,own_valid,own_valid,original_factor_weight,7
J3,family,EMAX,2040,1678,362,42480,34872,0.20000000000000004,0.16806042884990255,0.84030214424951255,0.88127001160928253,0.88127001160928253,0.74053308041807286,0.47266966939032767,0.78232123329554215,0.76065253292000612,0.0039967909683156439,0.89645223408018349,0.87258531162513064,0.87477248912253136,0.92189584179087003,0.8225490196078431,all_intended,all_intended,own_valid,own_valid,original_factor_weight,7
J3,family,HILL,2040,1768,272,42480,36786,0.20000000000000004,0.17545321637426903,0.87726608187134492,0.90329786546708879,0.90329786546708879,0.79243257920106225,0.51824043368486783,0.80254591868971248,0.7825945534912272,0.0018779299255926199,0.90579042486354278,0.9006636942649674,0.90343947727275609,0.95003194178262718,0.8666666666666667,all_intended,all_intended,own_valid,own_valid,original_factor_weight,7
J3,family,LOGISTIC,2040,1301,739,42480,27096,0.20000000000000004,0.12903508771929822,0.64517543859649096,0.86337889720801975,0.86337889720801975,0.55703085868113889,0.51226575411391917,0.79904614301472077,0.77380757423663027,0.003021376236875897,0.92162518758613665,0.83151823389813562,0.83699327013978719,0.88524435380315825,0.63774509803921564,all_intended,all_intended,own_valid,own_valid,original_factor_weight,7
J3,family,NP_PCHIP,2040,1706,334,42480,35514,0.20000000000000004,0.16889376218323587,0.8444688109161792,0.89907817489576569,0.89907817489576569,0.75924347727491581,0.50502396432517704,0.79958231237193644,0.77915696368747867,0.0023275721114541553,0.90716255099475507,0.8930047095600574,0.89706726413248372,0.94286868453703288,0.8362745098039216,all_intended,all_intended,own_valid,own_valid,original_factor_weight,7
J3,family,WEIBULL,2040,1775,265,42480,36924,0.20000000000000004,0.17554580896686162,0.87772904483430791,0.90684429104967323,0.90684429104967323,0.79596357339647483,0.51894067280282885,0.8041824905970435,0.78264270021034388,0.0017119167915903241,0.90969404738370729,0.90485532003441271,0.90598350573089925,0.9513645981776544,0.87009803921568629,all_intended,all_intended,own_valid,own_valid,original_factor_weight,7
J4,n,12,900,876,24,10800,10512,0.33333333333333337,0.32444444444444448,0.97333333333333338,0.91159050101691586,0.91159050101691586,0.88728142098979812,0.52278850341028171,0.80677321156773241,0.79562281325979922,0.0023782343987823434,0.91214937390791906,0.9069887069630338,0.91563342217979371,0.977168949771689,0.97333333333333338,all_intended,all_intended,own_valid,own_valid,original_factor_weight,7
J4,n,18,3600,3423,177,64800,61614,0.33333333333333337,0.31694444444444447,0.95083333333333331,0.92352966961949357,0.92352966961949357,0.87812279419653505,0.50007611716883504,0.79343684469305309,0.76578204266189387,0.003278475671113707,0.90313872232558978,0.93273716606129087,0.93471312047160016,0.98292595838607799,0.95083333333333331,all_intended,all_intended,own_valid,own_valid,original_factor_weight,7
J4,n,24,5700,5417,283,136800,130008,0.33333333333333343,0.31678362573099428,0.95035087719298261,0.93044129982198065,0.93044129982198065,0.88424570546239822,0.50533857571731677,0.7916238769640096,0.76481837555123644,0.0036074703095194138,0.89634451050588426,0.9478707176159662,0.9471086713440916,0.98597009414805248,0.9503508771929825,all_intended,all_intended,own_valid,own_valid,original_factor_weight,7
J4,family,EMAX,2040,1863,177,42480,38736,0.20000000000000004,0.18483430799220274,0.92417153996101353,0.90395512202450579,0.90395512202450579,0.83540959717703334,0.48296367874459439,0.78705410502104245,0.76492745639944548,0.0037322177693407386,0.89669203653476037,0.90444498469187684,0.91072834484688026,0.95839485340645214,0.91323529411764703,all_intended,all_intended,own_valid,own_valid,original_factor_weight,7
J4,family,HILL,2040,1984,56,42480,41268,0.20000000000000004,0.19573099415204681,0.97865497076023389,0.92625991128995278,0.92625991128995278,0.90648886639984561,0.51999597846558709,0.80220599802750492,0.78063057770660282,0.0023459372129823277,0.90417223183296347,0.93538030715612375,0.93922719488077,0.98950552733791175,0.97254901960784312,all_intended,all_intended,own_valid,own_valid,original_factor_weight,7
J4,family,LOGISTIC,2040,1913,127,42480,39798,0.20000000000000004,0.18829922027290452,0.94149610136452244,0.92299022319843838,0.92299022319843838,0.86899169673890009,0.50543470659232514,0.79492153863449722,0.77331505331033079,0.0039554163755100612,0.90778072135182386,0.93004105735872422,0.93114889088476616,0.98280378776768118,0.93774509803921569,all_intended,all_intended,own_valid,own_valid,original_factor_weight,7
J4,family,NP_PCHIP,2040,1980,60,42480,41226,0.20000000000000004,0.19421539961013648,0.97107699805068226,0.927567901316943,0.927567901316943,0.90073985309902849,0.51054803825310457,0.79652160554413853,0.77421738638553261,0.0028270560978261774,0.90499993661901001,0.93701821175586397,0.94068555557595379,0.99059041979273477,0.97058823529411764,all_intended,all_intended,own_valid,own_valid,original_factor_weight,7
J4,family,WEIBULL,2040,1976,64,42480,41106,0.20000000000000004,0.19509259259259262,0.97546296296296298,0.92720402722327933,0.92720402722327933,0.9044531876664117,0.52702318407919257,0.80541716141034203,0.78408772449508979,0.0026172851841675059,0.90582912883589706,0.93698319155209742,0.93879976128184184,0.98742287612719193,0.96862745098039216,all_intended,all_intended,own_valid,own_valid,original_factor_weight,7
J5,n,12,900,886,14,10800,10632,0.33333333333333337,0.32814814814814819,0.98444444444444446,0.91189632437555512,0.91189632437555512,0.89771127044082422,0.53139505434748946,0.80594431903687003,0.79548147279524228,0.0020692249811888629,0.91318112607646906,0.90768519562582262,0.91482265142437236,0.98203536493604204,0.98444444444444446,all_intended,all_intended,own_valid,own_valid,original_factor_weight,7
J5,n,18,3600,3488,112,64800,62784,0.33333333333333337,0.32296296296296301,0.96888888888888891,0.92780660187149322,0.92780660187149322,0.89894150759104674,0.50463153368433278,0.7945453435347356,0.76693441378861893,0.0029625382262996936,0.90524946697035025,0.93819199186245583,0.93997834678167347,0.9899815239551446,0.96888888888888891,all_intended,all_intended,own_valid,own_valid,original_factor_weight,7
J5,n,24,5700,5528,172,136800,132672,0.33333333333333343,0.32327485380116971,0.96982456140350892,0.93422754231097682,0.93422754231097682,0.90603681647282108,0.50667111586546409,0.79247197300742822,0.7647790088713099,0.0033616739025566808,0.89779312767302977,0.95290146353491156,0.95198803572498936,0.99305053063193494,0.96982456140350881,all_intended,all_intended,own_valid,own_valid,original_factor_weight,7
J5,family,EMAX,2040,1917,123,42480,39906,0.20000000000000004,0.18895224171539965,0.94476120857699808,0.91042690597301523,0.91042690597301523,0.86013602400808276,0.49318573188496123,0.79240209817931451,0.77050486304737564,0.00332562464716283,0.8991217446950307,0.9138259127839109,0.9183330604401031,0.96773671254624172,0.93970588235294117,all_intended,all_intended,own_valid,own_valid,original_factor_weight,7
J5,family,HILL,2040,2010,30,42480,41826,0.20000000000000004,0.19787037037037039,0.98935185185185182,0.92772109222433452,0.92772109222433452,0.9178425805941679,0.52610147688741893,0.80362547964941888,0.7817822813618851,0.0023356238044807847,0.90574952048667268,0.93778915573104649,0.93962460045528495,0.99258675467329638,0.98529411764705888,all_intended,all_intended,own_valid,own_valid,original_factor_weight,7
J5,family,LOGISTIC,2040,1967,73,42480,40932,0.20000000000000004,0.19335282651072128,0.96676413255360616,0.92724396646249974,0.92724396646249974,0.89642620890268365,0.51282453844969322,0.79315549559210741,0.77082670452341284,0.0032317325895307538,0.90787099213812106,0.93634613626769392,0.93751477098168312,0.99408962597035622,0.96421568627450982,all_intended,all_intended,own_valid,own_valid,original_factor_weight,7
J5,family,NP_PCHIP,2040,2006,34,42480,41760,0.20000000000000004,0.19722222222222224,0.98611111111111105,0.92957954874380044,0.92957954874380044,0.91666872167791424,0.5092767867102983,0.79553465656875599,0.77363421095091356,0.0026288334294264598,0.90650206296384894,0.939810956435431,0.94242562683212028,0.99442385305987646,0.98333333333333328,all_intended,all_intended,own_valid,own_valid,original_factor_weight,7
J5,family,WEIBULL,2040,2002,38,42480,41664,0.20000000000000004,0.19698830409356727,0.98494152046783612,0.92737396418328721,0.92737396418328721,0.91340912232497151,0.52928224550469605,0.80344019537528022,0.78208427055316865,0.0024807722967141103,0.90777395324977528,0.93548012434822192,0.93886781495186256,0.99202167136707442,0.9813725490196078,all_intended,all_intended,own_valid,own_valid,original_factor_weight,7
J6,n,12,900,889,11,10800,10668,0.33333333333333337,0.32925925925925931,0.98777777777777787,0.91907562116231578,0.91907562116231578,0.90784247468144308,0.54413780591089045,0.81567304086989156,0.80454683424312168,0.0022497187851518554,0.91306851887856211,0.91633664280076266,0.92782170180762236,0.98987626546681662,0.98777777777777775,all_intended,all_intended,own_valid,own_valid,original_factor_weight,7
J6,n,18,3600,3519,81,64800,63342,0.33333333333333337,0.32583333333333336,0.97750000000000004,0.92868819931244717,0.92868819931244717,0.90779271482791712,0.5041380825036943,0.79353988948333987,0.76526076573675084,0.002762779830128508,0.9050000658331161,0.94042188231903789,0.94064264978518664,0.9915695746897758,0.97750000000000004,all_intended,all_intended,own_valid,own_valid,original_factor_weight,7
J6,n,24,5700,5587,113,136800,134088,0.33333333333333343,0.32672514619883047,0.98017543859649114,0.93529901445381392,0.93529901445381392,0.91675712171113299,0.51455855351349533,0.79585159775557102,0.7686150165542347,0.0029532844102380523,0.89844432873480051,0.95407854221454591,0.95337417241209543,0.99325815882107338,0.98017543859649126,all_intended,all_intended,own_valid,own_valid,original_factor_weight,7
J6,family,EMAX,2040,1947,93,42480,40512,0.20000000000000004,0.19232943469785579,0.96164717348927875,0.91565067758714891,0.91565067758714891,0.88053288600522472,0.50714689222345277,0.79803753127056731,0.77651972969629501,0.0029139005726448071,0.89944205102259089,0.9219522763834932,0.92555770535536219,0.97450266614863656,0.9544117647058824,all_intended,all_intended,own_valid,own_valid,original_factor_weight,7
J6,family,HILL,2040,2020,20,42480,42060,0.20000000000000004,0.19824561403508775,0.99122807017543857,0.9310576423107968,0.9310576423107968,0.92289047000982483,0.52853463926671185,0.80460598428211505,0.78269430558400976,0.0022738446411012777,0.90511429138774668,0.94212194676243544,0.94593668878220794,0.9969040205397105,0.99019607843137258,all_intended,all_intended,own_valid,own_valid,original_factor_weight,7
J6,family,LOGISTIC,2040,1989,51,42480,41418,0.20000000000000004,0.19487816764132554,0.97439083820662753,0.93128446426957256,0.93128446426957256,0.9074350497484388,0.51397030352871464,0.79715162868405043,0.77356567552727595,0.003334250252152675,0.90876526768189414,0.94075010788513558,0.94433801724168653,0.9974993123108824,0.97499999999999998,all_intended,all_intended,own_valid,own_valid,original_factor_weight,7
J6,family,NP_PCHIP,2040,2021,19,42480,42090,0.20000000000000004,0.19826998050682265,0.99134990253411304,0.9300956577422459,0.9300956577422459,0.92205023965017729,0.51923437980272336,0.800198461591481,0.77810908784400723,0.0025302800649980193,0.90657853386549048,0.9399298232800255,0.94377861608122071,0.99502410115657913,0.99068627450980395,all_intended,all_intended,own_valid,own_valid,original_factor_weight,7
J6,family,WEIBULL,2040,2018,22,42480,42018,0.20000000000000004,0.19809454191033141,0.99047270955165689,0.92993833254704672,0.92993833254704672,0.92107853995382305,0.53569113952760339,0.80848205035761922,0.78668379285207957,0.0022373107442850851,0.90759627759391936,0.93931383142863589,0.94290488861858324,0.99348077443479232,0.98921568627450984,all_intended,all_intended,own_valid,own_valid,original_factor_weight,7
J7,n,12,900,893,7,10800,10716,0.33333333333333337,0.33074074074074078,0.99222222222222223,0.91335447456409868,0.91335447456409868,0.90625060642860022,0.5433100753177682,0.81289660321015267,0.80176136127983799,0.0019596864501679723,0.91507247667722968,0.90936625919089753,0.91562468782416917,0.9837625979843222,0.99222222222222223,all_intended,all_intended,own_valid,own_valid,original_factor_weight,7
J7,n,18,3600,3543,57,64800,63774,0.33333333333333337,0.32805555555555554,0.98416666666666652,0.93101410546460572,0.93101410546460572,0.91627304879474936,0.50980076954119014,0.79549554521329846,0.76804166018351849,0.0027127042368363281,0.90578568889135391,0.94248523525310912,0.94477139224935391,0.99314767773700574,0.98416666666666663,all_intended,all_intended,own_valid,own_valid,original_factor_weight,7
J7,n,24,5700,5600,100,136800,134400,0.33333333333333343,0.32748538011695916,0.98245614035087725,0.93675545339204058,0.93675545339204058,0.92032114719218017,0.51617910642581089,0.79561896329530224,0.7683005237461229,0.0030952380952380949,0.89869633009319461,0.95594416739147847,0.955625862691448,0.99574404761904822,0.98245614035087714,all_intended,all_intended,own_valid,own_valid,original_factor_weight,7
J7,family,EMAX,2040,1967,73,42480,40884,0.20000000000000001,0.19460038986354777,0.97300194931773887,0.91666882077561829,0.91666882077561829,0.89192054949346955,0.50630470268793992,0.79609200968449234,0.77441282636803666,0.0027769430253653422,0.90099698236249326,0.92222150739665421,0.9267879725677064,0.97443431611517117,0.96421568627450982,all_intended,all_intended,own_valid,own_valid,original_factor_weight,7
J7,family,HILL,2040,2019,21,42480,42036,0.20000000000000001,0.198187134502924,0.99093567251461989,0.92879455493184437,0.92879455493184437,0.92037565691930423,0.53205175215122391,0.80331051516996232,0.78190385969225296,0.0021925510638995441,0.90599308513301358,0.93953403759109844,0.94085654207142089,0.99510944996338724,0.98970588235294121,all_intended,all_intended,own_valid,own_valid,original_factor_weight,7
J7,family,LOGISTIC,2040,2007,33,42480,41796,0.20000000000000001,0.19648148148148151,0.98240740740740751,0.93001643827071001,0.93001643827071001,0.91365503796779945,0.51900230670699032,0.79760652927166642,0.77487241056186296,0.0031830282586768513,0.91000294737997833,0.93753672026398038,0.94250964716817065,0.99624237313358577,0.98382352941176465,all_intended,all_intended,own_valid,own_valid,original_factor_weight,7
J7,family,NP_PCHIP,2040,2023,17,42480,42108,0.20000000000000001,0.19880116959064331,0.99400584795321656,0.92898060195790289,0.92898060195790289,0.92341215098125484,0.52441564904032467,0.80291359174037991,0.78069510384175889,0.0027291595169224229,0.90733470832104901,0.93864995303465593,0.94095714451800261,0.99396970142667818,0.9916666666666667,all_intended,all_intended,own_valid,own_valid,original_factor_weight,7
J7,family,WEIBULL,2040,2020,20,42480,42066,0.20000000000000001,0.19821150097465887,0.99105750487329425,0.93036438766682683,0.93036438766682683,0.92204460866405569,0.53365809047035773,0.80680302281487315,0.78515709778001519,0.0020625203178739923,0.90832882351655575,0.9410563460573802,0.94170799342654354,0.99429597029970551,0.99019607843137258,all_intended,all_intended,own_valid,own_valid,original_factor_weight,7
