arm,stratum_type,stratum,intended_tasks,valid_tasks,invalid_tasks,intended_profiles,valid_profiles,total_weight,valid_weight,A_valid,C_common,C_conditional,C_operational,ARI,BA,MacroF1,Extreme,S_BW,S_tau,S_match,A_LOO,raw_validity_proportion,applicability_population,operational_population,conditional_population,truth_population,weighting,scoring_K,H,J,wells_per_profile,arm_role,paired_current_exactlog_status,rounded_doses_uM,exact_J5_doses_uM
ROUNDED_J5,ALL,ALL,10200,9903,297,212400,206106,1,0.97447855750487333,0.97447855750487333,0.92451734348329317,0.92451734348329317,0.90092232726583699,0.51434984752076196,0.79773781844927405,0.77587874918380617,0.0027938501956195224,0.90544053961230886,0.93276771890660426,0.93534377193096829,0.98827727574046653,0.97088235294117642,all_intended,all_intended,own_valid,own_valid,original_factor_weight,7,150,5,18,separate_rounding_sensitivity_not_budget_level,NOT_STORED_IN_ACCEPTED_PACKAGE; no_new_CI_created,0|1|3.5|12.25|42.859999999999999|150,0|1|3.4996355115805833|12.24744871391589|42.861606445481996|150
ROUNDED_J5,separation,moderate,3400,3345,55,70800,69648,0.33333333333333337,0.32843079922027296,0.98529239766081878,0.92554210695113925,0.92554210695113925,0.911929601693934,0.53064960172790998,0.81014984300996395,0.78695933786170302,0.00087215149386856046,0.90575296805876349,0.93455799063735445,0.93631536215730127,0.99096853330168044,0.98382352941176465,all_intended,all_intended,own_valid,own_valid,original_factor_weight,7,150,5,18,separate_rounding_sensitivity_not_budget_level,NOT_STORED_IN_ACCEPTED_PACKAGE; no_new_CI_created,0|1|3.5|12.25|42.859999999999999|150,0|1|3.4996355115805833|12.24744871391589|42.861606445481996|150
ROUNDED_J5,separation,strong,3400,3168,232,70800,65868,0.33333333333333337,0.31346978557504879,0.94040935672514625,0.92561688338245629,0.92561688338245629,0.87045877787563053,0.69925792714774204,0.8891908361309363,0.87166417165068322,0.00011227881074283658,0.92491710938473015,0.92390131272692833,0.92803222803571006,0.97617616372668969,0.93176470588235294,all_intended,all_intended,own_valid,own_valid,original_factor_weight,7,150,5,18,separate_rounding_sensitivity_not_budget_level,NOT_STORED_IN_ACCEPTED_PACKAGE; no_new_CI_created,0|1|3.5|12.25|42.859999999999999|150,0|1|3.4996355115805833|12.24744871391589|42.861606445481996|150
ROUNDED_J5,separation,weak,3400,3390,10,70800,70590,0.33333333333333337,0.33257797270955169,0.99773391812865497,0.92246899248870329,0.92246899248870329,0.92037860222794676,0.32396911707952147,0.69928196245105889,0.67465423884432962,0.0072190880894815249,0.88677445892124596,0.93935676041996619,0.94127575812489916,0.99702542310792264,0.99705882352941178,all_intended,all_intended,own_valid,own_valid,original_factor_weight,7,150,5,18,separate_rounding_sensitivity_not_budget_level,NOT_STORED_IN_ACCEPTED_PACKAGE; no_new_CI_created,0|1|3.5|12.25|42.859999999999999|150,0|1|3.4996355115805833|12.24744871391589|42.861606445481996|150
ROUNDED_J5,n,12,900,886,14,10800,10632,0.33333333333333337,0.32814814814814819,0.98444444444444446,0.91184593287863402,0.91184593287863402,0.89766166281163307,0.53139505434748946,0.80594431903687003,0.79548147279524228,0.0020692249811888629,0.91317265664003877,0.90769440911843524,0.91467073287742839,0.98203536493604204,0.98444444444444446,all_intended,all_intended,own_valid,own_valid,original_factor_weight,7,150,5,18,separate_rounding_sensitivity_not_budget_level,NOT_STORED_IN_ACCEPTED_PACKAGE; no_new_CI_created,0|1|3.5|12.25|42.859999999999999|150,0|1|3.4996355115805833|12.24744871391589|42.861606445481996|150
ROUNDED_J5,n,18,3600,3489,111,64800,62802,0.33333333333333337,0.3230555555555556,0.96916666666666673,0.92769696059870876,0.92769696059870876,0.89909297098024854,0.50483855520662579,0.79471819355023698,0.76713304966092988,0.0029616891181809485,0.90524321161270749,0.93807691083857558,0.93977075934484355,0.98984108786344049,0.96916666666666662,all_intended,all_intended,own_valid,own_valid,original_factor_weight,7,150,5,18,separate_rounding_sensitivity_not_budget_level,NOT_STORED_IN_ACCEPTED_PACKAGE; no_new_CI_created,0|1|3.5|12.25|42.859999999999999|150,0|1|3.4996355115805833|12.24744871391589|42.861606445481996|150
ROUNDED_J5,n,24,5700,5528,172,136800,132672,0.33333333333333343,0.32327485380116971,0.96982456140350892,0.93420231252389396,0.93420231252389396,0.90601234800562924,0.50655252829608532,0.79242518323786337,0.76472028575476791,0.0033616739025566799,0.89778905683135035,0.95291341273098262,0.95190446800934958,0.99305053063193494,0.96982456140350881,all_intended,all_intended,own_valid,own_valid,original_factor_weight,7,150,5,18,separate_rounding_sensitivity_not_budget_level,NOT_STORED_IN_ACCEPTED_PACKAGE; no_new_CI_created,0|1|3.5|12.25|42.859999999999999|150,0|1|3.4996355115805833|12.24744871391589|42.861606445481996|150
ROUNDED_J5,family,EMAX,2040,1918,122,42480,39924,0.20000000000000004,0.18904483430799224,0.94522417153996097,0.91026365357407224,0.91026365357407224,0.86040320783249047,0.49314283529837694,0.79232537739446396,0.77042667189907343,0.0033368850392979069,0.89911750580657135,0.91360584392639199,0.91806761098925227,0.96750761898214654,0.94019607843137254,all_intended,all_intended,own_valid,own_valid,original_factor_weight,7,150,5,18,separate_rounding_sensitivity_not_budget_level,NOT_STORED_IN_ACCEPTED_PACKAGE; no_new_CI_created,0|1|3.5|12.25|42.859999999999999|150,0|1|3.4996355115805833|12.24744871391589|42.861606445481996|150
ROUNDED_J5,family,HILL,2040,2010,30,42480,41826,0.20000000000000004,0.19787037037037039,0.98935185185185182,0.92766456175975776,0.92766456175975776,0.91778665207435284,0.52611098502220399,0.80364395119093079,0.7818063811757715,0.0023233094434729775,0.90573954100171561,0.93783302337295293,0.93942112090460372,0.99258675467329638,0.98529411764705888,all_intended,all_intended,own_valid,own_valid,original_factor_weight,7,150,5,18,separate_rounding_sensitivity_not_budget_level,NOT_STORED_IN_ACCEPTED_PACKAGE; no_new_CI_created,0|1|3.5|12.25|42.859999999999999|150,0|1|3.4996355115805833|12.24744871391589|42.861606445481996|150
ROUNDED_J5,family,LOGISTIC,2040,1967,73,42480,40932,0.20000000000000004,0.19335282651072128,0.96676413255360616,0.9271538476418576,0.9271538476418576,0.89633908525921879,0.5129601278790733,0.79337099110576803,0.77105846390891319,0.0032317325895307538,0.90786220423526443,0.93634493854593426,0.93725440014437289,0.99408962597035622,0.96421568627450982,all_intended,all_intended,own_valid,own_valid,original_factor_weight,7,150,5,18,separate_rounding_sensitivity_not_budget_level,NOT_STORED_IN_ACCEPTED_PACKAGE; no_new_CI_created,0|1|3.5|12.25|42.859999999999999|150,0|1|3.4996355115805833|12.24744871391589|42.861606445481996|150
ROUNDED_J5,family,NP_PCHIP,2040,2006,34,42480,41760,0.20000000000000004,0.19722222222222224,0.98611111111111105,0.92957275078299684,0.92957275078299684,0.916662018133233,0.50931067618065262,0.79555701292914038,0.77365649956475158,0.0026288334294264598,0.90650009306522017,0.93979737966501731,0.94242077961875215,0.99442385305987646,0.98333333333333328,all_intended,all_intended,own_valid,own_valid,original_factor_weight,7,150,5,18,separate_rounding_sensitivity_not_budget_level,NOT_STORED_IN_ACCEPTED_PACKAGE; no_new_CI_created,0|1|3.5|12.25|42.859999999999999|150,0|1|3.4996355115805833|12.24744871391589|42.861606445481996|150
ROUNDED_J5,family,WEIBULL,2040,2002,38,42480,41664,0.20000000000000004,0.19698830409356727,0.98494152046783612,0.92738569148351657,0.92738569148351657,0.9134206730298905,0.52929712209395385,0.80346905754604536,0.78211301322095095,0.0024807722967141103,0.90777047578959791,0.93551970445116539,0.93886689420978542,0.99202167136707442,0.9813725490196078,all_intended,all_intended,own_valid,own_valid,original_factor_weight,7,150,5,18,separate_rounding_sensitivity_not_budget_level,NOT_STORED_IN_ACCEPTED_PACKAGE; no_new_CI_created,0|1|3.5|12.25|42.859999999999999|150,0|1|3.4996355115805833|12.24744871391589|42.861606445481996|150
