arm,stratum_type,stratum,intended_tasks,valid_tasks,invalid_tasks,intended_profiles,valid_profiles,total_weight,valid_weight,A_valid,C_common,C_conditional,C_operational,ARI,BA,MacroF1,Extreme,S_BW,S_tau,S_match,A_LOO,raw_validity_proportion,applicability_population,operational_population,conditional_population,truth_population,weighting,scoring_K,H,J,wells_per_profile,fidelity_population,common_valid_tasks_vs_H250,common_valid_weight_vs_H250,fidelity_total_weight,CRS_spearman,balanced_label_fidelity,exact_label_agreement,transport_exact_agreement,extreme_shift_rate,H250_source,source_file,source_row_key,current_selection_rule,current_selection_threshold,current_overall_eligible,selected_stage1_design,fidelity_role,subgroup_role
H100,ALL,ALL,10200,9373,827,212400,195078,1,0.92265594541910345,0.92265594541910345,0.92166747944166882,0.92166747944166882,0.85038197960629502,0.52236454421117551,0.80364951729520795,0.7820613868396924,0.00303821507651877,0.90674696559830592,0.92638662531139648,0.93186884741530573,0.98229008762525227,0.918921568627451,all_intended,all_intended,own_valid,own_valid,original_factor_weight,7,100,7,24,common_valid_H_and_prospective_H250,9373,0.92265594541910334,1,0.97825972438530584,0.92467471872885332,0.91885318971502339,0.74332511131417067,0,accepted_run_LANE_B_prospective_REGENERATED_E1_GRID_selected_lambda_reconstruction,accepted_run/E4_H100_H250_MATCHED_STAGE1_CURRENT_EXACTLOG.csv + REPORTS/ALL_ARM_STRATIFIED_SUMMARY.csv,"{""arm"":""H100"",""separation"":""ALL""}",NEW operational H_min=min{H:A_valid(H)>=0.95}; overall only,0.95,False,False,descriptive_continuous_reference_sensitivity_only; no_PASS_FAIL; no_H_selection,descriptive_only; no_selection_gate
H100,separation,weak,3400,3316,84,70800,69024,0.33333333333333337,0.32656920077972712,0.9797076023391813,0.9198258847282732,0.9198258847282732,0.90116041209665265,0.34206423971198935,0.70689114727757074,0.68240220967790377,0.0075832189259635091,0.88936216392197509,0.93205578166681502,0.93805970859602883,0.99224848617494665,0.97529411764705887,all_intended,all_intended,own_valid,own_valid,original_factor_weight,7,100,7,24,common_valid_H_and_prospective_H250,3316,0.32656920077972712,0.33333333333333337,0.97261247495934333,0.90231277222637007,0.89369731457715695,0.76022204978212582,0,accepted_run_LANE_B_prospective_REGENERATED_E1_GRID_selected_lambda_reconstruction,accepted_run/E4_H100_H250_MATCHED_STAGE1_CURRENT_EXACTLOG.csv + REPORTS/ALL_ARM_STRATIFIED_SUMMARY.csv,"{""arm"":""H100"",""separation"":""weak""}",NEW operational H_min=min{H:A_valid(H)>=0.95}; overall only,0.95,NOT_A_SUBGROUP_GATE,NOT_A_SUBGROUP_SELECTION,descriptive_continuous_reference_sensitivity_only; no_PASS_FAIL; no_H_selection,descriptive_only; no_selection_gate
H100,separation,moderate,3400,3129,271,70800,65208,0.33333333333333337,0.30596491228070177,0.91789473684210521,0.9206072404437432,0.9206072404437432,0.84502054070204635,0.54490304370469367,0.8209025979930985,0.79817147035763625,0.00084416411824668697,0.90595769732541764,0.92686351294645652,0.92900051105935388,0.98333528004303927,0.92029411764705882,all_intended,all_intended,own_valid,own_valid,original_factor_weight,7,100,7,24,common_valid_H_and_prospective_H250,3129,0.30596491228070177,0.33333333333333337,0.98061567310177133,0.92481208779469504,0.91903280382829289,0.75928580530071055,0,accepted_run_LANE_B_prospective_REGENERATED_E1_GRID_selected_lambda_reconstruction,accepted_run/E4_H100_H250_MATCHED_STAGE1_CURRENT_EXACTLOG.csv + REPORTS/ALL_ARM_STRATIFIED_SUMMARY.csv,"{""arm"":""H100"",""separation"":""moderate""}",NEW operational H_min=min{H:A_valid(H)>=0.95}; overall only,0.95,NOT_A_SUBGROUP_GATE,NOT_A_SUBGROUP_SELECTION,descriptive_continuous_reference_sensitivity_only; no_PASS_FAIL; no_H_selection,descriptive_only; no_selection_gate
H100,separation,strong,3400,2928,472,70800,60846,0.33333333333333337,0.2901218323586745,0.8703654970760234,0.92485856657283738,0.92485856657283738,0.80496498602018618,0.70154628967836796,0.8943681854806772,0.87725069858906202,0.00023609687997506518,0.92714815064154787,0.91950233560704875,0.92792521346991519,0.96997836867320864,0.86117647058823532,all_intended,all_intended,own_valid,own_valid,original_factor_weight,7,100,7,24,common_valid_H_and_prospective_H250,2928,0.2901218323586745,0.33333333333333337,0.98213182211796124,0.94970107687634053,0.94697991963374162,0.70747316614314526,0,accepted_run_LANE_B_prospective_REGENERATED_E1_GRID_selected_lambda_reconstruction,accepted_run/E4_H100_H250_MATCHED_STAGE1_CURRENT_EXACTLOG.csv + REPORTS/ALL_ARM_STRATIFIED_SUMMARY.csv,"{""arm"":""H100"",""separation"":""strong""}",NEW operational H_min=min{H:A_valid(H)>=0.95}; overall only,0.95,NOT_A_SUBGROUP_GATE,NOT_A_SUBGROUP_SELECTION,descriptive_continuous_reference_sensitivity_only; no_PASS_FAIL; no_H_selection,descriptive_only; no_selection_gate
H150,ALL,ALL,10200,10036,164,212400,208890,1,0.98628167641325548,0.98628167641325548,0.92699846572237188,0.92699846572237188,0.91428160080517673,0.5231556812347018,0.80137181420181636,0.77943521358625112,0.0025872031578976266,0.90654597647302015,0.93584799223761028,0.93860142845648731,0.99086257490537244,0.98392156862745095,all_intended,all_intended,own_valid,own_valid,original_factor_weight,7,150,7,24,common_valid_H_and_prospective_H250,10036,0.98628167641325537,1,0.97878094294929407,0.9249883158514004,0.91910769627744759,0.74968500629987733,0,accepted_run_LANE_B_prospective_REGENERATED_E1_GRID_selected_lambda_reconstruction,accepted_run/E4_H100_H250_MATCHED_STAGE1_CURRENT_EXACTLOG.csv + REPORTS/ALL_ARM_STRATIFIED_SUMMARY.csv,"{""arm"":""H150"",""separation"":""ALL""}",NEW operational H_min=min{H:A_valid(H)>=0.95}; overall only,0.95,True,True,descriptive_continuous_reference_sensitivity_only; no_PASS_FAIL; no_H_selection,descriptive_only; no_selection_gate
H150,separation,weak,3400,3400,0,70800,70800,0.33333333333333337,0.33333333333333337,1,0.925575677222644,0.925575677222644,0.925575677222644,0.33432558291440079,0.70390552623410807,0.67894018029573588,0.0068583495776478251,0.88845574349834511,0.94253820602724658,0.94573308214234009,0.99935672514619867,1,all_intended,all_intended,own_valid,own_valid,original_factor_weight,7,150,7,24,common_valid_H_and_prospective_H250,3400,0.33333333333333337,0.33333333333333337,0.97301544954499597,0.90229696836897177,0.89299626380766661,0.76466374269005621,0,accepted_run_LANE_B_prospective_REGENERATED_E1_GRID_selected_lambda_reconstruction,accepted_run/E4_H100_H250_MATCHED_STAGE1_CURRENT_EXACTLOG.csv + REPORTS/ALL_ARM_STRATIFIED_SUMMARY.csv,"{""arm"":""H150"",""separation"":""weak""}",NEW operational H_min=min{H:A_valid(H)>=0.95}; overall only,0.95,NOT_A_SUBGROUP_GATE,NOT_A_SUBGROUP_SELECTION,descriptive_continuous_reference_sensitivity_only; no_PASS_FAIL; no_H_selection,descriptive_only; no_selection_gate
H150,separation,moderate,3400,3376,24,70800,70272,0.33333333333333337,0.33165692007797276,0.99497076023391817,0.92643998315684162,0.92643998315684162,0.92178069435266108,0.54898325687067606,0.81822059989488261,0.79580840826160615,0.00063591421443778308,0.90620069769451983,0.93626168394876264,0.93685756782724139,0.99283106722568282,0.99294117647058822,all_intended,all_intended,own_valid,own_valid,original_factor_weight,7,150,7,24,common_valid_H_and_prospective_H250,3376,0.33165692007797276,0.33333333333333337,0.98112044525997011,0.92613509239890535,0.92096949570941622,0.7637533795697633,0,accepted_run_LANE_B_prospective_REGENERATED_E1_GRID_selected_lambda_reconstruction,accepted_run/E4_H100_H250_MATCHED_STAGE1_CURRENT_EXACTLOG.csv + REPORTS/ALL_ARM_STRATIFIED_SUMMARY.csv,"{""arm"":""H150"",""separation"":""moderate""}",NEW operational H_min=min{H:A_valid(H)>=0.95}; overall only,0.95,NOT_A_SUBGROUP_GATE,NOT_A_SUBGROUP_SELECTION,descriptive_continuous_reference_sensitivity_only; no_PASS_FAIL; no_H_selection,descriptive_only; no_selection_gate
H150,separation,strong,3400,3260,140,70800,67818,0.33333333333333337,0.32129142300194935,0.96387426900584794,0.9290510802449814,0.9290510802449814,0.89548843084022489,0.69240225311697867,0.88509874981230507,0.86679534555011051,0.00017021678202645607,0.92567064434326518,0.92847999293069916,0.93300260346098052,0.98001806657329982,0.95882352941176474,all_intended,all_intended,own_valid,own_valid,original_factor_weight,7,150,7,24,common_valid_H_and_prospective_H250,3260,0.32129142300194935,0.33333333333333337,0.98234754610721831,0.94734635469744555,0.94427591297709235,0.71962262433830049,0,accepted_run_LANE_B_prospective_REGENERATED_E1_GRID_selected_lambda_reconstruction,accepted_run/E4_H100_H250_MATCHED_STAGE1_CURRENT_EXACTLOG.csv + REPORTS/ALL_ARM_STRATIFIED_SUMMARY.csv,"{""arm"":""H150"",""separation"":""strong""}",NEW operational H_min=min{H:A_valid(H)>=0.95}; overall only,0.95,NOT_A_SUBGROUP_GATE,NOT_A_SUBGROUP_SELECTION,descriptive_continuous_reference_sensitivity_only; no_PASS_FAIL; no_H_selection,descriptive_only; no_selection_gate
H200,ALL,ALL,10200,10184,16,212400,212064,1,0.99879142300194945,0.99879142300194945,0.93211963321264713,0.93211963321264713,0.93099309486451498,0.530270741488439,0.80395401500538277,0.78160145824817095,0.002748339990718694,0.9064957425051009,0.9425576183549178,0.94730553877792389,0.99772304409488544,0.99843137254901959,all_intended,all_intended,own_valid,own_valid,original_factor_weight,7,200,7,24,common_valid_H_and_prospective_H250,10184,0.99879142300194934,1,0.97773238893446335,0.92384330403074011,0.91828466069020065,0.76561829111206892,0,accepted_run_LANE_B_prospective_REGENERATED_E1_GRID_selected_lambda_reconstruction,accepted_run/E4_H100_H250_MATCHED_STAGE1_CURRENT_EXACTLOG.csv + REPORTS/ALL_ARM_STRATIFIED_SUMMARY.csv,"{""arm"":""H200"",""separation"":""ALL""}",NEW operational H_min=min{H:A_valid(H)>=0.95}; overall only,0.95,True,False,descriptive_continuous_reference_sensitivity_only; no_PASS_FAIL; no_H_selection,descriptive_only; no_selection_gate
H200,separation,weak,3400,3400,0,70800,70800,0.33333333333333337,0.33333333333333337,1,0.92448229448521457,0.92448229448521457,0.92448229448521457,0.34017844827895982,0.70677306723761402,0.68105280602388274,0.0073278102664067583,0.8869843171874181,0.94266187763903164,0.94380068862919508,0.99999999999999967,1,all_intended,all_intended,own_valid,own_valid,original_factor_weight,7,200,7,24,common_valid_H_and_prospective_H250,3400,0.33333333333333337,0.33333333333333337,0.97224186557722703,0.89935051003252797,0.89071474983755661,0.77963450292397452,0,accepted_run_LANE_B_prospective_REGENERATED_E1_GRID_selected_lambda_reconstruction,accepted_run/E4_H100_H250_MATCHED_STAGE1_CURRENT_EXACTLOG.csv + REPORTS/ALL_ARM_STRATIFIED_SUMMARY.csv,"{""arm"":""H200"",""separation"":""weak""}",NEW operational H_min=min{H:A_valid(H)>=0.95}; overall only,0.95,NOT_A_SUBGROUP_GATE,NOT_A_SUBGROUP_SELECTION,descriptive_continuous_reference_sensitivity_only; no_PASS_FAIL; no_H_selection,descriptive_only; no_selection_gate
H200,separation,moderate,3400,3400,0,70800,70800,0.33333333333333337,0.33333333333333337,1,0.93292598002206539,0.93292598002206539,0.93292598002206539,0.5518848321606652,0.8201581204424766,0.79705736821433326,0.00069688109161793362,0.90545776657026855,0.94461587185702267,0.9487043016389044,0.99999999999999967,1,all_intended,all_intended,own_valid,own_valid,original_factor_weight,7,200,7,24,common_valid_H_and_prospective_H250,3400,0.33333333333333337,0.33333333333333337,0.98021390528427854,0.9248179925716481,0.91913255360623791,0.77663742690058257,0,accepted_run_LANE_B_prospective_REGENERATED_E1_GRID_selected_lambda_reconstruction,accepted_run/E4_H100_H250_MATCHED_STAGE1_CURRENT_EXACTLOG.csv + REPORTS/ALL_ARM_STRATIFIED_SUMMARY.csv,"{""arm"":""H200"",""separation"":""moderate""}",NEW operational H_min=min{H:A_valid(H)>=0.95}; overall only,0.95,NOT_A_SUBGROUP_GATE,NOT_A_SUBGROUP_SELECTION,descriptive_continuous_reference_sensitivity_only; no_PASS_FAIL; no_H_selection,descriptive_only; no_selection_gate
H200,separation,strong,3400,3384,16,70800,70464,0.33333333333333337,0.33212475633528271,0.99637426900584802,0.93897548259626196,0.93897548259626196,0.93557101008626387,0.69936202352782173,0.88522552597231263,0.86700384659269325,0.00021112937094859853,0.9271199214825635,0.94038723634738552,0.94941928995883762,0.99315256094220716,0.99529411764705877,all_intended,all_intended,own_valid,own_valid,original_factor_weight,7,200,7,24,common_valid_H_and_prospective_H250,3384,0.33212475633528271,0.33333333333333337,0.98075234549197809,0.94744699010421329,0.94510391803941562,0.74049184176546246,0,accepted_run_LANE_B_prospective_REGENERATED_E1_GRID_selected_lambda_reconstruction,accepted_run/E4_H100_H250_MATCHED_STAGE1_CURRENT_EXACTLOG.csv + REPORTS/ALL_ARM_STRATIFIED_SUMMARY.csv,"{""arm"":""H200"",""separation"":""strong""}",NEW operational H_min=min{H:A_valid(H)>=0.95}; overall only,0.95,NOT_A_SUBGROUP_GATE,NOT_A_SUBGROUP_SELECTION,descriptive_continuous_reference_sensitivity_only; no_PASS_FAIL; no_H_selection,descriptive_only; no_selection_gate
H250,ALL,ALL,10200,10199,1,212400,212382,1,0.99990740740740747,0.99990740740740747,0.93279536004041486,0.93279536004041486,0.93270899009967045,0.52648863893485232,0.80097511263969068,0.77883619666540305,0.0027171131829945273,0.90641725404166407,0.94502160859379636,0.94694721748578725,0.9999244569429051,0.9999019607843137,all_intended,all_intended,own_valid,own_valid,original_factor_weight,7,250,7,24,common_valid_H_and_prospective_H250,10199,0.99990740740740747,1,1.0000000000000109,1.0000000000000109,1.0000000000000109,1.0000000000000109,0,accepted_run_LANE_B_prospective_REGENERATED_E1_GRID_selected_lambda_reconstruction,accepted_run/E4_H100_H250_MATCHED_STAGE1_CURRENT_EXACTLOG.csv + REPORTS/ALL_ARM_STRATIFIED_SUMMARY.csv,"{""arm"":""H250"",""separation"":""ALL""}",NEW operational H_min=min{H:A_valid(H)>=0.95}; overall only,0.95,True,False,descriptive_continuous_reference_sensitivity_only; no_PASS_FAIL; no_H_selection,descriptive_only; no_selection_gate
H250,separation,weak,3400,3400,0,70800,70800,0.33333333333333337,0.33333333333333337,1,0.92555130726676071,0.92555130726676071,0.92555130726676071,0.33362663589518732,0.70335337031389655,0.67869116768382753,0.0072400909681611452,0.88765735232593634,0.94418558061259139,0.94481098886175463,1.0000000000000024,1,all_intended,all_intended,own_valid,own_valid,original_factor_weight,7,250,7,24,common_valid_H_and_prospective_H250,3400,0.33333333333333337,0.33333333333333337,1.0000000000000024,1.0000000000000024,1.0000000000000024,1.0000000000000024,0,accepted_run_LANE_B_prospective_REGENERATED_E1_GRID_selected_lambda_reconstruction,accepted_run/E4_H100_H250_MATCHED_STAGE1_CURRENT_EXACTLOG.csv + REPORTS/ALL_ARM_STRATIFIED_SUMMARY.csv,"{""arm"":""H250"",""separation"":""weak""}",NEW operational H_min=min{H:A_valid(H)>=0.95}; overall only,0.95,NOT_A_SUBGROUP_GATE,NOT_A_SUBGROUP_SELECTION,descriptive_continuous_reference_sensitivity_only; no_PASS_FAIL; no_H_selection,descriptive_only; no_selection_gate
H250,separation,moderate,3400,3400,0,70800,70800,0.33333333333333337,0.33333333333333337,1,0.93291955402485871,0.93291955402485871,0.93291955402485871,0.54865525934830461,0.81548157784926734,0.79235417603816338,0.00072368421052631561,0.90667946543051237,0.94532995208534154,0.94674924455872367,1.0000000000000024,1,all_intended,all_intended,own_valid,own_valid,original_factor_weight,7,250,7,24,common_valid_H_and_prospective_H250,3400,0.33333333333333337,0.33333333333333337,1.0000000000000024,1.0000000000000024,1.0000000000000024,1.0000000000000024,0,accepted_run_LANE_B_prospective_REGENERATED_E1_GRID_selected_lambda_reconstruction,accepted_run/E4_H100_H250_MATCHED_STAGE1_CURRENT_EXACTLOG.csv + REPORTS/ALL_ARM_STRATIFIED_SUMMARY.csv,"{""arm"":""H250"",""separation"":""moderate""}",NEW operational H_min=min{H:A_valid(H)>=0.95}; overall only,0.95,NOT_A_SUBGROUP_GATE,NOT_A_SUBGROUP_SELECTION,descriptive_continuous_reference_sensitivity_only; no_PASS_FAIL; no_H_selection,descriptive_only; no_selection_gate
H250,separation,strong,3400,3399,1,70800,70782,0.33333333333333337,0.33324074074074073,0.99972222222222207,0.93991719711770327,0.93991719711770327,0.9396561090073926,0.69723145011972631,0.88411348374788556,0.86548731602959728,0.00018686152261268156,0.92492008404354498,0.94554943970320937,0.94928206760635625,0.99977332884865933,0.99970588235294122,all_intended,all_intended,own_valid,own_valid,original_factor_weight,7,250,7,24,common_valid_H_and_prospective_H250,3399,0.33324074074074073,0.33333333333333337,1.0000000000000027,1.0000000000000027,1.0000000000000027,1.0000000000000027,0,accepted_run_LANE_B_prospective_REGENERATED_E1_GRID_selected_lambda_reconstruction,accepted_run/E4_H100_H250_MATCHED_STAGE1_CURRENT_EXACTLOG.csv + REPORTS/ALL_ARM_STRATIFIED_SUMMARY.csv,"{""arm"":""H250"",""separation"":""strong""}",NEW operational H_min=min{H:A_valid(H)>=0.95}; overall only,0.95,NOT_A_SUBGROUP_GATE,NOT_A_SUBGROUP_SELECTION,descriptive_continuous_reference_sensitivity_only; no_PASS_FAIL; no_H_selection,descriptive_only; no_selection_gate
