layer,K,separation,intended_tasks,valid_tasks,invalid_tasks,intended_profiles,valid_profiles,total_weight,valid_weight,raw_applicability,A_valid,weighting,score_spearman,score_spearman_contributing_tasks,class_balanced_label_fidelity,class_balanced_label_fidelity_contributing_tasks,K7_label_agreement,K7_label_agreement_contributing_tasks,ARI,ARI_contributing_tasks,balanced_accuracy,balanced_accuracy_contributing_tasks,macro_f1,macro_f1_contributing_tasks,extreme_error,extreme_error_contributing_tasks
FITTED,3,ALL,10200,10200,0,212400,212400,10200,10200,1,1,unit_weight,0.99184906909501691,10200,0.95424885200130383,10200,0.95066857298475005,10200,0.51722492103497364,10200,0.80374090334139425,10200,0.779517687632165,10200,0.0031685729847494553,10200
FITTED,4,ALL,10200,10200,0,212400,212400,10200,10200,1,1,unit_weight,0.9974821302464445,10200,0.98286887862500638,10200,0.98167211328976067,10200,0.51849439250820395,10200,0.80306360551213529,10200,0.77895534728743954,10200,0.0028349673202614396,10200
FITTED,5,ALL,10200,10200,0,212400,212400,10200,10200,1,1,unit_weight,0.99868713241481355,10200,0.9904686043803691,10200,0.98979302832244009,10200,0.52251775800341949,10200,0.80515453886164712,10200,0.78110317160714149,10200,0.0025994008714596965,10200
FITTED,6,ALL,10200,10200,0,212400,212400,10200,10200,1,1,unit_weight,0.99944858347460663,10200,0.99567148528668159,10200,0.99539351851851865,10200,0.52664313932324169,10200,0.8073656751744992,10200,0.78340014773831235,10200,0.0025394880174291956,10200
FITTED,7,ALL,10200,10200,0,212400,212400,10200,10200,1,1,unit_weight,1,10200,1,10200,1,10200,0.53004073385734551,10200,0.8090730517213367,10200,0.78525198859422929,10200,0.0024223856209150342,10200
FITTED,3,moderate,3400,3400,0,70800,70800,3400,3400,1,1,unit_weight,0.99265673014930289,3400,0.95349500037000068,3400,0.95014705882352957,3400,0.53313249466639689,3400,0.81886541848674199,3400,0.7937136993501227,3400,0.00080473856209150316,3400
FITTED,4,moderate,3400,3400,0,70800,70800,3400,3400,1,1,unit_weight,0.99767599409978347,3400,0.98303744839038953,3400,0.98199346405228771,3400,0.53402653661368693,3400,0.81747454778337147,3400,0.79194406871946299,3400,0.00066584967320261436,3400
FITTED,5,moderate,3400,3400,0,70800,70800,3400,3400,1,1,unit_weight,0.99877769211961598,3400,0.989718717829012,3400,0.9892401960784315,3400,0.53791542027017136,3400,0.81960152701329192,3400,0.7941660865406841,3400,0.00058415032679738556,3400
FITTED,6,moderate,3400,3400,0,70800,70800,3400,3400,1,1,unit_weight,0.99947824902010918,3400,0.99521910116027756,3400,0.99503267973856213,3400,0.54331777302059092,3400,0.82250069048598473,3400,0.79723021158043539,3400,0.00054330065359477111,3400
FITTED,7,moderate,3400,3400,0,70800,70800,3400,3400,1,1,unit_weight,1,3400,1,3400,1,3400,0.54749068652005128,3400,0.82481801627022222,3400,0.79973959733105848,3400,0.00046160130718954243,3400
FITTED,3,strong,3400,3400,0,70800,70800,3400,3400,1,1,unit_weight,0.99355812269308186,3400,0.97252704199395401,3400,0.97089052287581723,3400,0.70344570711200483,3400,0.89622894112967666,3400,0.87870796050185074,3400,1.2254901960784313e-05,3400
FITTED,4,strong,3400,3400,0,70800,70800,3400,3400,1,1,unit_weight,0.99782282609849327,3400,0.98829430591195322,3400,0.98743055555555592,3400,0.6987705195391839,3400,0.89372497818086072,3400,0.87571035041654177,3400,2.4509803921568626e-05,3400
FITTED,5,strong,3400,3400,0,70800,70800,3400,3400,1,1,unit_weight,0.99884999571703192,3400,0.99368482511497247,3400,0.99312500000000026,3400,0.70283993227411257,3400,0.89567317867317875,3400,0.87781963375568361,3400,0,3400
FITTED,6,strong,3400,3400,0,70800,70800,3400,3400,1,1,unit_weight,0.99950880244679208,3400,0.99762648313015956,3400,0.99745915032679744,3400,0.7073208457153245,3400,0.89732667319064385,3400,0.87972883077187081,3400,0,3400
FITTED,7,strong,3400,3400,0,70800,70800,3400,3400,1,1,unit_weight,1,3400,1,3400,1,3400,0.71082000746119067,3400,0.89869081857684829,3400,0.88132741377286505,3400,0,3400
FITTED,3,weak,3400,3400,0,70800,70800,3400,3400,1,1,unit_weight,0.98933235444266199,3400,0.93672451363995513,3400,0.93096813725490235,3400,0.31509656132652053,3400,0.69612835040776244,3400,0.66613140304452323,3400,0.0086887254901960847,3400
FITTED,4,weak,3400,3400,0,70800,70800,3400,3400,1,1,unit_weight,0.99694757054104655,3400,0.97727488157267595,3400,0.97559232026143827,3400,0.32268612137174257,3400,0.69799129057217324,3400,0.66921162272631562,3400,0.0078145424836601352,3400
FITTED,5,weak,3400,3400,0,70800,70800,3400,3400,1,1,unit_weight,0.9984337094077893,3400,0.98800227019712328,3400,0.98701388888888897,3400,0.32679792146597564,3400,0.70018891089846991,3400,0.67132379452505819,3400,0.0072140522875817036,3400
FITTED,6,weak,3400,3400,0,70800,70800,3400,3400,1,1,unit_weight,0.99935869895691876,3400,0.99416887156960687,3400,0.99368872549019616,3400,0.32929079923381083,3400,0.70226966184686779,3400,0.67324140086263251,3400,0.0070751633986928155,3400
FITTED,7,weak,3400,3400,0,70800,70800,3400,3400,1,1,unit_weight,1,3400,1,3400,1,3400,0.3318115075907962,3400,0.70371032031693814,3400,0.674688954678766,3400,0.0068055555555555595,3400
