scenario,layer,separation,intended_tasks,valid_tasks,invalid_tasks,intended_profiles,valid_profiles,total_weight,valid_weight,raw_applicability,A_valid,weighting,ARI,ARI_contributing_tasks,balanced_accuracy,balanced_accuracy_contributing_tasks,macro_f1,macro_f1_contributing_tasks,extreme_error,extreme_error_contributing_tasks,D
FIXED_CRS_D50_FITTED,FITTED,ALL,10200,10200,0,212400,212400,10200,10200,1,1,unit_weight,0.53004073385734551,10200,0.8090730517213367,10200,0.78525198859422929,10200,0.0024223856209150342,10200,50
FIXED_CRS_D100_FITTED,FITTED,ALL,10200,10200,0,212400,212400,10200,10200,1,1,unit_weight,0.4353949787889615,10200,0.7559063466489937,10200,0.72963824534715205,10200,0.0061356209150326751,10200,100
FIXED_CRS_D150_FITTED,FITTED,ALL,10200,10200,0,212400,212400,10200,10200,1,1,unit_weight,0.37035457733537086,10200,0.71358944573037697,10200,0.68642314888314726,10200,0.010268246187363843,10200,150
FIXED_CRS_D200_FITTED,FITTED,ALL,10200,10200,0,212400,212400,10200,10200,1,1,unit_weight,0.32459280399163687,10200,0.68109472993419029,10200,0.65455603085703074,10200,0.014351851851851852,10200,200
FIXED_CRS_D250_FITTED,FITTED,ALL,10200,10200,0,212400,212400,10200,10200,1,1,unit_weight,0.2885521308122907,10200,0.65524192723579933,10200,0.62936411780576373,10200,0.018517156862745066,10200,250
FIXED_CRS_D50_FITTED,FITTED,moderate,3400,3400,0,70800,70800,3400,3400,1,1,unit_weight,0.54749068652005128,3400,0.82481801627022222,3400,0.79973959733105848,3400,0.00046160130718954243,3400,50
FIXED_CRS_D100_FITTED,FITTED,moderate,3400,3400,0,70800,70800,3400,3400,1,1,unit_weight,0.44507332030357949,3400,0.76651465187862244,3400,0.73924433770066744,3400,0.0024959150326797383,3400,100
FIXED_CRS_D150_FITTED,FITTED,moderate,3400,3400,0,70800,70800,3400,3400,1,1,unit_weight,0.37739968657283668,3400,0.72206717207084858,3400,0.69424686954258863,3400,0.0049019607843137254,3400,150
FIXED_CRS_D200_FITTED,FITTED,moderate,3400,3400,0,70800,70800,3400,3400,1,1,unit_weight,0.33045396768819107,3400,0.69011533972563399,3400,0.66284703028872405,3400,0.0081413398692810508,3400,200
FIXED_CRS_D250_FITTED,FITTED,moderate,3400,3400,0,70800,70800,3400,3400,1,1,unit_weight,0.29360110703041026,3400,0.66448871553283329,3400,0.6376682640401713,3400,0.011474673202614374,3400,250
FIXED_CRS_D50_FITTED,FITTED,strong,3400,3400,0,70800,70800,3400,3400,1,1,unit_weight,0.71082000746119067,3400,0.89869081857684829,3400,0.88132741377286505,3400,0,3400,50
FIXED_CRS_D100_FITTED,FITTED,strong,3400,3400,0,70800,70800,3400,3400,1,1,unit_weight,0.59404124605890185,3400,0.84321256276403334,3400,0.82078114043085204,3400,0.00069444444444444436,3400,100
FIXED_CRS_D150_FITTED,FITTED,strong,3400,3400,0,70800,70800,3400,3400,1,1,unit_weight,0.51009779451463666,3400,0.79594577318106707,3400,0.77072066907251713,3400,0.001707516339869281,3400,150
FIXED_CRS_D200_FITTED,FITTED,strong,3400,3400,0,70800,70800,3400,3400,1,1,unit_weight,0.45322858261435861,3400,0.75972163076574828,3400,0.73427848427288278,3400,0.0027287581699346405,3400,200
FIXED_CRS_D250_FITTED,FITTED,strong,3400,3400,0,70800,70800,3400,3400,1,1,unit_weight,0.40935796549363979,3400,0.73222326543282401,3400,0.70655216769637441,3400,0.0044240196078431365,3400,250
FIXED_CRS_D50_FITTED,FITTED,weak,3400,3400,0,70800,70800,3400,3400,1,1,unit_weight,0.3318115075907962,3400,0.70371032031693814,3400,0.674688954678766,3400,0.0068055555555555595,3400,50
FIXED_CRS_D100_FITTED,FITTED,weak,3400,3400,0,70800,70800,3400,3400,1,1,unit_weight,0.26707037000440392,3400,0.65799182530432543,3400,0.62888925790993733,3400,0.015216503267973847,3400,100
FIXED_CRS_D150_FITTED,FITTED,weak,3400,3400,0,70800,70800,3400,3400,1,1,unit_weight,0.2235662509186386,3400,0.62275539193921547,3400,0.59430190803433725,3400,0.024195261437908507,3400,150
FIXED_CRS_D200_FITTED,FITTED,weak,3400,3400,0,70800,70800,3400,3400,1,1,unit_weight,0.19009586167236073,3400,0.59344721931118971,3400,0.56654257800948671,3400,0.032185457516339888,3400,200
FIXED_CRS_D250_FITTED,FITTED,weak,3400,3400,0,70800,70800,3400,3400,1,1,unit_weight,0.16269731991282166,3400,0.5690138007417419,3400,0.54387192168074627,3400,0.03965277777777778,3400,250
