method_id,ordinal_position,display_value,outcome
TRIOS,1,0.5275791786431967,ARI
LOGISTIC|EC50|TERTILES,2,0.45956576264314841,ARI
EMAX|EC50|TERTILES,3,0.45745398010064375,ARI
HILL|EC50|TERTILES,4,0.45704193251431702,ARI
WEIBULL|EC50|TERTILES,5,0.45690875519432728,ARI
LOGISTIC|IC50|TERTILES,6,0.44628801857794642,ARI
WEIBULL|IC50|TERTILES,7,0.44568509514232479,ARI
HILL|IC50|TERTILES,8,0.43837113245548548,ARI
EMAX|IC50|TERTILES,9,0.4265605077919481,ARI
WEIBULL|EC50|WARD,10,0.39923733650251303,ARI
HILL|EC50|WARD,11,0.396460829551886,ARI
LOGISTIC|EC50|WARD,12,0.39545892502918539,ARI
HILL|EC50|KMEANS,13,0.39473827947516016,ARI
HILL|EC50|JENKS,14,0.39473200791543395,ARI
WEIBULL|EC50|KMEANS,15,0.3942577450089037,ARI
WEIBULL|EC50|JENKS,16,0.39402270675594175,ARI
EMAX|EC50|WARD,17,0.39171744620268734,ARI
EMAX|EC50|KMEANS,18,0.3911092554205573,ARI
LOGISTIC|EC50|KMEANS,19,0.3909933844068893,ARI
EMAX|EC50|JENKS,20,0.39091889106492184,ARI
LOGISTIC|EC50|JENKS,21,0.39054057667019271,ARI
LOGISTIC|IC50|WARD,22,0.36923236448039626,ARI
LOGISTIC|IC50|KMEANS,23,0.36912342709382107,ARI
LOGISTIC|IC50|JENKS,24,0.36904149387253549,ARI
WEIBULL|IC50|WARD,25,0.36353702020601447,ARI
WEIBULL|IC50|JENKS,26,0.36237276570599569,ARI
WEIBULL|IC50|KMEANS,27,0.36216568244905362,ARI
LOGISTIC|EC50|TIED_GMM,28,0.35788997022919422,ARI
WEIBULL|EC50|TIED_GMM,29,0.35767342038235206,ARI
HILL|EC50|TIED_GMM,30,0.35739931310727246,ARI
HILL|IC50|WARD,31,0.35355510868714296,ARI
EMAX|EC50|TIED_GMM,32,0.35303441234452054,ARI
EMAX|IC50|WARD,33,0.35231504463683583,ARI
EMAX|IC50|KMEANS,34,0.35154447014168078,ARI
HILL|IC50|KMEANS,35,0.35136507228871927,ARI
EMAX|IC50|JENKS,36,0.35103577593052543,ARI
HILL|IC50|JENKS,37,0.35092564362722367,ARI
LOGISTIC|IC50|TIED_GMM,38,0.33640271771548019,ARI
WEIBULL|IC50|TIED_GMM,39,0.32997897984442698,ARI
HILL|IC50|TIED_GMM,40,0.321836216360122,ARI
EMAX|IC50|TIED_GMM,41,0.31709363462881568,ARI
EMAX|AUC250|WARD,42,0.18014313662799733,ARI
EMAX|AUC250|TIED_GMM,43,0.17724254082066399,ARI
EMAX|AUC250|JENKS,44,0.17722719078956892,ARI
EMAX|AUC250|KMEANS,45,0.17718602047500287,ARI
EMAX|AUC250|TERTILES,46,0.17373647071281145,ARI
HILL|AUC250|WARD,47,0.15428627180455537,ARI
HILL|AUC250|TIED_GMM,48,0.15201220697117113,ARI
HILL|AUC250|JENKS,49,0.15183500418902027,ARI
HILL|AUC250|KMEANS,50,0.15181063412087489,ARI
HILL|AUC250|TERTILES,51,0.14995242528113961,ARI
WEIBULL|AUC250|WARD,52,0.14631218895082784,ARI
WEIBULL|AUC250|JENKS,53,0.14244092717682702,ARI
WEIBULL|AUC250|KMEANS,54,0.14243734137531477,ARI
WEIBULL|AUC250|TIED_GMM,55,0.14215739272472919,ARI
WEIBULL|AUC250|TERTILES,56,0.14038231903933859,ARI
LOGISTIC|AUC250|WARD,57,0.13578190111370833,ARI
LOGISTIC|AUC250|TIED_GMM,58,0.13401202188837541,ARI
LOGISTIC|AUC250|TERTILES,59,0.1321933867915186,ARI
LOGISTIC|AUC250|KMEANS,60,0.13176789581422299,ARI
LOGISTIC|AUC250|JENKS,61,0.13172372891877088,ARI
HILL|EMAX|TERTILES,62,0.019392378973374105,ARI
EMAX|EMAX|JENKS,63,0.019293246636165579,ARI
EMAX|EMAX|KMEANS,64,0.019237543337693588,ARI
HILL|EMAX|TIED_GMM,65,0.018870606236063965,ARI
HILL|EMAX|JENKS,66,0.018307479792043689,ARI
HILL|EMAX|KMEANS,67,0.018265746994571438,ARI
EMAX|EMAX|WARD,68,0.017822650597720639,ARI
EMAX|EMAX|TERTILES,69,0.017378113957993761,ARI
EMAX|EMAX|TIED_GMM,70,0.017281298080049853,ARI
WEIBULL|EMAX|TIED_GMM,71,0.016639095764914874,ARI
WEIBULL|EMAX|KMEANS,72,0.016059510544261406,ARI
WEIBULL|EMAX|JENKS,73,0.015914676881007547,ARI
WEIBULL|EMAX|TERTILES,74,0.015893851821404726,ARI
WEIBULL|EMAX|WARD,75,0.013722855283585472,ARI
HILL|EMAX|WARD,76,0.013440296770697623,ARI
LOGISTIC|EMAX|KMEANS,77,0.013230338759453154,ARI
LOGISTIC|EMAX|JENKS,78,0.013213581895078383,ARI
LOGISTIC|EMAX|TIED_GMM,79,0.012690635483670996,ARI
LOGISTIC|EMAX|WARD,80,0.011478066213921487,ARI
LOGISTIC|EMAX|TERTILES,81,0.010823342231095191,ARI
TRIOS,1,0.80750223449931036,BA
LOGISTIC|EC50|TERTILES,2,0.78790564240466765,BA
HILL|EC50|TERTILES,3,0.78663931377625329,BA
WEIBULL|EC50|TERTILES,4,0.78626485497391929,BA
EMAX|EC50|TERTILES,5,0.78543300254362625,BA
LOGISTIC|IC50|TERTILES,6,0.78424112987958561,BA
WEIBULL|IC50|TERTILES,7,0.78360563120097859,BA
HILL|IC50|TERTILES,8,0.77980404894820632,BA
EMAX|IC50|TERTILES,9,0.77344540829743491,BA
WEIBULL|EC50|WARD,10,0.5893945830719709,BA
WEIBULL|EC50|KMEANS,11,0.58913674122787185,BA
WEIBULL|EC50|JENKS,12,0.58883645541881413,BA
HILL|EC50|WARD,13,0.58843798609880471,BA
LOGISTIC|EC50|WARD,14,0.58832219087677173,BA
LOGISTIC|EC50|KMEANS,15,0.5882556141064913,BA
LOGISTIC|EC50|JENKS,16,0.58779863793703946,BA
HILL|EC50|KMEANS,17,0.58739150070923951,BA
HILL|EC50|JENKS,18,0.58729798549584122,BA
EMAX|EC50|WARD,19,0.5839170616041961,BA
EMAX|EC50|KMEANS,20,0.58329841929062209,BA
EMAX|EC50|JENKS,21,0.58317830418805072,BA
EMAX|AUC250|TERTILES,22,0.58266916225785614,BA
HILL|AUC250|TERTILES,23,0.56277425801402403,BA
EMAX|AUC250|KMEANS,24,0.56043914736263667,BA
EMAX|AUC250|JENKS,25,0.56041558537123848,BA
LOGISTIC|IC50|WARD,26,0.55950972493288742,BA
LOGISTIC|IC50|KMEANS,27,0.55799852184410459,BA
LOGISTIC|IC50|JENKS,28,0.5577848239689368,BA
EMAX|AUC250|WARD,29,0.555604936973358,BA
WEIBULL|AUC250|TERTILES,30,0.55337283868034359,BA
WEIBULL|IC50|WARD,31,0.55299927480887934,BA
WEIBULL|IC50|KMEANS,32,0.54979415042713764,BA
WEIBULL|IC50|JENKS,33,0.54953884751209037,BA
EMAX|IC50|KMEANS,34,0.54750535059587557,BA
LOGISTIC|AUC250|TERTILES,35,0.54738886671050402,BA
EMAX|IC50|JENKS,36,0.54721394186811612,BA
EMAX|IC50|WARD,37,0.54606235340479525,BA
HILL|IC50|WARD,38,0.54169902458757924,BA
HILL|AUC250|KMEANS,39,0.53924146209721258,BA
HILL|AUC250|JENKS,40,0.53922870628036312,BA
HILL|IC50|KMEANS,41,0.53809424719427068,BA
HILL|IC50|JENKS,42,0.53787523964157591,BA
HILL|AUC250|WARD,43,0.53748720263924943,BA
EMAX|AUC250|TIED_GMM,44,0.53593700368651631,BA
LOGISTIC|EC50|TIED_GMM,45,0.53447744905984784,BA
WEIBULL|EC50|TIED_GMM,46,0.53370037500974554,BA
HILL|EC50|TIED_GMM,47,0.53342243261395306,BA
WEIBULL|AUC250|KMEANS,48,0.53030342469962355,BA
WEIBULL|AUC250|JENKS,49,0.53009040758894566,BA
EMAX|EC50|TIED_GMM,50,0.52958528186992937,BA
WEIBULL|AUC250|WARD,51,0.5284582340805537,BA
LOGISTIC|AUC250|KMEANS,52,0.52241079377629074,BA
LOGISTIC|AUC250|JENKS,53,0.52237436009950622,BA
LOGISTIC|AUC250|WARD,54,0.52074565402830508,BA
HILL|AUC250|TIED_GMM,55,0.5153398689607267,BA
LOGISTIC|IC50|TIED_GMM,56,0.51250368832106263,BA
WEIBULL|AUC250|TIED_GMM,57,0.50770128159722216,BA
WEIBULL|IC50|TIED_GMM,58,0.50720044423169419,BA
EMAX|IC50|TIED_GMM,59,0.50249368806312389,BA
LOGISTIC|AUC250|TIED_GMM,60,0.5013768607386998,BA
HILL|IC50|TIED_GMM,61,0.49928322916812834,BA
EMAX|EMAX|TERTILES,62,0.38799920516635911,BA
LOGISTIC|EMAX|TERTILES,63,0.38735828363752339,BA
HILL|EMAX|TERTILES,64,0.38624618529979149,BA
WEIBULL|EMAX|TERTILES,65,0.38552697652502721,BA
WEIBULL|EMAX|JENKS,66,0.38410180158084634,BA
WEIBULL|EMAX|KMEANS,67,0.38403269838601217,BA
LOGISTIC|EMAX|KMEANS,68,0.38238611888075824,BA
LOGISTIC|EMAX|JENKS,69,0.38234241393939244,BA
WEIBULL|EMAX|WARD,70,0.38219177708797591,BA
LOGISTIC|EMAX|WARD,71,0.38203883848084619,BA
HILL|EMAX|KMEANS,72,0.38154060113952903,BA
HILL|EMAX|JENKS,73,0.38149901569443478,BA
HILL|EMAX|WARD,74,0.38119405489824587,BA
EMAX|EMAX|JENKS,75,0.38016776107078254,BA
EMAX|EMAX|KMEANS,76,0.38009901370378951,BA
EMAX|EMAX|WARD,77,0.37873022580624921,BA
LOGISTIC|EMAX|TIED_GMM,78,0.37867280577271212,BA
WEIBULL|EMAX|TIED_GMM,79,0.37867055940593947,BA
EMAX|EMAX|TIED_GMM,80,0.37613537410489495,BA
HILL|EMAX|TIED_GMM,81,0.37526600154231732,BA
TRIOS,1,0.78582379593684049,MacroF1
LOGISTIC|EC50|TERTILES,2,0.75178754058711894,MacroF1
HILL|EC50|TERTILES,3,0.75048943484686126,MacroF1
WEIBULL|EC50|TERTILES,4,0.7502125895628402,MacroF1
EMAX|EC50|TERTILES,5,0.7493455914404159,MacroF1
LOGISTIC|IC50|TERTILES,6,0.74814689753427033,MacroF1
WEIBULL|IC50|TERTILES,7,0.74755101454255246,MacroF1
HILL|IC50|TERTILES,8,0.74389758345578305,MacroF1
EMAX|IC50|TERTILES,9,0.73762635226495321,MacroF1
EMAX|AUC250|TERTILES,10,0.55720803634123484,MacroF1
WEIBULL|EC50|KMEANS,11,0.54427683681765704,MacroF1
WEIBULL|EC50|JENKS,12,0.54396721687839755,MacroF1
LOGISTIC|EC50|KMEANS,13,0.54324114869497109,MacroF1
LOGISTIC|EC50|JENKS,14,0.54274309705723578,MacroF1
HILL|EC50|KMEANS,15,0.54263648463729619,MacroF1
HILL|EC50|JENKS,16,0.54250452472483235,MacroF1
WEIBULL|EC50|WARD,17,0.54195055431174799,MacroF1
HILL|EC50|WARD,18,0.54111753678738972,MacroF1
LOGISTIC|EC50|WARD,19,0.54086117183702409,MacroF1
EMAX|AUC250|KMEANS,20,0.53999533132272104,MacroF1
EMAX|AUC250|JENKS,21,0.53996941057024817,MacroF1
HILL|AUC250|TERTILES,22,0.53831397100037914,MacroF1
EMAX|EC50|KMEANS,23,0.53823940108811652,MacroF1
EMAX|EC50|JENKS,24,0.53812406368137111,MacroF1
EMAX|EC50|WARD,25,0.53638586476657824,MacroF1
EMAX|AUC250|WARD,26,0.53171013906742604,MacroF1
WEIBULL|AUC250|TERTILES,27,0.52949422679921454,MacroF1
LOGISTIC|AUC250|TERTILES,28,0.52389207807280436,MacroF1
HILL|AUC250|JENKS,29,0.51851253929881924,MacroF1
HILL|AUC250|KMEANS,30,0.51850164098461493,MacroF1
HILL|AUC250|WARD,31,0.51344773361554497,MacroF1
LOGISTIC|IC50|KMEANS,32,0.51006960184318195,MacroF1
EMAX|AUC250|TIED_GMM,33,0.50996073424373145,MacroF1
LOGISTIC|IC50|JENKS,34,0.50980899453521367,MacroF1
WEIBULL|AUC250|KMEANS,35,0.50975553484338065,MacroF1
LOGISTIC|IC50|WARD,36,0.50959345071572737,MacroF1
WEIBULL|AUC250|JENKS,37,0.50955732107756013,MacroF1
WEIBULL|AUC250|WARD,38,0.5039129994039625,MacroF1
WEIBULL|IC50|WARD,39,0.5024889173333581,MacroF1
LOGISTIC|AUC250|KMEANS,40,0.50142969057222131,MacroF1
LOGISTIC|AUC250|JENKS,41,0.50139535338388797,MacroF1
WEIBULL|IC50|KMEANS,42,0.50117180024189867,MacroF1
WEIBULL|IC50|JENKS,43,0.500913235066337,MacroF1
EMAX|IC50|KMEANS,44,0.49793738546337046,MacroF1
EMAX|IC50|JENKS,45,0.49756163919220764,MacroF1
LOGISTIC|AUC250|WARD,46,0.49634658066510745,MacroF1
EMAX|IC50|WARD,47,0.49425209775362955,MacroF1
HILL|IC50|WARD,48,0.48928086592695863,MacroF1
HILL|AUC250|TIED_GMM,49,0.48870978072802773,MacroF1
HILL|IC50|KMEANS,50,0.48782687967673299,MacroF1
HILL|IC50|JENKS,51,0.48755064592674568,MacroF1
WEIBULL|AUC250|TIED_GMM,52,0.48083604077340625,MacroF1
LOGISTIC|EC50|TIED_GMM,53,0.4785954580040257,MacroF1
HILL|EC50|TIED_GMM,54,0.47773368542798322,MacroF1
WEIBULL|EC50|TIED_GMM,55,0.47758687363479124,MacroF1
LOGISTIC|AUC250|TIED_GMM,56,0.47442852748678233,MacroF1
EMAX|EC50|TIED_GMM,57,0.47401447266638597,MacroF1
LOGISTIC|IC50|TIED_GMM,58,0.45436136920456532,MacroF1
WEIBULL|IC50|TIED_GMM,59,0.44803103426214719,MacroF1
EMAX|IC50|TIED_GMM,60,0.44178997948679372,MacroF1
HILL|IC50|TIED_GMM,61,0.43793760138131194,MacroF1
EMAX|EMAX|TERTILES,62,0.3747445059829233,MacroF1
LOGISTIC|EMAX|TERTILES,63,0.37409080490430802,MacroF1
HILL|EMAX|TERTILES,64,0.37334511290140215,MacroF1
WEIBULL|EMAX|TERTILES,65,0.37236502224660106,MacroF1
WEIBULL|EMAX|JENKS,66,0.35931157094950905,MacroF1
WEIBULL|EMAX|KMEANS,67,0.3592420627884001,MacroF1
HILL|EMAX|KMEANS,68,0.35822097782132922,MacroF1
HILL|EMAX|JENKS,69,0.35816918841190826,MacroF1
LOGISTIC|EMAX|KMEANS,70,0.35783739283557386,MacroF1
LOGISTIC|EMAX|JENKS,71,0.35780194991225839,MacroF1
EMAX|EMAX|JENKS,72,0.35687052768349853,MacroF1
EMAX|EMAX|KMEANS,73,0.35682552569894715,MacroF1
HILL|EMAX|WARD,74,0.35511267664767354,MacroF1
LOGISTIC|EMAX|WARD,75,0.35457453206774564,MacroF1
WEIBULL|EMAX|WARD,76,0.35423138685290723,MacroF1
EMAX|EMAX|WARD,77,0.35326834595360807,MacroF1
LOGISTIC|EMAX|TIED_GMM,78,0.34438187938752535,MacroF1
WEIBULL|EMAX|TIED_GMM,79,0.34431686783721671,MacroF1
EMAX|EMAX|TIED_GMM,80,0.34289795165723191,MacroF1
HILL|EMAX|TIED_GMM,81,0.3426192122048487,MacroF1
TRIOS,1,0.39776911414338312,Extreme_LH
LOGISTIC|IC50|TERTILES,2,0.41957324808104313,Extreme_LH
WEIBULL|IC50|TERTILES,3,0.44650780972665949,Extreme_LH
EMAX|EC50|TERTILES,4,0.50736408923543419,Extreme_LH
LOGISTIC|EC50|TERTILES,5,0.50801386181503139,Extreme_LH
WEIBULL|EC50|TERTILES,6,0.51667749620965997,Extreme_LH
HILL|EC50|TERTILES,7,0.51960147281784708,Extreme_LH
HILL|IC50|TERTILES,8,0.52270364254322732,Extreme_LH
EMAX|IC50|TERTILES,9,0.6018047622773387,Extreme_LH
HILL|EC50|KMEANS,10,1.5827377084687024,Extreme_LH
HILL|EC50|JENKS,11,1.5867446393762183,Extreme_LH
WEIBULL|EC50|KMEANS,12,1.6047216807450724,Extreme_LH
WEIBULL|EC50|JENKS,13,1.6087286116525883,Extreme_LH
LOGISTIC|EC50|KMEANS,14,1.6295213341996968,Extreme_LH
LOGISTIC|EC50|JENKS,15,1.6304959930690925,Extreme_LH
EMAX|EC50|KMEANS,16,1.6403508771929822,Extreme_LH
EMAX|EC50|JENKS,17,1.6432748538011694,Extreme_LH
WEIBULL|EC50|WARD,18,1.7853584578730777,Extreme_LH
LOGISTIC|EC50|WARD,19,1.7941303876976389,Extreme_LH
HILL|EC50|WARD,20,1.8422135585878276,Extreme_LH
EMAX|EC50|WARD,21,1.9432531947151832,Extreme_LH
LOGISTIC|IC50|KMEANS,22,2.066320217767879,Extreme_LH
LOGISTIC|IC50|JENKS,23,2.0703331393754554,Extreme_LH
WEIBULL|IC50|JENKS,24,2.1547745828895981,Extreme_LH
WEIBULL|IC50|KMEANS,25,2.1674210152644657,Extreme_LH
LOGISTIC|IC50|WARD,26,2.2223782802847385,Extreme_LH
WEIBULL|IC50|WARD,27,2.3165157969471069,Extreme_LH
HILL|IC50|KMEANS,28,2.4836614156029113,Extreme_LH
HILL|IC50|JENKS,29,2.4976409530549653,Extreme_LH
EMAX|IC50|KMEANS,30,2.6110806840014256,Extreme_LH
EMAX|IC50|JENKS,31,2.6302062958036667,Extreme_LH
HILL|IC50|WARD,32,2.644316881165194,Extreme_LH
HILL|EC50|TIED_GMM,33,2.7671648256443575,Extreme_LH
EMAX|IC50|WARD,34,2.7850585504524945,Extreme_LH
LOGISTIC|EC50|TIED_GMM,35,2.7951697040230075,Extreme_LH
WEIBULL|EC50|TIED_GMM,36,2.8279302934192967,Extreme_LH
EMAX|EC50|TIED_GMM,37,2.8596682784796963,Extreme_LH
LOGISTIC|IC50|TIED_GMM,38,3.3790165383919781,Extreme_LH
WEIBULL|IC50|TIED_GMM,39,3.5914758608448705,Extreme_LH
EMAX|AUC250|JENKS,40,3.6681828026857266,Extreme_LH
EMAX|AUC250|KMEANS,41,3.6712150747238463,Extreme_LH
EMAX|AUC250|TIED_GMM,42,3.7188650638943033,Extreme_LH
EMAX|AUC250|WARD,43,3.9828893220706081,Extreme_LH
HILL|IC50|TIED_GMM,44,3.9879761709569874,Extreme_LH
EMAX|IC50|TIED_GMM,45,4.1291673188292375,Extreme_LH
HILL|AUC250|JENKS,46,4.3546675330301055,Extreme_LH
HILL|AUC250|KMEANS,47,4.3679878709118478,Extreme_LH
HILL|AUC250|TIED_GMM,48,4.5651938488195789,Extreme_LH
WEIBULL|AUC250|JENKS,49,4.6610353043101576,Extreme_LH
WEIBULL|AUC250|KMEANS,50,4.662984622048949,Extreme_LH
HILL|AUC250|WARD,51,4.7064110894520246,Extreme_LH
WEIBULL|AUC250|TIED_GMM,52,4.8230905214995046,Extreme_LH
LOGISTIC|AUC250|JENKS,53,4.9220272904483426,Extreme_LH
LOGISTIC|AUC250|KMEANS,54,4.9220272904483426,Extreme_LH
LOGISTIC|AUC250|TIED_GMM,55,5.0058276573250833,Extreme_LH
WEIBULL|AUC250|WARD,56,5.0706086203162224,Extreme_LH
EMAX|AUC250|TERTILES,57,5.2736625514403297,Extreme_LH
LOGISTIC|AUC250|WARD,58,5.3662551440329223,Extreme_LH
HILL|AUC250|TERTILES,59,6.1880008663634394,Extreme_LH
WEIBULL|AUC250|TERTILES,60,6.6366688325752659,Extreme_LH
LOGISTIC|AUC250|TERTILES,61,6.9091401342863321,Extreme_LH
EMAX|EMAX|TIED_GMM,62,13.568269816197898,Extreme_LH
HILL|EMAX|TIED_GMM,63,13.724496426250813,Extreme_LH
WEIBULL|EMAX|TIED_GMM,64,13.808208793588911,Extreme_LH
LOGISTIC|EMAX|TIED_GMM,65,13.848485242378549,Extreme_LH
EMAX|EMAX|KMEANS,66,14.183560753736192,Extreme_LH
EMAX|EMAX|JENKS,67,14.187675980073639,Extreme_LH
HILL|EMAX|JENKS,68,14.317847086852936,Extreme_LH
HILL|EMAX|KMEANS,69,14.318821745722332,Extreme_LH
LOGISTIC|EMAX|JENKS,70,14.347086852934806,Extreme_LH
LOGISTIC|EMAX|KMEANS,71,14.350010829542992,Extreme_LH
WEIBULL|EMAX|JENKS,72,14.357808100498159,Extreme_LH
WEIBULL|EMAX|KMEANS,73,14.358782759367555,Extreme_LH
EMAX|EMAX|WARD,74,14.461663417803766,Extreme_LH
HILL|EMAX|WARD,75,14.577864414121725,Extreme_LH
LOGISTIC|EMAX|WARD,76,14.69590643274854,Extreme_LH
WEIBULL|EMAX|WARD,77,14.768680961663417,Extreme_LH
EMAX|EMAX|TERTILES,78,16.82077106346112,Extreme_LH
HILL|EMAX|TERTILES,79,17.16081871345029,Extreme_LH
LOGISTIC|EMAX|TERTILES,80,17.259367554689192,Extreme_LH
WEIBULL|EMAX|TERTILES,81,17.267164825644361,Extreme_LH
