module,function,source_locator,source_file_sha256,source_lines,function_text_sha256,status
src/trios_release/ab_hb.py,fit_ms,04_RESULTS/TRIOS_NUMERICAL_VERIFICATION_NV0_NV7_v1.0_20260916_153245/00_AUTHORITY_AND_CONFIG/run_phaseb_v12.py,7eb37341623b10b4c3e0d967462d4631f11ba6258529633e0e10856afd8dd31c,107-114,729d82b8b63b4a422c1cd74774d31b55451d8e364e529b389cb84d48b13644ca,VERBATIM
src/trios_release/geometry.py,log_grid,04_RESULTS/TRIOS_NUMERICAL_VERIFICATION_NV0_NV7_v1.0_20260916_153245/00_AUTHORITY_AND_CONFIG/preflight.py,a5227318a02c75fcce1c2cb630bfd96f43e5a0a78c176a3c6cc7a893a722fed3,62-71,1f1a18cb8e1620a3cc7de2ff5b4c81d85db048519936452f39b4c65deab1c043,VERBATIM
src/trios_release/geometry.py,crs_geometry,04_RESULTS/TRIOS_NUMERICAL_VERIFICATION_NV0_NV7_v1.0_20260916_153245/00_AUTHORITY_AND_CONFIG/preflight.py,a5227318a02c75fcce1c2cb630bfd96f43e5a0a78c176a3c6cc7a893a722fed3,74-96,8d2d0b2b209e46cf01c6b7cfc67af60fc63bbfc9993b596631ffbfa845ed1a64,VERBATIM
src/trios_release/hb_frozen.py,pred,04_RESULTS/TRIOS_NUMERICAL_VERIFICATION_NV0_NV7_v1.0_20260916_153245/00_AUTHORITY_AND_CONFIG/run_phaseb_v12.py,7eb37341623b10b4c3e0d967462d4631f11ba6258529633e0e10856afd8dd31c,42-42,8b7af27fc6d0bfe5985375abef65d426b91fbb7900201176f649d85f348369e3,VERBATIM
src/trios_release/hb_frozen.py,scalar,04_RESULTS/TRIOS_NUMERICAL_VERIFICATION_NV0_NV7_v1.0_20260916_153245/00_AUTHORITY_AND_CONFIG/run_phaseb_v12.py,7eb37341623b10b4c3e0d967462d4631f11ba6258529633e0e10856afd8dd31c,43-43,4e73b2c01a3e2698abc13f441108590bbdc8932ca7df94671c310ec8c55fc7e6,VERBATIM
src/trios_release/hb_frozen.py,spline_from_parameters,04_RESULTS/TRIOS_NUMERICAL_VERIFICATION_NV0_NV7_v1.0_20260916_153245/00_AUTHORITY_AND_CONFIG/run_phaseb_v12.py,7eb37341623b10b4c3e0d967462d4631f11ba6258529633e0e10856afd8dd31c,74-76,59a43548a64639fcaa92cd30a053a189e6cdc846e07119eca1b90bd767434420,VERBATIM
src/trios_release/hb_frozen.py,extension,04_RESULTS/TRIOS_NUMERICAL_VERIFICATION_NV0_NV7_v1.0_20260916_153245/00_AUTHORITY_AND_CONFIG/run_phaseb_v12.py,7eb37341623b10b4c3e0d967462d4631f11ba6258529633e0e10856afd8dd31c,80-87,3b63a5db64bace05d2ddc85fb076c1c65d0f4f13dc50f220261e75dc65e89ffb,VERBATIM
src/trios_release/hb_stage.py,stage,amendments/PhaseB_RAW50_DirectLogSpace_81Method_FullReexecution_v1.0/run_raw50.py,158c742142c43a0faacf9867e37ccd2dc371a2649c617c44e89ce7a50df8e3bb,120-127,049e67d4c380771c060ba40a700670f8b6fe3124d03393c79d21b5d3c1e0d134,VERBATIM
src/trios_release/ab_ccle.py,fit_ms,FREEZE/CCLE_EXPERIMENT_A_RESULTS_LOCK_20260928_v1/SOURCE_CODE_SNAPSHOT/2f65af5d4a9cc783_run_phaseb_v12.py,2f65af5d4a9cc783394c4e274263c2d2c2b0cd18658c2bdb68aa5655c529b577,109-116,1fb665b7b33dda3bde604d9b946e670f80bad0707edd2242a7d8cb4635bd5b62,VERBATIM
src/trios_release/ab_simulation.py,ab,04_RESULTS/TRIOS_NUMERICAL_VERIFICATION_NV0_NV7_v1.0_20260916_153245/00_AUTHORITY_AND_CONFIG/run_formal.py,e23092e5ede4a2aede1f70cc2ff8da44aa86ca71be5e104c5e13b93703650c47,156-166,d8497834d22179840ebaee811b733661c0d65d3f447bf04505c58dd6a1c8573c,VERBATIM
src/trios_release/evaluation.py,IntegrityStop,executions/CCLE_OPTION_C_MIN_INCREMENTAL_FULL_20260928_v1/execute_full.py,6a8f678b92e89747538accbe2cf0bbc6ffd6ed283e59a69416b4b147e7d08e73,47-47,2837ad76ad66b8d58d591f6c267e3a4d00126b39aa1a25232efb0ea29a91846a,VERBATIM
src/trios_release/evaluation.py,require,executions/CCLE_OPTION_C_MIN_INCREMENTAL_FULL_20260928_v1/execute_full.py,6a8f678b92e89747538accbe2cf0bbc6ffd6ed283e59a69416b4b147e7d08e73,48-49,3718b82e7a8cc73beab24103f3a9fdb40fed68245352e0702a1335fb94d963c5,VERBATIM
src/trios_release/evaluation.py,project,executions/CCLE_OPTION_C_MIN_INCREMENTAL_FULL_20260928_v1/execute_full.py,6a8f678b92e89747538accbe2cf0bbc6ffd6ed283e59a69416b4b147e7d08e73,104-106,f8a7495d6e44b54f4e9953693a93e81da3966688b5d51aaffb744c302a5b5951,VERBATIM
src/trios_release/evaluation.py,task_components,executions/CCLE_OPTION_C_MIN_INCREMENTAL_FULL_20260928_v1/execute_full.py,6a8f678b92e89747538accbe2cf0bbc6ffd6ed283e59a69416b4b147e7d08e73,127-141,b5efffca4d6179e51d2c9da1fc6cd897481ed0cb02a479c7e5895e24daea2bb5,VERBATIM
src/trios_release/ccle_classifier.py,classify,executions/CCLE_OPTION_C_MIN_INCREMENTAL_FULL_20260928_v1/execute_full.py,6a8f678b92e89747538accbe2cf0bbc6ffd6ed283e59a69416b4b147e7d08e73,107-117,616f194d109f4deec5876b70c4eebe3ab73eff8f49389082ba6cd79d2abe6a29,VERBATIM
