file,bytes,sha256
.gitattributes,9,8b9c3028d6467ff3be7c793141927841d70f47f52d0590677438f488ca154992
.gitignore,81,7655837de871161778a477677a7520539ad4a7f54569bb727522528084fcebc0
README.md,8759,f6769ca6e271f0cb899636a43ed6760633decbff91c19c83f39b8e2d8d37a1ec
archived_sources/04_RESULTS/E4_H150_JBUDGET_AND_H250_EXACTLOG_EXTENSION_v1_20260929_run01/code/adapter.py,10701,8b5bcf5baaf0e5ebb30c9183c53d43c7af81fe6b69b847b167f06648e51ec95d
archived_sources/04_RESULTS/E4_H150_JBUDGET_AND_H250_EXACTLOG_EXTENSION_v1_20260929_run01/code/finalize.py,20424,b9a38f609578b01026d84e148d1ca742b6b1eac1cd56e00bffc129212acf833f
archived_sources/04_RESULTS/E4_H150_JBUDGET_AND_H250_EXACTLOG_EXTENSION_v1_20260929_run01/code/integration_qa.py,5285,c8f86fa4ee997b4ab2e8a2c60542ecdc0f22123fb7a13331725a0baab1fa9ccc
archived_sources/04_RESULTS/E4_H150_JBUDGET_AND_H250_EXACTLOG_EXTENSION_v1_20260929_run01/code/prepare.py,3664,bc2614c105652b3a636c6688c602d047c39b5cae13ace0e7a91f99d4d83c39b6
archived_sources/04_RESULTS/E4_H150_JBUDGET_AND_H250_EXACTLOG_EXTENSION_v1_20260929_run01/code/report_and_package.py,17896,385f11467725ee0dd2332b3b6ffd6a901dfd622939299b86d7bcc40e8a5399e4
archived_sources/04_RESULTS/E4_H150_JBUDGET_AND_H250_EXACTLOG_EXTENSION_v1_20260929_run01/code/resume_lane_b.py,1565,28caa7c9069f8e4da554c5985dd2f5c084a457bcab1b99144f2e85cf7ff304d8
archived_sources/04_RESULTS/E4_H150_JBUDGET_AND_H250_EXACTLOG_EXTENSION_v1_20260929_run01/code/run.py,6863,f6ee8c75151ee7d1cf4a5c743cb9a9071f4f6605149928b0110a4f3300ee979e
archived_sources/04_RESULTS/PHASE_C_SIMULATION/EXPERIMENT_5/run_e5_formal_structural_stress_v1.py,13031,839ec57eb95bfd262e007a10b7ec5bd241e08c452d54de423009ca02fcd13748
archived_sources/04_RESULTS/PHASE_D_CCLE/D5_PRESPECIFIED_MOLECULAR_BIOLOGICAL_COHERENCE_v1.0/src/d5a.py,10215,1f7190b9ef163313c9b585a16b5c5d60636d7f47c82013544cf03e28f8cd94fa
archived_sources/04_RESULTS/PHASE_D_CCLE/D5_PRESPECIFIED_MOLECULAR_BIOLOGICAL_COHERENCE_v1.0/src/d5b.py,11638,7e8d4b92ab85c51da46c3b2da935a1cfc1fb829a84837477139e985aea346509
archived_sources/04_RESULTS/PHASE_D_CCLE/D5_PRESPECIFIED_MOLECULAR_BIOLOGICAL_COHERENCE_v1.0/src/d5package.py,7505,73b464fbde10209c0ea74b90171931cc23dc14868337230d55ca5ef6deef139d
archived_sources/04_RESULTS/PHASE_D_CCLE/D5_PRESPECIFIED_MOLECULAR_BIOLOGICAL_COHERENCE_v1.0/src/d5plots.py,5314,0dc1a569b9de7ef2210299fbaed9b22ad3eaba6de853d207b360fd7209be80bb
archived_sources/04_RESULTS/PHASE_D_CCLE/D5_PRESPECIFIED_MOLECULAR_BIOLOGICAL_COHERENCE_v1.0/src/d5qa.py,10426,2eb49ed86fa97f21326c030013eb1595ef57aa6b26eacc6a2c291a274a305d06
archived_sources/04_RESULTS/TRIOS_PHASEC_E3_Q50_81METHOD_AUC_COMPLETION_v1.0_20260918/source_and_config/classifiers_v11_frozen.py,13573,7b7879148bc73b2ef2c31cde9cfb2d8f682916c0b922d646b63a0c7cbba20e56
archived_sources/04_RESULTS/TRIOS_PHASEC_E3_Q50_81METHOD_AUC_COMPLETION_v1.0_20260918/source_and_config/config_frozen.py,2022,1b55fadb3174be723f9b470cd339ec462f2f3a88eb3bcc4a204c438ed7d07ec0
archived_sources/04_RESULTS/TRIOS_PHASEC_E3_Q50_81METHOD_AUC_COMPLETION_v1.0_20260918/source_and_config/e3_q50_81_auc_completion.py,13397,fd11b06e7de2c8e439cdb746d8379a75c2cd441c5b7f9d5b2e3fc36451f6dd00
archived_sources/04_RESULTS/TRIOS_PHASEC_E3_Q50_81METHOD_AUC_COMPLETION_v1.0_20260918/source_and_config/e3_q50_81_finalize.py,15093,efbc2894c80d6e983164b7c30446f4ac39e8ec8c0337e8204633b350d63dc227
archived_sources/04_RESULTS/TRIOS_PHASEC_E3_Q50_81METHOD_AUC_COMPLETION_v1.0_20260918/source_and_config/prepare.py,5660,6e4ad70c666d73e567ee5193bf5dc6879f8f8933223ab43d20d2b22c1fa5f48d
archived_sources/04_RESULTS/TRIOS_PHASEC_E3_Q50_81METHOD_AUC_COMPLETION_v1.0_20260918/source_and_config/raw_models.py,2693,db00682dadd11494e999cf31dbcd49c0db5af18e509d54ab6355670126209ed2
archived_sources/04_RESULTS/TRIOS_PHASEC_E3_Q50_81METHOD_AUC_COMPLETION_v1.0_20260918/source_and_config/run_stage1.py,13932,52253fea332bd106abc04b05b414e38d21c782fef6031e2b378a7605d9b7508b
archived_sources/04_RESULTS/TRIOS_PHASEC_E3_Q50_81METHOD_AUC_COMPLETION_v1.0_20260918/source_and_config/run_tasks.py,8875,77e1f1b98d58f2c0bc3687b188cf6b87c711c8b1f384872cb3a7a5b27206f83b
archived_sources/04_RESULTS/UPLOAD_BUNDLES_FINAL/TRIOS_FINAL_UPLOAD_HB_PDO_v1.0/02_FINAL_SCRIPTS/final_method/constrained_pspline_solver.py,4731,c5657eecfa5e64ad254f8f5d300dd7004f6dc44ef3da8784d0af137e862a6fcf
archived_sources/README.md,1653,188017368aa87defd170479a0b5b4734f55bb47e097facb0cdacf0352bc566e2
archived_sources/amendments/PhaseB_RAW50_DirectLogSpace_81Method_FullReexecution_v1.0/run_raw50.py,29052,67503ce70786099aa8cc5f8135705cb9714323492262eae563361a25a5c6fe73
archived_sources/current_simulation_81/classifiers_v11_frozen.py,13573,7b7879148bc73b2ef2c31cde9cfb2d8f682916c0b922d646b63a0c7cbba20e56
archived_sources/current_simulation_81/config_frozen.py,2022,1b55fadb3174be723f9b470cd339ec462f2f3a88eb3bcc4a204c438ed7d07ec0
archived_sources/current_simulation_81/e3_q50_81_auc_completion.py,13397,fd11b06e7de2c8e439cdb746d8379a75c2cd441c5b7f9d5b2e3fc36451f6dd00
archived_sources/current_simulation_81/e3_q50_81_finalize.py,15093,efbc2894c80d6e983164b7c30446f4ac39e8ec8c0337e8204633b350d63dc227
archived_sources/current_simulation_81/prepare.py,5660,6e4ad70c666d73e567ee5193bf5dc6879f8f8933223ab43d20d2b22c1fa5f48d
archived_sources/current_simulation_81/raw_models.py,2693,db00682dadd11494e999cf31dbcd49c0db5af18e509d54ab6355670126209ed2
archived_sources/current_simulation_81/run_stage1.py,13932,52253fea332bd106abc04b05b414e38d21c782fef6031e2b378a7605d9b7508b
archived_sources/current_simulation_81/run_tasks.py,8875,77e1f1b98d58f2c0bc3687b188cf6b87c711c8b1f384872cb3a7a5b27206f83b
archived_sources/executions/CCLE_EXPERIMENT_A_FIXED_SCORE_ORIGINAL5_20260928_v1/durable_runtime.py,8175,8a1e56ffd21c6123ac6803871a1ff9c2a976542e9c5cea27c1ff4f92e52d3fef
archived_sources/executions/CCLE_EXPERIMENT_A_FIXED_SCORE_ORIGINAL5_20260928_v1/engine.py,9019,35f7b8e2e1d224dddcf7f050dce0825d787143f9f61fded75b09f0be5ddf9d3c
archived_sources/executions/CCLE_EXPERIMENT_A_FIXED_SCORE_ORIGINAL5_20260928_v1/finalize.py,15179,fa0488fe11660ae8d1a6472bd1237cfb226f912012f8e8f8ab46a94f5ff92abc
archived_sources/executions/CCLE_EXPERIMENT_A_FIXED_SCORE_ORIGINAL5_20260928_v1/initialize.py,12124,1470ab6502fbddec6fd5399a09fb32830d55fbf50a44cefb1bde470e4e3e5208
archived_sources/executions/CCLE_EXPERIMENT_A_FIXED_SCORE_ORIGINAL5_20260928_v1/qa.py,5397,ff8c843e0e3841404d768927f20c7550946894502f2ad1e309e6355b79ef8380
archived_sources/executions/CCLE_EXPERIMENT_A_FIXED_SCORE_ORIGINAL5_20260928_v1/raw_source_qa.py,1255,7bb9cd9f8408fdbe35d3aba44c6cc6e89c59160ab88503da0b2ce3e3bd2520d0
archived_sources/executions/CCLE_EXPERIMENT_A_FIXED_SCORE_ORIGINAL5_20260928_v1/run_experiment.py,3178,d3af2f222acb556ea56172f3b856ae8e585589cb1ebe17f1b6c62d3be7a4a249
archived_sources/hash_bound/2f65af5d4a9cc783_2f65af5d4a9cc783_run_phaseb_v12.py,35239,098847445bd0a81d1238ac45bfd02e998e99fe8b2269a115c6bc37cccf454620
archived_sources/hash_bound/585a4c5599f77513_585a4c5599f77513_trios_ab_production.py,1187,585a4c5599f7751398f4a78edfd7f5215f91f00095c3dbf8ae8f6a35cb0bfcd8
archived_sources/hash_bound/7eb37341623b10b4_run_phaseb_v12.py,35162,d8fbcbe51523f2c4b051957ca75978bd14d8f29edb10f5b5363a9411e99dcc69
archived_sources/hash_bound/a5227318a02c75fc_preflight.py,17771,b275b8fc0425ce10f12f68c98aecf35de00b06623436bf3e4a40495156a15d52
archived_sources/hash_bound/e23092e5ede4a2ae_run_formal.py,21117,a9953ab868d92a802207589475017d63f9be925bb03f9505bb115e982fe61de4
archived_sources/prospective_extension/adapter.py,10701,8b5bcf5baaf0e5ebb30c9183c53d43c7af81fe6b69b847b167f06648e51ec95d
archived_sources/prospective_extension/finalize.py,20424,b9a38f609578b01026d84e148d1ca742b6b1eac1cd56e00bffc129212acf833f
archived_sources/prospective_extension/integration_qa.py,5285,c8f86fa4ee997b4ab2e8a2c60542ecdc0f22123fb7a13331725a0baab1fa9ccc
archived_sources/prospective_extension/prepare.py,3664,bc2614c105652b3a636c6688c602d047c39b5cae13ace0e7a91f99d4d83c39b6
archived_sources/prospective_extension/report_and_package.py,17896,385f11467725ee0dd2332b3b6ffd6a901dfd622939299b86d7bcc40e8a5399e4
archived_sources/prospective_extension/resume_lane_b.py,1565,28caa7c9069f8e4da554c5985dd2f5c084a457bcab1b99144f2e85cf7ff304d8
archived_sources/prospective_extension/run.py,6863,f6ee8c75151ee7d1cf4a5c743cb9a9071f4f6605149928b0110a4f3300ee979e
archived_sources/simulation_generation/constrained_pspline_solver.py,4731,c5657eecfa5e64ad254f8f5d300dd7004f6dc44ef3da8784d0af137e862a6fcf
archived_sources/simulation_generation/freeze_generated_bank.py,1085,70f7847913ca21ad7c9ade76d47e10e56e42642ef52a98da19f506b3202b44ae
archived_sources/simulation_generation/run_calibration.py,9728,0d8b4f12c5f5e62cf295022a17b50c0c675746570a2ff430abe65147071e677c
archived_sources/simulation_generation/run_formal.py,21117,a9953ab868d92a802207589475017d63f9be925bb03f9505bb115e982fe61de4
archived_sources/work/trios_ab_production.py,1187,585a4c5599f7751398f4a78edfd7f5215f91f00095c3dbf8ae8f6a35cb0bfcd8
archived_sources/work/trios_crs_logspace_amendment_v10/run_phase_c_e1e2.py,11954,44d084da538f687311f2cb6bd102219ce62deb54a3c16b078167be28302da69a
archived_sources/work/trios_crs_logspace_amendment_v10/run_phase_c_e5.py,8840,29558ad3513f69b78d04e514b91ef2315bf5060703330f607c2eb73d427cf040
configs/ANALYSIS_CONTRACTS.json,2381,09a05f581ab67853d2c4d5bdb3792ab29315149331993f0010fb6f2765868592
configs/E5_STRESS_CALIBRATION_LOCK_v1.1.json,17073,ce2a7c89b4c33fe5d3a456a00df59b756d9e8e29e1d29faa69cf272a9cd458e1
configs/generator_lock_v1.0.json,1216,b25ae8b926003a4b7aae0783820a12f4e97d0fdd882b6dedc20ccf8f66db8588
data/ccle/README.md,2057,c9c29056400be62062484bbf66e0395fa462940131968f3643fbc75e0d76c869
data/ccle/REQUIRED_LEGACY_INPUTS.csv,839,e1b909e2d7bdf789dd86444244b6281826cdd6f9eb1e5386c64a63dcc91ab799
data/ccle/locked_subset_membership.csv,663361,179922ddb5f78027cd70ecb773568d2de61851c5929c02d05b4a5bee6dd125d6
data/hb/DATA_DICTIONARY.md,2385,262141d99c912ce01531d61e68cc35d3cd548d21c40ac569a87784aeeec8e406
data/hb/README.md,195,52f1025bd052893ca7207e5e2fa20c2f4cf47d69719ab713a7d4b4fd47227d81
data/hb/frozen_fit_parameters.csv,245607,8df1c738abc68b359c3169dc7046020da0ca4de591ffc07cefbc9eafa0346e7d
data/hb/frozen_fit_status.csv,87497,f9831e628ed19c0d63c35d7741629c5cac249d0d986371e685e5b112985f1433
data/hb/hb_pdo_drug_response.csv,119230,fb3651945dfcafffcb41a18f322da5368a046b99e5d4def50cd073c013b7d668
data/hb/source_to_eligible_membership.csv,3879,5b905b999b3460cb5b6a69d0416e15dfeeb3b40fda6c7bc094be4128ec633775
docs/FIGURE_PDF_INSPECTION.json,2411,7dfa97aa01500f5859c68dabc00d6016afce7d78fc1480b19a33eabac4d1a6c5
docs/FIGURE_PIXEL_PARITY.json,2574,c0e84eaeb3b7fc29f60c37c3b2434d1dfaf93d2f2e44c822b07b744766e03946
docs/KNOWN_LIMITATIONS.md,3169,66c4a0b6400e41945de796cff0da532fab2f2b79e22289b17db1f6e7bdbf9d62
docs/LICENSE_STATUS.md,592,cfaf7f054a48f23ba2448d32cd0a23f262a7867245835f2951985e6d7e304448
docs/LOCAL_VALIDATION_REPORT.md,4144,59f399aa1a943c06230732281065282208eb16dadd074b19fcd2a7694000bb65
docs/PUBLICATION_INPUT_QA.json,1106,d3a29abc1cf9f34038239cb6a10bf53958b9c4c34fbd8f625bd75a6c74fa4f36
docs/README_LINK_CHECK.json,208,0069b9ada840ae43d7fdb01a47ae8dae40bef711345b01a463a006fa1ce99648
docs/REPRODUCTION_LEVELS.md,1336,d52cc69d35d0e0cbd1e81e64913a33f4e6e278f03cabb81e53886eec9bec0b9a
docs/STORED_RESULT_CHECKS.json,417,a4cd0cf4c2729a07efc9b2e223bbf638733f4e0d176ed5113d9e739be0876487
docs/ccle_smoke.json,875,69387dc245fb3d0f7bd34a5f64f147e4819072dd527df71ffb71b8f035955e27
docs/hb_demo.json,582,72de8d1ec5543cff82b72e0bbee6b07d98ce435948b4ef2672f6cbcf96fa7bbb
environment/FROZEN_CCLE_EXECUTION_ENVIRONMENT.json,293,25222db49b9c98d5c86bc474df026c2afbc380e580d0c78b41b13c67cef2a5ed
environment/requirements.txt,128,f03751fc2cff8d1b14e9ea37d771b472db808c5b4ee594908af57de4a988d4fe
environment/validated-lock.txt,422,9285aefda4965617d07f6ca6d9cdddaa9442d173e43221529ef47eb401da3db7
examples/ccle_fixed_score_smoke.py,2567,330658864b237eb0a16b0a2176bc167e0cba524c8f7f10e6dc63c5cd30519d29
examples/hb_frozen_demo.py,3207,31e8d4b5f0596cd5dc7fdb4baaf87fcbf1efb900f154b1c4c223c727f11a88c0
figures/FIGURE_REPLAY_CONTRACT.md,1232,874383b1e1f3e88024a36d9bf17adce5456dae84999a2aef78dc87c882be356a
figures/Figure1/figure1.tex,315,0cf9608e9dc7e30fe3d73d28f9e42f93eacbb74655fd13b5aa1289100e629a3f
figures/Figure1/figure1_trios_framework.tex,5362,5754852f1e47cc5c3edab48e086712d6e0133d22a2662d95312542df33fc34bf
figures/Figure2_3/data/PARITY_SUMMARY.json,250,a7139f92c822678b439d4139b379b497b3cefd57f09cc07fa208ed12e8ae434a
figures/Figure2_3/data/figure2_domains.csv,284,6ee2ac498855f833516f720e09890aac020f07e540345bfd80990c2d65e5920e
figures/Figure2_3/data/figure2_fidelity.csv,2430,d6c590ece7f95373de400d7b5b59ea100c914793fa46994133da9add0a05434e
figures/Figure2_3/data/figure3_benchmark.csv,16476,a0e5b48fcee7fe709be044e3d12a41dfb41f0751e67d11568a44ab70ceb573a0
figures/Figure2_3/data/figure3_frozen_tasks.csv,3044,8678654c3f7c6d40748c743e7e85723a8ce51e08eb054d77dc84afa87c861b1c
figures/Figure2_3/data/figure3_sampled_frozen_curves.csv,2719876,57dacc3c04fc68fa64fca61ad7dd9afa36710cadf516d22643d13d51c51d6ce5
figures/Figure2_3/data/figure3_scores_labels.csv,9109,2872fb5b1c67d4972589f5383fde3abbe3705448bd7ce165b0b1303eb3cf5ff4
figures/Figure2_3/plot_hb_figures.py,11295,768113a8e133864bf0f894d263e4a2e49ed7967021a4f7cdec2b0db024e3ca94
figures/Figure4/Figure4_caption.tex,773,c9c66a34cb23465787bac41239e8cfc61e8c5f78995e16b8239a93250e19f4c7
figures/Figure4/data/panel_A.csv,4180,c9645502fc2323c30a2fda406716ea303421581ba18127f900e340efa2449077
figures/Figure4/data/panel_B.csv,5151,27b47b115355d5a235df6f48bbc2dfe02b30c9b7220aefc290d5a8ec062665b4
figures/Figure4/data/panel_C.csv,10690,6d742bd723863621454a379341845c0943f333c6121063600c9af2b876286a19
figures/Figure4/data/panel_C_ordered_points.csv,16056,af58fb752a2005ef2f3dcd0f4ebb43ccc134543bbecb6da394fb197b1bb6bef6
figures/Figure4/plot_figure4.py,7077,6172966b02d491f5818eb0a3a02091179f5a804d5ff060caca7c8d499bb08604
figures/Figure5/Figure5_caption.tex,877,222ff7a96f24a7fd6983ba4156630e867e43d831fc542e88bff0cdec44a7dc9b
figures/Figure5/data/panel_A.csv,3302,5840f60e206f1710b3a108080e3fce716ea0d57695c7589b1a09fa012bd4b6fa
figures/Figure5/data/panel_B_overall.csv,3688,604c6d231bf0f21eba7b23ac1dfcf52d7a39ae08882925603360db76ca2c2cc4
figures/Figure5/data/panel_B_separation.csv,23432,26af59a672adf2d4ef2655e407f8d08680daeb8e9262d4094d607f7d09f80239
figures/Figure5/data/panel_C.csv,8019,6832291c96cc0ea6a0a84ad67123041e89022b781bc2a78f0619777fb719f304
figures/Figure5/plot_figure5.py,9122,f1e89616e0b6d52597b081ae100744e897885fc4cff1df4ec415ae55212573d9
figures/Figure6/Figure6_caption.tex,697,fe654a93fc3f1777f7053863488002e17c698735ee4734878a994ea343f15fad
figures/Figure6/data/Figure6_METRIC_POINTS.csv,4726,7472a9961df1aa8ba72391dccfc7e20a291852afa348468830ac638ac2e145c7
figures/Figure6/data/Figure6_PLOT_DATA.csv,7815,4c27cafe95f0f88f0a050be973a7c69127a255eb291bc113d3fce030d563d04e
figures/Figure6/plot_figure6.py,5442,76b28ecd46b486a44306a061c97d506f017df68352e3dc34905366e7d801ef0a
figures/Figure7_8/Figure7_8_CAPTIONS.tex,1107,dc3488e2f07efc0da0e07d7751dbc291abf8d3bde84780205bed9088896496dc
figures/Figure7_8/data/Figure7_source_data.csv,2190,88865869c001859d7db2e7f8ec392e4434ecba672f0b33cab7fef3cc15a8cd12
figures/Figure7_8/data/Figure8_gap_data.csv,2647,8067c94ff919b34eabd898570f8a171c2b074fc3906717335fd39405e5e87819
figures/Figure7_8/data/Figure8_source_data.csv,311083,702d62c808ed923040193018fc06133479d009bfdf59b6957bc28f673695da4f
figures/Figure7_8/plot_figures7_8.py,10950,9112d3ca0a6f2182924a5d737853d278d45ea7f0025edccf0def2aa270af4438
provenance/COMPUTATIONAL_FUNCTION_BINDINGS.csv,4343,4ac7205a31677249209706217b0e93e172a8e8cde13f944ebe8d0d1df06181a0
provenance/RESULT_SOURCE_INDEX.csv,1436,4c7c7b55bf730744cc75c6cd2390b852049cfad8d52440151253f0e9161b3ce5
provenance/SOURCE_BINDINGS.csv,47922,953b3b549a790e40b37dc58e1d694519a54e5f98d78a7246edbeef871e6d0912
pyproject.toml,352,ebc231721924802aaf3a256420287358128ce9c52803b1cf8f4f0f85f78b4b33
reference_figures/Figure1_TRIOS_Framework.pdf,92883,ad9332920a5ebae1299986ff243b4f26cf563dd2784e8075e3e1ca61c6b5158d
reference_figures/Figure2_HB.pdf,43175,88b60fec873a15bc52396e4a7532be7f24ca0aaef45460e461c35f10c73a3ce9
reference_figures/Figure3_HB.pdf,78128,3f1d9beacd120c70ff05876ad4a9a741203a39115422fa043b3594ec9316e588
reference_figures/Figure4_Simulation.pdf,75796,c6e05e9d58712bf80ea20aad19f81631fce3eceabe56a9b11b5d65aeb7b34baf
reference_figures/Figure5_Prospective_Assay.pdf,69768,5552fd7d8fc15e5c21f090c9d79ad2b177dd14e1f76864c8ef6eca9068e37c7a
reference_figures/Figure6_Structural_Stress.pdf,61316,2de51aee34f4f14d559d63640d7194dd19297c6e5a012a4a585b0c9e6f895337
reference_figures/Figure7_CCLE_Transport_Molecular.pdf,59357,e87f62be997d04a07236bfe8a89074c6a1babae1ee7d6686ea43871f1fc2547c
reference_figures/Figure8_CCLE_Comparative.pdf,79539,d71b995f72135c38f0f8893ba2705f76cde9ec8a078f8ab3957de3e81d18f51b
results/ccle/EXPERIMENT_A_B100_ALL_81_METHOD_RESULTS.csv,125235,dcb63fdb2acc0fa88ca3fcbe6c44718fb7cae5b59528f78a912230a804ec6e6b
results/ccle/EXPERIMENT_A_FULL_81_METHOD_RESULTS.csv,113291,185cf2c65327fcc9cfbb76cb7ea3c692612cac24afc96d3d873fd205412ffdab
results/hb/RAW50_candidate_registry.csv,5366,5b9a8053582dd57d6ff5b503813d22e60ea219b8f1979f44c5e4a96f162e25d4
results/hb/method_regimen_results.csv,164078,d377dc478cf6d947edfb2237c3b8615f2613b4632e355d92e7df7d95bf4ed3f7
results/hb/profile_candidate_quantities.csv,112697,7568b0d0d82fa2fd69c4f14052ab387a27b4b3ae035dd3616ca579791e07bf3e
results/hb/profile_scores.csv,369660,4f232be0fd5ce9351ded1eb85d529f96110581b08a134e0a9067739e6fa6bd6c
results/hb/ranking.csv,16476,a0e5b48fcee7fe709be044e3d12a41dfb41f0751e67d11568a44ab70ceb573a0
results/numerical/P6_C2_COVERAGE_SUMMARY_REVIEWED.csv,2902,f2c72e00a847629e355a99b21ae8e2bde3e80c3d7eb3df07daef11ed724f0dda
results/prospective/EXACT_AND_ROUNDED_J5_DOSE_IDENTITIES.csv,427,9118bdfef9c9a1c80fe14d41e1a83016df67965a84ac29851f31e97bbad41a2b
results/prospective/EXACT_ASSAY_DOSE_REGISTRY.csv,2795,34627dd6895b448b210aeda174cd69a690ba56f21b93a0ec0b3396ee1cf6918f
results/prospective/H_VS_H250_PAIRED_CONTRASTS.csv,57940,0ac36eac58de5a4a9b6cbfb90d6dfc230a567357dc74a7013e03ee5bd213d7ef
results/prospective/J_N_AND_GENERATOR_HETEROGENEITY.csv,16808,470d7c0d3d7b11e3ef62ab6bdd2bd1e3fa20b665931ffc841c5088a855ba3196
results/prospective/J_SEPARATION_HETEROGENEITY.csv,23432,26af59a672adf2d4ef2655e407f8d08680daeb8e9262d4094d607f7d09f80239
results/prospective/J_VS_J7_PAIRED_CONTRASTS.csv,77335,7f7c39e799e0b95b5be7bc36e1ec511f642d759a4217e63017ba93cea18dbadd
results/prospective/MANUSCRIPT_NUMBERS.csv,3842707,798d6432c05d24bbf7685b886c68daaa4aaab06ae78a303473d642e8a80d42b2
results/prospective/ROUNDED_J5_SEPARATE_SENSITIVITY.csv,7980,2743b31d9e51b080727f9f92bde610a0ca15663ae49fdcc4479b97e0379d3009
results/prospective/STAGE1_SAME_DESIGN_H100_H250.csv,17042,b7285cf8ba1da977aed61d4bb6d611e80a66bc502a818966bf68b2cf2530be8f
results/prospective/STAGE2_H150_J3_J7_MASTER.csv,3688,604c6d231bf0f21eba7b23ac1dfcf52d7a39ae08882925603360db76ca2c2cc4
results/simulation/E3_81METHOD_METHOD_REGISTRY.csv,4401,b90751ba0aed8fbec88addc0d8e8bfdf672b8f8d9156549ef3279daede1ec3d6
results/simulation/E3_81METHOD_OPERATIONAL_SUMMARY.csv,15732,d7b3914fb2d65d82203da97ba191eaf19b65cb7e477ea9d9e1735a1f6096b190
results/simulation/E3_81METHOD_RANKINGS.csv,12645,ff902a4ba3834fd76ed7038f8df13eebab107e676d2e4b01d558ecf4ffca2c72
results/simulation/E3_81METHOD_TRUTH_METRIC_SUMMARY.csv,10608,7126439923d049cea5c0ff90d16a8e59a11ae889bb6d4e380e81e80b56d755a5
results/simulation/E5_EXACT_LOG_STRESS_SEPARATION.csv,40497,a678bc0f01953f95f9c4114c337648c8cc09f4dc9ef2a2a8248866b2f1d7eeb8
results/simulation/E5_FAILURE_COUNTS.csv,4900,4919d6d139940b00d98ac53e950823ddb068bbea60b405a2d33034b3c7c10b71
scripts/ccle_entry.py,929,8b9cb7b2c2e9c07364e4dbf1b7cf2c14d4c893aedc1654c10e2d23556e15047f
scripts/replay_figures.py,2210,4ee712a8c2dd74c1846e0783e9665ee4196f57a8ad0818f1475893e778ab78d9
scripts/verify_manifest.py,1497,13b4b2cf07482e792d74f1c3a54cbaed05f5c36d3a0b9cafb72f7f5a0af6ec66
scripts/verify_stored_results.py,2476,fb3090eda437f95383ed0c257e070bed462f02b6dcce38e43e5b71d7deec1264
src/trios_release/__init__.py,98,e6b3c3f976d073cb7885c3bbf13414e096e6c48c5701e9d4816cbdd22a9e03ba
src/trios_release/ab_ccle.py,983,3860e7764ba9bbc9a05da6a2f904bac548027d7ffe4964d1a80e37443251ac4e
src/trios_release/ab_guarded_helper.py,1187,585a4c5599f7751398f4a78edfd7f5215f91f00095c3dbf8ae8f6a35cb0bfcd8
src/trios_release/ab_hb.py,939,6691bd28ac0f6db077b77c2fae07a5ba7e75bb25972af90236ac80da043e817f
src/trios_release/ab_simulation.py,724,c0eecb6d494bc371f2691fd25ea973d6278c7c444cfc92f9aec552f1eb88d3ec
src/trios_release/ccle_classifier.py,961,bab52a8e98bee7464c0091846064a78837606cb3df4476a60bcf9a49c3ddd1ac
src/trios_release/classifiers_v11_frozen.py,13574,5c1dc35916e024150ec30b9094167aa414fd9030eb162524131de7df5131b445
src/trios_release/config_frozen.py,138,e1ef30ea952b93d445c64bda8bae316a67943d39c70037f723343f23d510ec78
src/trios_release/evaluation.py,1713,7ac6c674664b8c477552fa1b04869003f28e78ff92a2355563b601812b4e09aa
src/trios_release/fixed_score.py,1375,811cd5dc50fa8f14eb6f4bc0cc48be09a53a37dec88a70461443baff7b6d0767
src/trios_release/geometry.py,1291,a868942f04a67756bf189453885cb35f16e89087ecbcb005b4239c9355abe319
src/trios_release/hb_frozen.py,1300,58d077061d5755ac37bac1f5b376c2bb58c4a4af510a7698d8361ea46f59dd5b
src/trios_release/hb_stage.py,723,65a90110bf42d3a1a0b88a5f719f12df2afe4f3154d1098d21865e38a6cd9698
src/trios_release/raw_models.py,2693,db00682dadd11494e999cf31dbcd49c0db5af18e509d54ab6355670126209ed2
src/trios_release/reconstruction.py,4731,c5657eecfa5e64ad254f8f5d300dd7004f6dc44ef3da8784d0af137e862a6fcf
