published_file,source_locator,source_sha256,published_sha256,transformation
src/trios_release/reconstruction.py,04_RESULTS/UPLOAD_BUNDLES_FINAL/TRIOS_FINAL_UPLOAD_HB_PDO_v1.0/02_FINAL_SCRIPTS/final_method/constrained_pspline_solver.py,c5657eecfa5e64ad254f8f5d300dd7004f6dc44ef3da8784d0af137e862a6fcf,c5657eecfa5e64ad254f8f5d300dd7004f6dc44ef3da8784d0af137e862a6fcf,byte-identical copy; source locator uses a public naming alias; original source SHA retained
src/trios_release/ab_hb.py,04_RESULTS/TRIOS_NUMERICAL_VERIFICATION_NV0_NV7_v1.0_20260916_153245/00_AUTHORITY_AND_CONFIG/run_phaseb_v12.py,7eb37341623b10b4c3e0d967462d4631f11ba6258529633e0e10856afd8dd31c,6691bd28ac0f6db077b77c2fae07a5ba7e75bb25972af90236ac80da043e817f,verbatim named function/class extraction; package imports only
src/trios_release/geometry.py,04_RESULTS/TRIOS_NUMERICAL_VERIFICATION_NV0_NV7_v1.0_20260916_153245/00_AUTHORITY_AND_CONFIG/preflight.py,a5227318a02c75fcce1c2cb630bfd96f43e5a0a78c176a3c6cc7a893a722fed3,a868942f04a67756bf189453885cb35f16e89087ecbcb005b4239c9355abe319,verbatim named function/class extraction; package imports only
src/trios_release/hb_frozen.py,04_RESULTS/TRIOS_NUMERICAL_VERIFICATION_NV0_NV7_v1.0_20260916_153245/00_AUTHORITY_AND_CONFIG/run_phaseb_v12.py,7eb37341623b10b4c3e0d967462d4631f11ba6258529633e0e10856afd8dd31c,58d077061d5755ac37bac1f5b376c2bb58c4a4af510a7698d8361ea46f59dd5b,verbatim named function/class extraction; package imports only
src/trios_release/hb_stage.py,amendments/PhaseB_RAW50_DirectLogSpace_81Method_FullReexecution_v1.0/run_raw50.py,158c742142c43a0faacf9867e37ccd2dc371a2649c617c44e89ce7a50df8e3bb,65a90110bf42d3a1a0b88a5f719f12df2afe4f3154d1098d21865e38a6cd9698,verbatim named function/class extraction; package imports only
src/trios_release/ab_guarded_helper.py,FREEZE/CCLE_EXPERIMENT_A_RESULTS_LOCK_20260928_v1/SOURCE_CODE_SNAPSHOT/585a4c5599f77513_trios_ab_production.py,585a4c5599f7751398f4a78edfd7f5215f91f00095c3dbf8ae8f6a35cb0bfcd8,585a4c5599f7751398f4a78edfd7f5215f91f00095c3dbf8ae8f6a35cb0bfcd8,byte-identical copy
src/trios_release/ab_ccle.py,FREEZE/CCLE_EXPERIMENT_A_RESULTS_LOCK_20260928_v1/SOURCE_CODE_SNAPSHOT/2f65af5d4a9cc783_run_phaseb_v12.py,2f65af5d4a9cc783394c4e274263c2d2c2b0cd18658c2bdb68aa5655c529b577,3860e7764ba9bbc9a05da6a2f904bac548027d7ffe4964d1a80e37443251ac4e,verbatim named function/class extraction; package imports only
src/trios_release/ab_simulation.py,04_RESULTS/TRIOS_NUMERICAL_VERIFICATION_NV0_NV7_v1.0_20260916_153245/00_AUTHORITY_AND_CONFIG/run_formal.py,e23092e5ede4a2aede1f70cc2ff8da44aa86ca71be5e104c5e13b93703650c47,c0eecb6d494bc371f2691fd25ea973d6278c7c444cfc92f9aec552f1eb88d3ec,verbatim named function/class extraction; package imports only
src/trios_release/evaluation.py,executions/CCLE_OPTION_C_MIN_INCREMENTAL_FULL_20260928_v1/execute_full.py,6a8f678b92e89747538accbe2cf0bbc6ffd6ed283e59a69416b4b147e7d08e73,7ac6c674664b8c477552fa1b04869003f28e78ff92a2355563b601812b4e09aa,verbatim named function/class extraction; package imports only
src/trios_release/ccle_classifier.py,executions/CCLE_OPTION_C_MIN_INCREMENTAL_FULL_20260928_v1/execute_full.py,6a8f678b92e89747538accbe2cf0bbc6ffd6ed283e59a69416b4b147e7d08e73,bab52a8e98bee7464c0091846064a78837606cb3df4476a60bcf9a49c3ddd1ac,verbatim named function/class extraction; package imports only
src/trios_release/classifiers_v11_frozen.py,04_RESULTS/UPLOAD_BUNDLES_FINAL/TRIOS_FINAL_UPLOAD_HB_PDO_v1.0/02_FINAL_SCRIPTS/final_method/classifiers_v11_frozen.py,7b7879148bc73b2ef2c31cde9cfb2d8f682916c0b922d646b63a0c7cbba20e56,5c1dc35916e024150ec30b9094167aa414fd9030eb162524131de7df5131b445,relative config import only; classifier definitions/constants unchanged; source locator uses a public naming alias; original source SHA retained
src/trios_release/raw_models.py,04_RESULTS/HB_PDO_LAYER1_MODEL_OPTIMIZATION_REPLICATE_LEVEL_v1.1/08_SOURCE/raw_models.py,db00682dadd11494e999cf31dbcd49c0db5af18e509d54ab6355670126209ed2,db00682dadd11494e999cf31dbcd49c0db5af18e509d54ab6355670126209ed2,"host-path redaction only; historical source, not a verified runnable full workflow"
data/hb/hb_pdo_drug_response.csv,04_RESULTS/HB_PDO_CORRECTED_DATASET_FULL_REANALYSIS_v1.0/00_DATA_AUDIT/canonical_replicate_level_data.csv,b98fd447e77de27caebfffd09edb3f9fc586820744aa52d8b9b0793dc693987e,fb3651945dfcafffcb41a18f322da5368a046b99e5d4def50cd073c013b7d668,column allowlist; original row order and value strings preserved
data/hb/source_to_eligible_membership.csv,04_RESULTS/TRIOS_HB_SOURCE_ELIGIBILITY_AND_CALIBRATION_AUDIT_v1.1/01_QA/HB_source_QA_clean_cohort_membership_v1.1.csv,787e3363baeef60a5cf58ece2fa4c5588d5a69e69fbab25a327fa8429cd69cf4,5b905b999b3460cb5b6a69d0416e15dfeeb3b40fda6c7bc094be4128ec633775,column allowlist; original row order and value strings preserved
data/hb/frozen_fit_parameters.csv,04_RESULTS/HB_PDO_CORRECTED_DATASET_FULL_REANALYSIS_v1.0/01_CURVE_FITS/model_fit_parameters.csv,8df1c738abc68b359c3169dc7046020da0ca4de591ffc07cefbc9eafa0346e7d,8df1c738abc68b359c3169dc7046020da0ca4de591ffc07cefbc9eafa0346e7d,byte-identical copy
data/hb/frozen_fit_status.csv,04_RESULTS/HB_PDO_CORRECTED_DATASET_FULL_REANALYSIS_v1.0/01_CURVE_FITS/model_fit_status.csv,f9831e628ed19c0d63c35d7741629c5cac249d0d986371e685e5b112985f1433,f9831e628ed19c0d63c35d7741629c5cac249d0d986371e685e5b112985f1433,byte-identical copy
data/ccle/locked_subset_membership.csv,04_RESULTS/PHASE_D_CCLE/D0_DATA_CHALLENGE_SET_LOCK_v1.0/D0_PRIMARY_7_SUBSET_MEMBERSHIP_REGISTRY.csv,4741c55475434802e71469059fd686310a11fa662251b783ba38fffefddfedb9,179922ddb5f78027cd70ecb773568d2de61851c5929c02d05b4a5bee6dd125d6,column allowlist; original row order and value strings preserved
results/ccle/EXPERIMENT_A_FULL_81_METHOD_RESULTS.csv,executions/CCLE_EXPERIMENT_A_FIXED_SCORE_ORIGINAL5_20260928_v1/EXPERIMENT_A_FULL_81_METHOD_RESULTS.csv,185cf2c65327fcc9cfbb76cb7ea3c692612cac24afc96d3d873fd205412ffdab,185cf2c65327fcc9cfbb76cb7ea3c692612cac24afc96d3d873fd205412ffdab,byte-identical copy
results/ccle/EXPERIMENT_A_B100_ALL_81_METHOD_RESULTS.csv,executions/CCLE_EXPERIMENT_A_FIXED_SCORE_ORIGINAL5_20260928_v1/EXPERIMENT_A_B100_ALL_81_METHOD_RESULTS.csv,dcb63fdb2acc0fa88ca3fcbe6c44718fb7cae5b59528f78a912230a804ec6e6b,dcb63fdb2acc0fa88ca3fcbe6c44718fb7cae5b59528f78a912230a804ec6e6b,byte-identical copy
results/hb/method_regimen_results.csv,amendments/PhaseB_RAW50_DirectLogSpace_81Method_FullReexecution_v1.0/03_BENCHMARK3/method_regimen_results.csv,d377dc478cf6d947edfb2237c3b8615f2613b4632e355d92e7df7d95bf4ed3f7,d377dc478cf6d947edfb2237c3b8615f2613b4632e355d92e7df7d95bf4ed3f7,byte-identical copy
results/hb/profile_scores.csv,amendments/PhaseB_RAW50_DirectLogSpace_81Method_FullReexecution_v1.0/03_BENCHMARK3/profile_scores.csv,4f232be0fd5ce9351ded1eb85d529f96110581b08a134e0a9067739e6fa6bd6c,4f232be0fd5ce9351ded1eb85d529f96110581b08a134e0a9067739e6fa6bd6c,byte-identical copy
results/hb/ranking.csv,FREEZE/TRIOS_Final_Method_RAW50_PhaseB_v1.0/TRIOS_PhaseB_Benchmark3_81_Method_Rank_FROZEN.csv,a0e5b48fcee7fe709be044e3d12a41dfb41f0751e67d11568a44ab70ceb573a0,a0e5b48fcee7fe709be044e3d12a41dfb41f0751e67d11568a44ab70ceb573a0,byte-identical copy
results/hb/profile_candidate_quantities.csv,amendments/PhaseB_RAW50_DirectLogSpace_81Method_FullReexecution_v1.0/01_BENCHMARK1/profile_candidate_quantities.csv,7568b0d0d82fa2fd69c4f14052ab387a27b4b3ae035dd3616ca579791e07bf3e,7568b0d0d82fa2fd69c4f14052ab387a27b4b3ae035dd3616ca579791e07bf3e,byte-identical copy
results/hb/RAW50_candidate_registry.csv,amendments/PhaseB_RAW50_DirectLogSpace_81Method_FullReexecution_v1.0/01_BENCHMARK1/RAW50_candidate_registry.csv,5b9a8053582dd57d6ff5b503813d22e60ea219b8f1979f44c5e4a96f162e25d4,5b9a8053582dd57d6ff5b503813d22e60ea219b8f1979f44c5e4a96f162e25d4,byte-identical copy
results/simulation/E3_81METHOD_METHOD_REGISTRY.csv,04_RESULTS/TRIOS_PHASEC_E3_Q50_81METHOD_AUC_COMPLETION_v1.0_20260918/E3_81METHOD_METHOD_REGISTRY.csv,b90751ba0aed8fbec88addc0d8e8bfdf672b8f8d9156549ef3279daede1ec3d6,b90751ba0aed8fbec88addc0d8e8bfdf672b8f8d9156549ef3279daede1ec3d6,byte-identical copy
results/simulation/E3_81METHOD_TRUTH_METRIC_SUMMARY.csv,04_RESULTS/TRIOS_PHASEC_E3_Q50_81METHOD_AUC_COMPLETION_v1.0_20260918/E3_81METHOD_TRUTH_METRIC_SUMMARY.csv,7126439923d049cea5c0ff90d16a8e59a11ae889bb6d4e380e81e80b56d755a5,7126439923d049cea5c0ff90d16a8e59a11ae889bb6d4e380e81e80b56d755a5,byte-identical copy
results/simulation/E3_81METHOD_OPERATIONAL_SUMMARY.csv,04_RESULTS/TRIOS_PHASEC_E3_Q50_81METHOD_AUC_COMPLETION_v1.0_20260918/E3_81METHOD_OPERATIONAL_SUMMARY.csv,d7b3914fb2d65d82203da97ba191eaf19b65cb7e477ea9d9e1735a1f6096b190,d7b3914fb2d65d82203da97ba191eaf19b65cb7e477ea9d9e1735a1f6096b190,byte-identical copy
results/simulation/E3_81METHOD_RANKINGS.csv,04_RESULTS/TRIOS_PHASEC_E3_Q50_81METHOD_AUC_COMPLETION_v1.0_20260918/E3_81METHOD_RANKINGS.csv,ff902a4ba3834fd76ed7038f8df13eebab107e676d2e4b01d558ecf4ffca2c72,ff902a4ba3834fd76ed7038f8df13eebab107e676d2e4b01d558ecf4ffca2c72,byte-identical copy
results/prospective/EXACT_AND_ROUNDED_J5_DOSE_IDENTITIES.csv,04_RESULTS/TRIOS_E4_EXTENSION_MANUSCRIPT_SOURCE_FREEZE_v1.1_20261001/01_AUTHORITATIVE_TABLES/EXACT_AND_ROUNDED_J5_DOSE_IDENTITIES.csv,9118bdfef9c9a1c80fe14d41e1a83016df67965a84ac29851f31e97bbad41a2b,9118bdfef9c9a1c80fe14d41e1a83016df67965a84ac29851f31e97bbad41a2b,byte-identical copy
results/prospective/EXACT_ASSAY_DOSE_REGISTRY.csv,04_RESULTS/TRIOS_E4_EXTENSION_MANUSCRIPT_SOURCE_FREEZE_v1.1_20261001/01_AUTHORITATIVE_TABLES/EXACT_ASSAY_DOSE_REGISTRY.csv,34627dd6895b448b210aeda174cd69a690ba56f21b93a0ec0b3396ee1cf6918f,34627dd6895b448b210aeda174cd69a690ba56f21b93a0ec0b3396ee1cf6918f,byte-identical copy
results/prospective/H_VS_H250_PAIRED_CONTRASTS.csv,04_RESULTS/TRIOS_E4_EXTENSION_MANUSCRIPT_SOURCE_FREEZE_v1.1_20261001/01_AUTHORITATIVE_TABLES/H_VS_H250_PAIRED_CONTRASTS.csv,0ac36eac58de5a4a9b6cbfb90d6dfc230a567357dc74a7013e03ee5bd213d7ef,0ac36eac58de5a4a9b6cbfb90d6dfc230a567357dc74a7013e03ee5bd213d7ef,byte-identical copy
results/prospective/J_N_AND_GENERATOR_HETEROGENEITY.csv,04_RESULTS/TRIOS_E4_EXTENSION_MANUSCRIPT_SOURCE_FREEZE_v1.1_20261001/01_AUTHORITATIVE_TABLES/J_N_AND_GENERATOR_HETEROGENEITY.csv,470d7c0d3d7b11e3ef62ab6bdd2bd1e3fa20b665931ffc841c5088a855ba3196,470d7c0d3d7b11e3ef62ab6bdd2bd1e3fa20b665931ffc841c5088a855ba3196,byte-identical copy
results/prospective/J_SEPARATION_HETEROGENEITY.csv,04_RESULTS/TRIOS_E4_EXTENSION_MANUSCRIPT_SOURCE_FREEZE_v1.1_20261001/01_AUTHORITATIVE_TABLES/J_SEPARATION_HETEROGENEITY.csv,26af59a672adf2d4ef2655e407f8d08680daeb8e9262d4094d607f7d09f80239,26af59a672adf2d4ef2655e407f8d08680daeb8e9262d4094d607f7d09f80239,byte-identical copy
results/prospective/J_VS_J7_PAIRED_CONTRASTS.csv,04_RESULTS/TRIOS_E4_EXTENSION_MANUSCRIPT_SOURCE_FREEZE_v1.1_20261001/01_AUTHORITATIVE_TABLES/J_VS_J7_PAIRED_CONTRASTS.csv,7f7c39e799e0b95b5be7bc36e1ec511f642d759a4217e63017ba93cea18dbadd,7f7c39e799e0b95b5be7bc36e1ec511f642d759a4217e63017ba93cea18dbadd,byte-identical copy
results/prospective/ROUNDED_J5_SEPARATE_SENSITIVITY.csv,04_RESULTS/TRIOS_E4_EXTENSION_MANUSCRIPT_SOURCE_FREEZE_v1.1_20261001/01_AUTHORITATIVE_TABLES/ROUNDED_J5_SEPARATE_SENSITIVITY.csv,2743b31d9e51b080727f9f92bde610a0ca15663ae49fdcc4479b97e0379d3009,2743b31d9e51b080727f9f92bde610a0ca15663ae49fdcc4479b97e0379d3009,byte-identical copy
results/prospective/STAGE1_SAME_DESIGN_H100_H250.csv,04_RESULTS/TRIOS_E4_EXTENSION_MANUSCRIPT_SOURCE_FREEZE_v1.1_20261001/01_AUTHORITATIVE_TABLES/STAGE1_SAME_DESIGN_H100_H250.csv,b7285cf8ba1da977aed61d4bb6d611e80a66bc502a818966bf68b2cf2530be8f,b7285cf8ba1da977aed61d4bb6d611e80a66bc502a818966bf68b2cf2530be8f,byte-identical copy
results/prospective/STAGE2_H150_J3_J7_MASTER.csv,04_RESULTS/TRIOS_E4_EXTENSION_MANUSCRIPT_SOURCE_FREEZE_v1.1_20261001/01_AUTHORITATIVE_TABLES/STAGE2_H150_J3_J7_MASTER.csv,604c6d231bf0f21eba7b23ac1dfcf52d7a39ae08882925603360db76ca2c2cc4,604c6d231bf0f21eba7b23ac1dfcf52d7a39ae08882925603360db76ca2c2cc4,byte-identical copy
results/prospective/MANUSCRIPT_NUMBERS.csv,04_RESULTS/TRIOS_E4_EXTENSION_MANUSCRIPT_SOURCE_FREEZE_v1.1_20261001/MANUSCRIPT_NUMBERS.csv,798d6432c05d24bbf7685b886c68daaa4aaab06ae78a303473d642e8a80d42b2,798d6432c05d24bbf7685b886c68daaa4aaab06ae78a303473d642e8a80d42b2,byte-identical copy
results/simulation/E5_EXACT_LOG_STRESS_SEPARATION.csv,deliveries/SECTION4_READONLY_POSTPROCESSING_20260929_v1/tables/E5_EXACT_LOG_STRESS_SEPARATION.csv,a678bc0f01953f95f9c4114c337648c8cc09f4dc9ef2a2a8248866b2f1d7eeb8,a678bc0f01953f95f9c4114c337648c8cc09f4dc9ef2a2a8248866b2f1d7eeb8,byte-identical copy
results/simulation/E5_FAILURE_COUNTS.csv,deliveries/SECTION4_READONLY_POSTPROCESSING_20260929_v1/tables/E5_FAILURE_COUNTS.csv,4919d6d139940b00d98ac53e950823ddb068bbea60b405a2d33034b3c7c10b71,4919d6d139940b00d98ac53e950823ddb068bbea60b405a2d33034b3c7c10b71,byte-identical copy
archived_sources/amendments/PhaseB_RAW50_DirectLogSpace_81Method_FullReexecution_v1.0/run_raw50.py,amendments/PhaseB_RAW50_DirectLogSpace_81Method_FullReexecution_v1.0/run_raw50.py,158c742142c43a0faacf9867e37ccd2dc371a2649c617c44e89ce7a50df8e3bb,67503ce70786099aa8cc5f8135705cb9714323492262eae563361a25a5c6fe73,"host-path redaction only; historical source, not a verified runnable full workflow; public path/spec-name literals adapted; scientific logic unchanged; original source SHA retained"
archived_sources/04_RESULTS/UPLOAD_BUNDLES_FINAL/TRIOS_FINAL_UPLOAD_HB_PDO_v1.0/02_FINAL_SCRIPTS/final_method/constrained_pspline_solver.py,04_RESULTS/UPLOAD_BUNDLES_FINAL/TRIOS_FINAL_UPLOAD_HB_PDO_v1.0/02_FINAL_SCRIPTS/final_method/constrained_pspline_solver.py,c5657eecfa5e64ad254f8f5d300dd7004f6dc44ef3da8784d0af137e862a6fcf,c5657eecfa5e64ad254f8f5d300dd7004f6dc44ef3da8784d0af137e862a6fcf,"host-path redaction only; historical source, not a verified runnable full workflow; source locator uses a public naming alias; original source SHA retained; public file path renamed; original bytes retained"
archived_sources/work/trios_ab_production.py,work/trios_ab_production.py,585a4c5599f7751398f4a78edfd7f5215f91f00095c3dbf8ae8f6a35cb0bfcd8,585a4c5599f7751398f4a78edfd7f5215f91f00095c3dbf8ae8f6a35cb0bfcd8,"host-path redaction only; historical source, not a verified runnable full workflow"
archived_sources/work/trios_crs_logspace_amendment_v10/run_phase_c_e1e2.py,work/trios_crs_logspace_amendment_v10/run_phase_c_e1e2.py,9705f97a6ddd1318f6b14233e46952713c90734a1748a220d8e38adaf273d3eb,44d084da538f687311f2cb6bd102219ce62deb54a3c16b078167be28302da69a,"host-path redaction only; historical source, not a verified runnable full workflow"
archived_sources/work/trios_crs_logspace_amendment_v10/run_phase_c_e5.py,work/trios_crs_logspace_amendment_v10/run_phase_c_e5.py,163b453748395c613756c942adb238d7ac891bce9cc6335522953e15a05cbacb,29558ad3513f69b78d04e514b91ef2315bf5060703330f607c2eb73d427cf040,"host-path redaction only; historical source, not a verified runnable full workflow"
archived_sources/04_RESULTS/PHASE_C_SIMULATION/EXPERIMENT_5/run_e5_formal_structural_stress_v1.py,04_RESULTS/PHASE_C_SIMULATION/EXPERIMENT_5/run_e5_formal_structural_stress_v1.py,70a5c242f47fce43c415ffafb15b6e088c390265f34d75f7ec4734bf9dcd465e,839ec57eb95bfd262e007a10b7ec5bd241e08c452d54de423009ca02fcd13748,"host-path redaction only; historical source, not a verified runnable full workflow"
archived_sources/executions/CCLE_EXPERIMENT_A_FIXED_SCORE_ORIGINAL5_20260928_v1/durable_runtime.py,executions/CCLE_EXPERIMENT_A_FIXED_SCORE_ORIGINAL5_20260928_v1/durable_runtime.py,8a1e56ffd21c6123ac6803871a1ff9c2a976542e9c5cea27c1ff4f92e52d3fef,8a1e56ffd21c6123ac6803871a1ff9c2a976542e9c5cea27c1ff4f92e52d3fef,"host-path redaction only; historical source, not a verified runnable full workflow"
archived_sources/executions/CCLE_EXPERIMENT_A_FIXED_SCORE_ORIGINAL5_20260928_v1/engine.py,executions/CCLE_EXPERIMENT_A_FIXED_SCORE_ORIGINAL5_20260928_v1/engine.py,35f7b8e2e1d224dddcf7f050dce0825d787143f9f61fded75b09f0be5ddf9d3c,35f7b8e2e1d224dddcf7f050dce0825d787143f9f61fded75b09f0be5ddf9d3c,"host-path redaction only; historical source, not a verified runnable full workflow"
archived_sources/executions/CCLE_EXPERIMENT_A_FIXED_SCORE_ORIGINAL5_20260928_v1/finalize.py,executions/CCLE_EXPERIMENT_A_FIXED_SCORE_ORIGINAL5_20260928_v1/finalize.py,fa0488fe11660ae8d1a6472bd1237cfb226f912012f8e8f8ab46a94f5ff92abc,fa0488fe11660ae8d1a6472bd1237cfb226f912012f8e8f8ab46a94f5ff92abc,"host-path redaction only; historical source, not a verified runnable full workflow"
archived_sources/executions/CCLE_EXPERIMENT_A_FIXED_SCORE_ORIGINAL5_20260928_v1/initialize.py,executions/CCLE_EXPERIMENT_A_FIXED_SCORE_ORIGINAL5_20260928_v1/initialize.py,1470ab6502fbddec6fd5399a09fb32830d55fbf50a44cefb1bde470e4e3e5208,1470ab6502fbddec6fd5399a09fb32830d55fbf50a44cefb1bde470e4e3e5208,"host-path redaction only; historical source, not a verified runnable full workflow"
archived_sources/executions/CCLE_EXPERIMENT_A_FIXED_SCORE_ORIGINAL5_20260928_v1/qa.py,executions/CCLE_EXPERIMENT_A_FIXED_SCORE_ORIGINAL5_20260928_v1/qa.py,ff8c843e0e3841404d768927f20c7550946894502f2ad1e309e6355b79ef8380,ff8c843e0e3841404d768927f20c7550946894502f2ad1e309e6355b79ef8380,"host-path redaction only; historical source, not a verified runnable full workflow"
archived_sources/executions/CCLE_EXPERIMENT_A_FIXED_SCORE_ORIGINAL5_20260928_v1/raw_source_qa.py,executions/CCLE_EXPERIMENT_A_FIXED_SCORE_ORIGINAL5_20260928_v1/raw_source_qa.py,a8fa94e5b029ded98161710d49f9cef788d4c7f6a98b2e252256c57ac158880b,7bb9cd9f8408fdbe35d3aba44c6cc6e89c59160ab88503da0b2ce3e3bd2520d0,"host-path redaction only; historical source, not a verified runnable full workflow"
archived_sources/executions/CCLE_EXPERIMENT_A_FIXED_SCORE_ORIGINAL5_20260928_v1/run_experiment.py,executions/CCLE_EXPERIMENT_A_FIXED_SCORE_ORIGINAL5_20260928_v1/run_experiment.py,d3af2f222acb556ea56172f3b856ae8e585589cb1ebe17f1b6c62d3be7a4a249,d3af2f222acb556ea56172f3b856ae8e585589cb1ebe17f1b6c62d3be7a4a249,"host-path redaction only; historical source, not a verified runnable full workflow"
archived_sources/04_RESULTS/TRIOS_PHASEC_E3_Q50_81METHOD_AUC_COMPLETION_v1.0_20260918/source_and_config/classifiers_v11_frozen.py,04_RESULTS/TRIOS_PHASEC_E3_Q50_81METHOD_AUC_COMPLETION_v1.0_20260918/source_and_config/classifiers_v11_frozen.py,7b7879148bc73b2ef2c31cde9cfb2d8f682916c0b922d646b63a0c7cbba20e56,7b7879148bc73b2ef2c31cde9cfb2d8f682916c0b922d646b63a0c7cbba20e56,"host-path redaction only; historical source, not a verified runnable full workflow"
archived_sources/04_RESULTS/TRIOS_PHASEC_E3_Q50_81METHOD_AUC_COMPLETION_v1.0_20260918/source_and_config/config_frozen.py,04_RESULTS/TRIOS_PHASEC_E3_Q50_81METHOD_AUC_COMPLETION_v1.0_20260918/source_and_config/config_frozen.py,f1c2bea0ac6b1a6c25f0b33509b1fad8479bf86c7e37b15ea1dfa645d2c04c76,1b55fadb3174be723f9b470cd339ec462f2f3a88eb3bcc4a204c438ed7d07ec0,"host-path redaction only; historical source, not a verified runnable full workflow"
archived_sources/04_RESULTS/TRIOS_PHASEC_E3_Q50_81METHOD_AUC_COMPLETION_v1.0_20260918/source_and_config/e3_q50_81_auc_completion.py,04_RESULTS/TRIOS_PHASEC_E3_Q50_81METHOD_AUC_COMPLETION_v1.0_20260918/source_and_config/e3_q50_81_auc_completion.py,fd11b06e7de2c8e439cdb746d8379a75c2cd441c5b7f9d5b2e3fc36451f6dd00,fd11b06e7de2c8e439cdb746d8379a75c2cd441c5b7f9d5b2e3fc36451f6dd00,"host-path redaction only; historical source, not a verified runnable full workflow"
archived_sources/04_RESULTS/TRIOS_PHASEC_E3_Q50_81METHOD_AUC_COMPLETION_v1.0_20260918/source_and_config/e3_q50_81_finalize.py,04_RESULTS/TRIOS_PHASEC_E3_Q50_81METHOD_AUC_COMPLETION_v1.0_20260918/source_and_config/e3_q50_81_finalize.py,efbc2894c80d6e983164b7c30446f4ac39e8ec8c0337e8204633b350d63dc227,efbc2894c80d6e983164b7c30446f4ac39e8ec8c0337e8204633b350d63dc227,"host-path redaction only; historical source, not a verified runnable full workflow"
archived_sources/04_RESULTS/TRIOS_PHASEC_E3_Q50_81METHOD_AUC_COMPLETION_v1.0_20260918/source_and_config/prepare.py,04_RESULTS/TRIOS_PHASEC_E3_Q50_81METHOD_AUC_COMPLETION_v1.0_20260918/source_and_config/prepare.py,6e4ad70c666d73e567ee5193bf5dc6879f8f8933223ab43d20d2b22c1fa5f48d,6e4ad70c666d73e567ee5193bf5dc6879f8f8933223ab43d20d2b22c1fa5f48d,"host-path redaction only; historical source, not a verified runnable full workflow"
archived_sources/04_RESULTS/TRIOS_PHASEC_E3_Q50_81METHOD_AUC_COMPLETION_v1.0_20260918/source_and_config/raw_models.py,04_RESULTS/TRIOS_PHASEC_E3_Q50_81METHOD_AUC_COMPLETION_v1.0_20260918/source_and_config/raw_models.py,db00682dadd11494e999cf31dbcd49c0db5af18e509d54ab6355670126209ed2,db00682dadd11494e999cf31dbcd49c0db5af18e509d54ab6355670126209ed2,"host-path redaction only; historical source, not a verified runnable full workflow"
archived_sources/04_RESULTS/TRIOS_PHASEC_E3_Q50_81METHOD_AUC_COMPLETION_v1.0_20260918/source_and_config/run_stage1.py,04_RESULTS/TRIOS_PHASEC_E3_Q50_81METHOD_AUC_COMPLETION_v1.0_20260918/source_and_config/run_stage1.py,52253fea332bd106abc04b05b414e38d21c782fef6031e2b378a7605d9b7508b,52253fea332bd106abc04b05b414e38d21c782fef6031e2b378a7605d9b7508b,"host-path redaction only; historical source, not a verified runnable full workflow"
archived_sources/04_RESULTS/TRIOS_PHASEC_E3_Q50_81METHOD_AUC_COMPLETION_v1.0_20260918/source_and_config/run_tasks.py,04_RESULTS/TRIOS_PHASEC_E3_Q50_81METHOD_AUC_COMPLETION_v1.0_20260918/source_and_config/run_tasks.py,33865a235ad7f0a1c432a4653397f64b06c3d6a3f5ece9972d8b68f16363e41d,77e1f1b98d58f2c0bc3687b188cf6b87c711c8b1f384872cb3a7a5b27206f83b,"host-path redaction only; historical source, not a verified runnable full workflow; public path/spec-name literals adapted; scientific logic unchanged; original source SHA retained"
archived_sources/04_RESULTS/E4_H150_JBUDGET_AND_H250_EXACTLOG_EXTENSION_v1_20260929_run01/code/adapter.py,04_RESULTS/E4_H150_JBUDGET_AND_H250_EXACTLOG_EXTENSION_v1_20260929_run01/code/adapter.py,d3680249a9909167e0d5c335dd11211bcda6eb174d8cfee4fce0b26514a394b6,8b5bcf5baaf0e5ebb30c9183c53d43c7af81fe6b69b847b167f06648e51ec95d,"host-path redaction only; historical source, not a verified runnable full workflow"
archived_sources/04_RESULTS/E4_H150_JBUDGET_AND_H250_EXACTLOG_EXTENSION_v1_20260929_run01/code/finalize.py,04_RESULTS/E4_H150_JBUDGET_AND_H250_EXACTLOG_EXTENSION_v1_20260929_run01/code/finalize.py,b9a38f609578b01026d84e148d1ca742b6b1eac1cd56e00bffc129212acf833f,b9a38f609578b01026d84e148d1ca742b6b1eac1cd56e00bffc129212acf833f,"host-path redaction only; historical source, not a verified runnable full workflow"
archived_sources/04_RESULTS/E4_H150_JBUDGET_AND_H250_EXACTLOG_EXTENSION_v1_20260929_run01/code/integration_qa.py,04_RESULTS/E4_H150_JBUDGET_AND_H250_EXACTLOG_EXTENSION_v1_20260929_run01/code/integration_qa.py,c8f86fa4ee997b4ab2e8a2c60542ecdc0f22123fb7a13331725a0baab1fa9ccc,c8f86fa4ee997b4ab2e8a2c60542ecdc0f22123fb7a13331725a0baab1fa9ccc,"host-path redaction only; historical source, not a verified runnable full workflow"
archived_sources/04_RESULTS/E4_H150_JBUDGET_AND_H250_EXACTLOG_EXTENSION_v1_20260929_run01/code/prepare.py,04_RESULTS/E4_H150_JBUDGET_AND_H250_EXACTLOG_EXTENSION_v1_20260929_run01/code/prepare.py,7b971703e313c0442ee0538766b3d2fac6a01831dd8d62b4833edce648330b70,bc2614c105652b3a636c6688c602d047c39b5cae13ace0e7a91f99d4d83c39b6,"host-path redaction only; historical source, not a verified runnable full workflow; public path/spec-name literals adapted; scientific logic unchanged; original source SHA retained"
archived_sources/04_RESULTS/E4_H150_JBUDGET_AND_H250_EXACTLOG_EXTENSION_v1_20260929_run01/code/report_and_package.py,04_RESULTS/E4_H150_JBUDGET_AND_H250_EXACTLOG_EXTENSION_v1_20260929_run01/code/report_and_package.py,385f11467725ee0dd2332b3b6ffd6a901dfd622939299b86d7bcc40e8a5399e4,385f11467725ee0dd2332b3b6ffd6a901dfd622939299b86d7bcc40e8a5399e4,"host-path redaction only; historical source, not a verified runnable full workflow"
archived_sources/04_RESULTS/E4_H150_JBUDGET_AND_H250_EXACTLOG_EXTENSION_v1_20260929_run01/code/resume_lane_b.py,04_RESULTS/E4_H150_JBUDGET_AND_H250_EXACTLOG_EXTENSION_v1_20260929_run01/code/resume_lane_b.py,28caa7c9069f8e4da554c5985dd2f5c084a457bcab1b99144f2e85cf7ff304d8,28caa7c9069f8e4da554c5985dd2f5c084a457bcab1b99144f2e85cf7ff304d8,"host-path redaction only; historical source, not a verified runnable full workflow"
archived_sources/04_RESULTS/E4_H150_JBUDGET_AND_H250_EXACTLOG_EXTENSION_v1_20260929_run01/code/run.py,04_RESULTS/E4_H150_JBUDGET_AND_H250_EXACTLOG_EXTENSION_v1_20260929_run01/code/run.py,f6ee8c75151ee7d1cf4a5c743cb9a9071f4f6605149928b0110a4f3300ee979e,f6ee8c75151ee7d1cf4a5c743cb9a9071f4f6605149928b0110a4f3300ee979e,"host-path redaction only; historical source, not a verified runnable full workflow"
archived_sources/04_RESULTS/PHASE_D_CCLE/D5_PRESPECIFIED_MOLECULAR_BIOLOGICAL_COHERENCE_v1.0/src/d5a.py,04_RESULTS/PHASE_D_CCLE/D5_PRESPECIFIED_MOLECULAR_BIOLOGICAL_COHERENCE_v1.0/src/d5a.py,88d75f3babdd372dd1964e75633f108c2a6c9d8afd738c164799c7b414442a5f,1f7190b9ef163313c9b585a16b5c5d60636d7f47c82013544cf03e28f8cd94fa,"host-path redaction only; historical source, not a verified runnable full workflow"
archived_sources/04_RESULTS/PHASE_D_CCLE/D5_PRESPECIFIED_MOLECULAR_BIOLOGICAL_COHERENCE_v1.0/src/d5b.py,04_RESULTS/PHASE_D_CCLE/D5_PRESPECIFIED_MOLECULAR_BIOLOGICAL_COHERENCE_v1.0/src/d5b.py,7e8d4b92ab85c51da46c3b2da935a1cfc1fb829a84837477139e985aea346509,7e8d4b92ab85c51da46c3b2da935a1cfc1fb829a84837477139e985aea346509,"host-path redaction only; historical source, not a verified runnable full workflow"
archived_sources/04_RESULTS/PHASE_D_CCLE/D5_PRESPECIFIED_MOLECULAR_BIOLOGICAL_COHERENCE_v1.0/src/d5package.py,04_RESULTS/PHASE_D_CCLE/D5_PRESPECIFIED_MOLECULAR_BIOLOGICAL_COHERENCE_v1.0/src/d5package.py,73b464fbde10209c0ea74b90171931cc23dc14868337230d55ca5ef6deef139d,73b464fbde10209c0ea74b90171931cc23dc14868337230d55ca5ef6deef139d,"host-path redaction only; historical source, not a verified runnable full workflow"
archived_sources/04_RESULTS/PHASE_D_CCLE/D5_PRESPECIFIED_MOLECULAR_BIOLOGICAL_COHERENCE_v1.0/src/d5plots.py,04_RESULTS/PHASE_D_CCLE/D5_PRESPECIFIED_MOLECULAR_BIOLOGICAL_COHERENCE_v1.0/src/d5plots.py,0dc1a569b9de7ef2210299fbaed9b22ad3eaba6de853d207b360fd7209be80bb,0dc1a569b9de7ef2210299fbaed9b22ad3eaba6de853d207b360fd7209be80bb,"host-path redaction only; historical source, not a verified runnable full workflow"
archived_sources/04_RESULTS/PHASE_D_CCLE/D5_PRESPECIFIED_MOLECULAR_BIOLOGICAL_COHERENCE_v1.0/src/d5qa.py,04_RESULTS/PHASE_D_CCLE/D5_PRESPECIFIED_MOLECULAR_BIOLOGICAL_COHERENCE_v1.0/src/d5qa.py,2eb49ed86fa97f21326c030013eb1595ef57aa6b26eacc6a2c291a274a305d06,2eb49ed86fa97f21326c030013eb1595ef57aa6b26eacc6a2c291a274a305d06,"host-path redaction only; historical source, not a verified runnable full workflow"
archived_sources/hash_bound/7eb37341623b10b4_run_phaseb_v12.py,04_RESULTS/TRIOS_NUMERICAL_VERIFICATION_NV0_NV7_v1.0_20260916_153245/00_AUTHORITY_AND_CONFIG/run_phaseb_v12.py,7eb37341623b10b4c3e0d967462d4631f11ba6258529633e0e10856afd8dd31c,d8fbcbe51523f2c4b051957ca75978bd14d8f29edb10f5b5363a9411e99dcc69,"host-path redaction only; historical source, not a verified runnable full workflow; public path/spec-name literals adapted; scientific logic unchanged; original source SHA retained"
archived_sources/hash_bound/a5227318a02c75fc_preflight.py,04_RESULTS/TRIOS_NUMERICAL_VERIFICATION_NV0_NV7_v1.0_20260916_153245/00_AUTHORITY_AND_CONFIG/preflight.py,a5227318a02c75fcce1c2cb630bfd96f43e5a0a78c176a3c6cc7a893a722fed3,b275b8fc0425ce10f12f68c98aecf35de00b06623436bf3e4a40495156a15d52,"host-path redaction only; historical source, not a verified runnable full workflow"
archived_sources/hash_bound/e23092e5ede4a2ae_run_formal.py,04_RESULTS/TRIOS_NUMERICAL_VERIFICATION_NV0_NV7_v1.0_20260916_153245/00_AUTHORITY_AND_CONFIG/run_formal.py,e23092e5ede4a2aede1f70cc2ff8da44aa86ca71be5e104c5e13b93703650c47,a9953ab868d92a802207589475017d63f9be925bb03f9505bb115e982fe61de4,"host-path redaction only; historical source, not a verified runnable full workflow"
archived_sources/hash_bound/2f65af5d4a9cc783_2f65af5d4a9cc783_run_phaseb_v12.py,FREEZE/CCLE_EXPERIMENT_A_RESULTS_LOCK_20260928_v1/SOURCE_CODE_SNAPSHOT/2f65af5d4a9cc783_run_phaseb_v12.py,2f65af5d4a9cc783394c4e274263c2d2c2b0cd18658c2bdb68aa5655c529b577,098847445bd0a81d1238ac45bfd02e998e99fe8b2269a115c6bc37cccf454620,"host-path redaction only; historical source, not a verified runnable full workflow; public path/spec-name literals adapted; scientific logic unchanged; original source SHA retained"
archived_sources/hash_bound/585a4c5599f77513_585a4c5599f77513_trios_ab_production.py,FREEZE/CCLE_EXPERIMENT_A_RESULTS_LOCK_20260928_v1/SOURCE_CODE_SNAPSHOT/585a4c5599f77513_trios_ab_production.py,585a4c5599f7751398f4a78edfd7f5215f91f00095c3dbf8ae8f6a35cb0bfcd8,585a4c5599f7751398f4a78edfd7f5215f91f00095c3dbf8ae8f6a35cb0bfcd8,"host-path redaction only; historical source, not a verified runnable full workflow"
archived_sources/simulation_generation/run_formal.py,04_RESULTS/PHASE_C_SIMULATION/EXPERIMENT_1/TRIOS_PHASEC_SIM_E1_v1.0/13_SOURCE_CONFIG/run_formal.py,e23092e5ede4a2aede1f70cc2ff8da44aa86ca71be5e104c5e13b93703650c47,a9953ab868d92a802207589475017d63f9be925bb03f9505bb115e982fe61de4,"host-path redaction only; historical source, not a verified runnable full workflow"
archived_sources/simulation_generation/run_calibration.py,04_RESULTS/PHASE_C_SIMULATION/EXPERIMENT_1/TRIOS_PHASEC_SIM_E1_v1.0/13_SOURCE_CONFIG/run_calibration.py,22435a2aace28afa847e2f8b298197e5fb7f7bbac1e9cc3c508a1fd9deb4667d,0d8b4f12c5f5e62cf295022a17b50c0c675746570a2ff430abe65147071e677c,"host-path redaction only; historical source, not a verified runnable full workflow"
archived_sources/simulation_generation/freeze_generated_bank.py,04_RESULTS/PHASE_C_SIMULATION/EXPERIMENT_1/TRIOS_PHASEC_SIM_E1_v1.0/13_SOURCE_CONFIG/freeze_generated_bank.py,1f2ac1f96255ce84f99f9610901163158cb5c8f7f25bf044d0c7701bda679046,70f7847913ca21ad7c9ade76d47e10e56e42642ef52a98da19f506b3202b44ae,"host-path redaction only; historical source, not a verified runnable full workflow"
archived_sources/simulation_generation/constrained_pspline_solver.py,04_RESULTS/PHASE_C_SIMULATION/EXPERIMENT_1/TRIOS_PHASEC_SIM_E1_v1.0/13_SOURCE_CONFIG/constrained_pspline_solver.py,c5657eecfa5e64ad254f8f5d300dd7004f6dc44ef3da8784d0af137e862a6fcf,c5657eecfa5e64ad254f8f5d300dd7004f6dc44ef3da8784d0af137e862a6fcf,"host-path redaction only; historical source, not a verified runnable full workflow"
configs/generator_lock_v1.0.json,04_RESULTS/PHASE_C_SIMULATION/EXPERIMENT_1/TRIOS_PHASEC_SIM_E1_v1.0/01_CALIBRATION/generator_lock_v1.0.json,2c76ccaca01082fc7c72d7f7b0820c567298541715d9d2085f46e87037951974,b25ae8b926003a4b7aae0783820a12f4e97d0fdd882b6dedc20ccf8f66db8588,"host-path redaction only; historical source, not a verified runnable full workflow"
configs/E5_STRESS_CALIBRATION_LOCK_v1.1.json,04_RESULTS/PHASE_C_SIMULATION/EXPERIMENT_5/CALIBRATION_v1.1/04_STRESS_LOCK/E5_STRESS_CALIBRATION_LOCK_v1.1.json,001df989090299f8172a82e879f83e0eec1a371008dcdfbbca164121af8b646e,ce2a7c89b4c33fe5d3a456a00df59b756d9e8e29e1d29faa69cf272a9cd458e1,"host-path redaction only; historical source, not a verified runnable full workflow"
archived_sources/current_simulation_81/classifiers_v11_frozen.py,04_RESULTS/TRIOS_PHASEC_E3_Q50_81METHOD_AUC_COMPLETION_v1.0_20260918/source_and_config/classifiers_v11_frozen.py,7b7879148bc73b2ef2c31cde9cfb2d8f682916c0b922d646b63a0c7cbba20e56,7b7879148bc73b2ef2c31cde9cfb2d8f682916c0b922d646b63a0c7cbba20e56,"host-path redaction only; historical source, not a verified runnable full workflow"
archived_sources/current_simulation_81/config_frozen.py,04_RESULTS/TRIOS_PHASEC_E3_Q50_81METHOD_AUC_COMPLETION_v1.0_20260918/source_and_config/config_frozen.py,f1c2bea0ac6b1a6c25f0b33509b1fad8479bf86c7e37b15ea1dfa645d2c04c76,1b55fadb3174be723f9b470cd339ec462f2f3a88eb3bcc4a204c438ed7d07ec0,"host-path redaction only; historical source, not a verified runnable full workflow"
archived_sources/current_simulation_81/e3_q50_81_auc_completion.py,04_RESULTS/TRIOS_PHASEC_E3_Q50_81METHOD_AUC_COMPLETION_v1.0_20260918/source_and_config/e3_q50_81_auc_completion.py,fd11b06e7de2c8e439cdb746d8379a75c2cd441c5b7f9d5b2e3fc36451f6dd00,fd11b06e7de2c8e439cdb746d8379a75c2cd441c5b7f9d5b2e3fc36451f6dd00,"host-path redaction only; historical source, not a verified runnable full workflow"
archived_sources/current_simulation_81/e3_q50_81_finalize.py,04_RESULTS/TRIOS_PHASEC_E3_Q50_81METHOD_AUC_COMPLETION_v1.0_20260918/source_and_config/e3_q50_81_finalize.py,efbc2894c80d6e983164b7c30446f4ac39e8ec8c0337e8204633b350d63dc227,efbc2894c80d6e983164b7c30446f4ac39e8ec8c0337e8204633b350d63dc227,"host-path redaction only; historical source, not a verified runnable full workflow"
archived_sources/current_simulation_81/prepare.py,04_RESULTS/TRIOS_PHASEC_E3_Q50_81METHOD_AUC_COMPLETION_v1.0_20260918/source_and_config/prepare.py,6e4ad70c666d73e567ee5193bf5dc6879f8f8933223ab43d20d2b22c1fa5f48d,6e4ad70c666d73e567ee5193bf5dc6879f8f8933223ab43d20d2b22c1fa5f48d,"host-path redaction only; historical source, not a verified runnable full workflow"
archived_sources/current_simulation_81/raw_models.py,04_RESULTS/TRIOS_PHASEC_E3_Q50_81METHOD_AUC_COMPLETION_v1.0_20260918/source_and_config/raw_models.py,db00682dadd11494e999cf31dbcd49c0db5af18e509d54ab6355670126209ed2,db00682dadd11494e999cf31dbcd49c0db5af18e509d54ab6355670126209ed2,"host-path redaction only; historical source, not a verified runnable full workflow"
archived_sources/current_simulation_81/run_stage1.py,04_RESULTS/TRIOS_PHASEC_E3_Q50_81METHOD_AUC_COMPLETION_v1.0_20260918/source_and_config/run_stage1.py,52253fea332bd106abc04b05b414e38d21c782fef6031e2b378a7605d9b7508b,52253fea332bd106abc04b05b414e38d21c782fef6031e2b378a7605d9b7508b,"host-path redaction only; historical source, not a verified runnable full workflow"
archived_sources/current_simulation_81/run_tasks.py,04_RESULTS/TRIOS_PHASEC_E3_Q50_81METHOD_AUC_COMPLETION_v1.0_20260918/source_and_config/run_tasks.py,33865a235ad7f0a1c432a4653397f64b06c3d6a3f5ece9972d8b68f16363e41d,77e1f1b98d58f2c0bc3687b188cf6b87c711c8b1f384872cb3a7a5b27206f83b,"host-path redaction only; historical source, not a verified runnable full workflow; public path/spec-name literals adapted; scientific logic unchanged; original source SHA retained"
archived_sources/prospective_extension/adapter.py,04_RESULTS/E4_H150_JBUDGET_AND_H250_EXACTLOG_EXTENSION_v1_20260929_run01/code/adapter.py,d3680249a9909167e0d5c335dd11211bcda6eb174d8cfee4fce0b26514a394b6,8b5bcf5baaf0e5ebb30c9183c53d43c7af81fe6b69b847b167f06648e51ec95d,"host-path redaction only; historical source, not a verified runnable full workflow"
archived_sources/prospective_extension/finalize.py,04_RESULTS/E4_H150_JBUDGET_AND_H250_EXACTLOG_EXTENSION_v1_20260929_run01/code/finalize.py,b9a38f609578b01026d84e148d1ca742b6b1eac1cd56e00bffc129212acf833f,b9a38f609578b01026d84e148d1ca742b6b1eac1cd56e00bffc129212acf833f,"host-path redaction only; historical source, not a verified runnable full workflow"
archived_sources/prospective_extension/integration_qa.py,04_RESULTS/E4_H150_JBUDGET_AND_H250_EXACTLOG_EXTENSION_v1_20260929_run01/code/integration_qa.py,c8f86fa4ee997b4ab2e8a2c60542ecdc0f22123fb7a13331725a0baab1fa9ccc,c8f86fa4ee997b4ab2e8a2c60542ecdc0f22123fb7a13331725a0baab1fa9ccc,"host-path redaction only; historical source, not a verified runnable full workflow"
archived_sources/prospective_extension/prepare.py,04_RESULTS/E4_H150_JBUDGET_AND_H250_EXACTLOG_EXTENSION_v1_20260929_run01/code/prepare.py,7b971703e313c0442ee0538766b3d2fac6a01831dd8d62b4833edce648330b70,bc2614c105652b3a636c6688c602d047c39b5cae13ace0e7a91f99d4d83c39b6,"host-path redaction only; historical source, not a verified runnable full workflow; public path/spec-name literals adapted; scientific logic unchanged; original source SHA retained"
archived_sources/prospective_extension/report_and_package.py,04_RESULTS/E4_H150_JBUDGET_AND_H250_EXACTLOG_EXTENSION_v1_20260929_run01/code/report_and_package.py,385f11467725ee0dd2332b3b6ffd6a901dfd622939299b86d7bcc40e8a5399e4,385f11467725ee0dd2332b3b6ffd6a901dfd622939299b86d7bcc40e8a5399e4,"host-path redaction only; historical source, not a verified runnable full workflow"
archived_sources/prospective_extension/resume_lane_b.py,04_RESULTS/E4_H150_JBUDGET_AND_H250_EXACTLOG_EXTENSION_v1_20260929_run01/code/resume_lane_b.py,28caa7c9069f8e4da554c5985dd2f5c084a457bcab1b99144f2e85cf7ff304d8,28caa7c9069f8e4da554c5985dd2f5c084a457bcab1b99144f2e85cf7ff304d8,"host-path redaction only; historical source, not a verified runnable full workflow"
archived_sources/prospective_extension/run.py,04_RESULTS/E4_H150_JBUDGET_AND_H250_EXACTLOG_EXTENSION_v1_20260929_run01/code/run.py,f6ee8c75151ee7d1cf4a5c743cb9a9071f4f6605149928b0110a4f3300ee979e,f6ee8c75151ee7d1cf4a5c743cb9a9071f4f6605149928b0110a4f3300ee979e,"host-path redaction only; historical source, not a verified runnable full workflow"
figures/Figure2_3/data/figure2_domains.csv,05_MANUSCRIPT/BIOSTATISTICS/figures/HB_Figures_2_3_v1_0_20260928/figure2_domains.csv,6ee2ac498855f833516f720e09890aac020f07e540345bfd80990c2d65e5920e,6ee2ac498855f833516f720e09890aac020f07e540345bfd80990c2d65e5920e,byte-identical copy
figures/Figure2_3/data/figure2_fidelity.csv,05_MANUSCRIPT/BIOSTATISTICS/figures/HB_Figures_2_3_v1_0_20260928/figure2_fidelity.csv,d6c590ece7f95373de400d7b5b59ea100c914793fa46994133da9add0a05434e,d6c590ece7f95373de400d7b5b59ea100c914793fa46994133da9add0a05434e,byte-identical copy
figures/Figure2_3/data/figure3_benchmark.csv,05_MANUSCRIPT/BIOSTATISTICS/figures/HB_Figures_2_3_v1_0_20260928/figure3_benchmark.csv,a0e5b48fcee7fe709be044e3d12a41dfb41f0751e67d11568a44ab70ceb573a0,a0e5b48fcee7fe709be044e3d12a41dfb41f0751e67d11568a44ab70ceb573a0,byte-identical copy
figures/Figure2_3/data/figure3_frozen_tasks.csv,05_MANUSCRIPT/BIOSTATISTICS/figures/HB_Figures_2_3_v1_0_20260928/figure3_frozen_tasks.csv,8678654c3f7c6d40748c743e7e85723a8ce51e08eb054d77dc84afa87c861b1c,8678654c3f7c6d40748c743e7e85723a8ce51e08eb054d77dc84afa87c861b1c,byte-identical copy
figures/Figure2_3/data/figure3_sampled_frozen_curves.csv,05_MANUSCRIPT/BIOSTATISTICS/figures/HB_Figures_2_3_v1_0_20260928/figure3_sampled_frozen_curves.csv,57dacc3c04fc68fa64fca61ad7dd9afa36710cadf516d22643d13d51c51d6ce5,57dacc3c04fc68fa64fca61ad7dd9afa36710cadf516d22643d13d51c51d6ce5,byte-identical copy
figures/Figure2_3/data/figure3_scores_labels.csv,05_MANUSCRIPT/BIOSTATISTICS/figures/HB_Figures_2_3_v1_0_20260928/figure3_scores_labels.csv,2872fb5b1c67d4972589f5383fde3abbe3705448bd7ce165b0b1303eb3cf5ff4,2872fb5b1c67d4972589f5383fde3abbe3705448bd7ce165b0b1303eb3cf5ff4,byte-identical copy
figures/Figure2_3/data/PARITY_SUMMARY.json,05_MANUSCRIPT/BIOSTATISTICS/figures/HB_Figures_2_3_v1_0_20260928/PARITY_SUMMARY.json,a7139f92c822678b439d4139b379b497b3cefd57f09cc07fa208ed12e8ae434a,a7139f92c822678b439d4139b379b497b3cefd57f09cc07fa208ed12e8ae434a,byte-identical copy
figures/Figure2_3/plot_hb_figures.py,05_MANUSCRIPT/BIOSTATISTICS/figures/HB_Figures_2_3_v1_0_20260928/plot_hb_figures.py,af14e73df21a6ef1444dfcfddf54c089c62354dfb9174750e1b67e59152e7bae,768113a8e133864bf0f894d263e4a2e49ed7967021a4f7cdec2b0db024e3ca94,path-only plotting wrapper; verbatim render functions; upstream extraction removed; saved public plotting CSVs
reference_figures/Figure2_HB.pdf,05_MANUSCRIPT/BIOSTATISTICS/figures/HB_Figures_2_3_v1_0_20260928/Figure2_HB.pdf,88b60fec873a15bc52396e4a7532be7f24ca0aaef45460e461c35f10c73a3ce9,88b60fec873a15bc52396e4a7532be7f24ca0aaef45460e461c35f10c73a3ce9,byte-identical copy
reference_figures/Figure3_HB.pdf,05_MANUSCRIPT/BIOSTATISTICS/figures/HB_Figures_2_3_v1_0_20260928/Figure3_HB.pdf,3f1d9beacd120c70ff05876ad4a9a741203a39115422fa043b3594ec9316e588,3f1d9beacd120c70ff05876ad4a9a741203a39115422fa043b3594ec9316e588,byte-identical copy
figures/Figure4/data/panel_A.csv,05_MANUSCRIPT/BIOSTATISTICS/figures/Figure4_Simulation_v1_20261006/panel_A.csv,c9645502fc2323c30a2fda406716ea303421581ba18127f900e340efa2449077,c9645502fc2323c30a2fda406716ea303421581ba18127f900e340efa2449077,byte-identical copy
figures/Figure4/data/panel_B.csv,05_MANUSCRIPT/BIOSTATISTICS/figures/Figure4_Simulation_v1_20261006/panel_B.csv,27b47b115355d5a235df6f48bbc2dfe02b30c9b7220aefc290d5a8ec062665b4,27b47b115355d5a235df6f48bbc2dfe02b30c9b7220aefc290d5a8ec062665b4,byte-identical copy
figures/Figure4/data/panel_C.csv,05_MANUSCRIPT/BIOSTATISTICS/figures/Figure4_Simulation_v1_20261006/panel_C.csv,6d742bd723863621454a379341845c0943f333c6121063600c9af2b876286a19,6d742bd723863621454a379341845c0943f333c6121063600c9af2b876286a19,byte-identical copy
figures/Figure4/data/panel_C_ordered_points.csv,05_MANUSCRIPT/BIOSTATISTICS/figures/Figure4_Simulation_v1_20261006/panel_C_ordered_points.csv,af58fb752a2005ef2f3dcd0f4ebb43ccc134543bbecb6da394fb197b1bb6bef6,af58fb752a2005ef2f3dcd0f4ebb43ccc134543bbecb6da394fb197b1bb6bef6,byte-identical copy
figures/Figure4/plot_figure4.py,05_MANUSCRIPT/BIOSTATISTICS/figures/Figure4_Simulation_v1_20261006/plot_figure4.py,95c29d88237848a37823682df907664258c22d32108d953e5ef3106fadb64640,6172966b02d491f5818eb0a3a02091179f5a804d5ff060caca7c8d499bb08604,path-only plotting wrapper; verbatim render functions; upstream extraction removed; saved public plotting CSVs
figures/Figure4/Figure4_caption.tex,05_MANUSCRIPT/BIOSTATISTICS/figures/Figure4_Simulation_v1_20261006/Figure4_caption.tex,c9c66a34cb23465787bac41239e8cfc61e8c5f78995e16b8239a93250e19f4c7,c9c66a34cb23465787bac41239e8cfc61e8c5f78995e16b8239a93250e19f4c7,byte-identical copy
reference_figures/Figure4_Simulation.pdf,05_MANUSCRIPT/BIOSTATISTICS/figures/Figure4_Simulation_v1_20261006/Figure4_Simulation.pdf,c6e05e9d58712bf80ea20aad19f81631fce3eceabe56a9b11b5d65aeb7b34baf,c6e05e9d58712bf80ea20aad19f81631fce3eceabe56a9b11b5d65aeb7b34baf,byte-identical copy
figures/Figure5/data/panel_A.csv,05_MANUSCRIPT/BIOSTATISTICS/figures/Figure5_Prospective_Assay/panel_A.csv,5437f3809a59d18f0acec0f6434992fcdf55e5129ac92aedbdb86c1a6e4e0ee0,5840f60e206f1710b3a108080e3fce716ea0d57695c7589b1a09fa012bd4b6fa,column allowlist; original row order and value strings preserved
figures/Figure5/data/panel_B_overall.csv,05_MANUSCRIPT/BIOSTATISTICS/figures/Figure5_Prospective_Assay/panel_B_overall.csv,604c6d231bf0f21eba7b23ac1dfcf52d7a39ae08882925603360db76ca2c2cc4,604c6d231bf0f21eba7b23ac1dfcf52d7a39ae08882925603360db76ca2c2cc4,byte-identical copy
figures/Figure5/data/panel_B_separation.csv,05_MANUSCRIPT/BIOSTATISTICS/figures/Figure5_Prospective_Assay/panel_B_separation.csv,26af59a672adf2d4ef2655e407f8d08680daeb8e9262d4094d607f7d09f80239,26af59a672adf2d4ef2655e407f8d08680daeb8e9262d4094d607f7d09f80239,byte-identical copy
figures/Figure5/data/panel_C.csv,05_MANUSCRIPT/BIOSTATISTICS/figures/Figure5_Prospective_Assay/panel_C.csv,6832291c96cc0ea6a0a84ad67123041e89022b781bc2a78f0619777fb719f304,6832291c96cc0ea6a0a84ad67123041e89022b781bc2a78f0619777fb719f304,byte-identical copy
figures/Figure5/plot_figure5.py,05_MANUSCRIPT/BIOSTATISTICS/figures/Figure5_Prospective_Assay/plot_figure5.py,c5592f876362ee6a89f1b160791674d3116de298c05e9f3fbce6afea8d877ce2,f1e89616e0b6d52597b081ae100744e897885fc4cff1df4ec415ae55212573d9,path-only plotting wrapper; verbatim render functions; upstream extraction removed; saved public plotting CSVs
figures/Figure5/Figure5_caption.tex,05_MANUSCRIPT/BIOSTATISTICS/figures/Figure5_Prospective_Assay/Figure5_caption.tex,222ff7a96f24a7fd6983ba4156630e867e43d831fc542e88bff0cdec44a7dc9b,222ff7a96f24a7fd6983ba4156630e867e43d831fc542e88bff0cdec44a7dc9b,byte-identical copy
reference_figures/Figure5_Prospective_Assay.pdf,05_MANUSCRIPT/BIOSTATISTICS/figures/Figure5_Prospective_Assay/Figure5_Prospective_Assay.pdf,5552fd7d8fc15e5c21f090c9d79ad2b177dd14e1f76864c8ef6eca9068e37c7a,5552fd7d8fc15e5c21f090c9d79ad2b177dd14e1f76864c8ef6eca9068e37c7a,byte-identical copy
figures/Figure6/data/Figure6_METRIC_POINTS.csv,05_MANUSCRIPT/BIOSTATISTICS/figures/Figure6_Structural_Stress/Figure6_METRIC_POINTS.csv,7472a9961df1aa8ba72391dccfc7e20a291852afa348468830ac638ac2e145c7,7472a9961df1aa8ba72391dccfc7e20a291852afa348468830ac638ac2e145c7,byte-identical copy
figures/Figure6/data/Figure6_PLOT_DATA.csv,05_MANUSCRIPT/BIOSTATISTICS/figures/Figure6_Structural_Stress/Figure6_PLOT_DATA.csv,4c27cafe95f0f88f0a050be973a7c69127a255eb291bc113d3fce030d563d04e,4c27cafe95f0f88f0a050be973a7c69127a255eb291bc113d3fce030d563d04e,byte-identical copy
figures/Figure6/plot_figure6.py,05_MANUSCRIPT/BIOSTATISTICS/figures/Figure6_Structural_Stress/plot_figure6.py,4c1f8a051195c4f94937eed553825b935282b79f2a33e197c075ce9eb87b3c7c,76b28ecd46b486a44306a061c97d506f017df68352e3dc34905366e7d801ef0a,path-only plotting wrapper; verbatim render functions; upstream extraction removed; saved public plotting CSVs
figures/Figure6/Figure6_caption.tex,05_MANUSCRIPT/BIOSTATISTICS/figures/Figure6_Structural_Stress/Figure6_caption.tex,fe654a93fc3f1777f7053863488002e17c698735ee4734878a994ea343f15fad,fe654a93fc3f1777f7053863488002e17c698735ee4734878a994ea343f15fad,byte-identical copy
reference_figures/Figure6_Structural_Stress.pdf,05_MANUSCRIPT/BIOSTATISTICS/figures/Figure6_Structural_Stress/Figure6_Structural_Stress.pdf,2de51aee34f4f14d559d63640d7194dd19297c6e5a012a4a585b0c9e6f895337,2de51aee34f4f14d559d63640d7194dd19297c6e5a012a4a585b0c9e6f895337,byte-identical copy
figures/Figure7_8/data/Figure7_source_data.csv,05_MANUSCRIPT/BIOSTATISTICS/figures/Figure7_8_CCLE_v1_20261006/Figure7_source_data.csv,88865869c001859d7db2e7f8ec392e4434ecba672f0b33cab7fef3cc15a8cd12,88865869c001859d7db2e7f8ec392e4434ecba672f0b33cab7fef3cc15a8cd12,byte-identical copy
figures/Figure7_8/data/Figure8_gap_data.csv,05_MANUSCRIPT/BIOSTATISTICS/figures/Figure7_8_CCLE_v1_20261006/Figure8_gap_data.csv,8067c94ff919b34eabd898570f8a171c2b074fc3906717335fd39405e5e87819,8067c94ff919b34eabd898570f8a171c2b074fc3906717335fd39405e5e87819,byte-identical copy
figures/Figure7_8/data/Figure8_source_data.csv,05_MANUSCRIPT/BIOSTATISTICS/figures/Figure7_8_CCLE_v1_20261006/Figure8_source_data.csv,702d62c808ed923040193018fc06133479d009bfdf59b6957bc28f673695da4f,702d62c808ed923040193018fc06133479d009bfdf59b6957bc28f673695da4f,byte-identical copy
figures/Figure7_8/plot_figures7_8.py,05_MANUSCRIPT/BIOSTATISTICS/figures/Figure7_8_CCLE_v1_20261006/plot_figures7_8.py,fe44ade8b809ab41ea38aae7e9e6f361b067bd058d634b2f892b77905be84a20,9112d3ca0a6f2182924a5d737853d278d45ea7f0025edccf0def2aa270af4438,path-only plotting wrapper; verbatim render functions; upstream extraction removed; saved public plotting CSVs
figures/Figure7_8/Figure7_8_CAPTIONS.tex,05_MANUSCRIPT/BIOSTATISTICS/figures/Figure7_8_CCLE_v1_20261006/Figure7_8_CAPTIONS.tex,dc3488e2f07efc0da0e07d7751dbc291abf8d3bde84780205bed9088896496dc,dc3488e2f07efc0da0e07d7751dbc291abf8d3bde84780205bed9088896496dc,byte-identical copy
figures/Figure7_8/Figure7_8_CAPTIONS.tex,05_MANUSCRIPT/BIOSTATISTICS/figures/Figure7_8_CCLE_v1_20261006/Figure7_8_CAPTIONS.tex,dc3488e2f07efc0da0e07d7751dbc291abf8d3bde84780205bed9088896496dc,dc3488e2f07efc0da0e07d7751dbc291abf8d3bde84780205bed9088896496dc,byte-identical copy
reference_figures/Figure7_CCLE_Transport_Molecular.pdf,05_MANUSCRIPT/BIOSTATISTICS/figures/Figure7_8_CCLE_v1_20261006/Figure7_CCLE_Transport_Molecular.pdf,e87f62be997d04a07236bfe8a89074c6a1babae1ee7d6686ea43871f1fc2547c,e87f62be997d04a07236bfe8a89074c6a1babae1ee7d6686ea43871f1fc2547c,byte-identical copy
reference_figures/Figure8_CCLE_Comparative.pdf,05_MANUSCRIPT/BIOSTATISTICS/figures/Figure7_8_CCLE_v1_20261006/Figure8_CCLE_Comparative.pdf,d71b995f72135c38f0f8893ba2705f76cde9ec8a078f8ab3957de3e81d18f51b,d71b995f72135c38f0f8893ba2705f76cde9ec8a078f8ab3957de3e81d18f51b,byte-identical copy
figures/Figure1/figure1_trios_framework.tex,05_MANUSCRIPT/BIOSTATISTICS/figures/figure1_trios_framework.tex,5754852f1e47cc5c3edab48e086712d6e0133d22a2662d95312542df33fc34bf,5754852f1e47cc5c3edab48e086712d6e0133d22a2662d95312542df33fc34bf,byte-identical copy
