arm,stratum_type,stratum,intended_tasks,valid_tasks,invalid_tasks,intended_profiles,valid_profiles,total_weight,valid_weight,A_valid,C_common,C_conditional,C_operational,ARI,BA,MacroF1,Extreme,S_BW,S_tau,S_match,A_LOO,raw_validity_proportion,applicability_population,operational_population,conditional_population,truth_population,weighting,scoring_K,J,H,subgroup_role,paired_A_valid_left,paired_A_valid_right,paired_A_valid_difference,paired_A_valid_CI95_low,paired_A_valid_CI95_high,paired_A_valid_common_valid_pairs,paired_A_valid_common_valid_weight,paired_A_valid_total_weight,paired_A_valid_estimand_domain,paired_C_operational_E4_left,paired_C_operational_E4_right,paired_C_operational_E4_difference,paired_C_operational_E4_CI95_low,paired_C_operational_E4_CI95_high,paired_C_operational_E4_common_valid_pairs,paired_C_operational_E4_common_valid_weight,paired_C_operational_E4_total_weight,paired_C_operational_E4_estimand_domain,paired_C_common_left,paired_C_common_right,paired_C_common_difference,paired_C_common_CI95_low,paired_C_common_CI95_high,paired_C_common_common_valid_pairs,paired_C_common_common_valid_weight,paired_C_common_total_weight,paired_C_common_estimand_domain,paired_ARI_left,paired_ARI_right,paired_ARI_difference,paired_ARI_CI95_low,paired_ARI_CI95_high,paired_ARI_common_valid_pairs,paired_ARI_common_valid_weight,paired_ARI_total_weight,paired_ARI_estimand_domain,paired_BA_left,paired_BA_right,paired_BA_difference,paired_BA_CI95_low,paired_BA_CI95_high,paired_BA_common_valid_pairs,paired_BA_common_valid_weight,paired_BA_total_weight,paired_BA_estimand_domain,paired_MacroF1_left,paired_MacroF1_right,paired_MacroF1_difference,paired_MacroF1_CI95_low,paired_MacroF1_CI95_high,paired_MacroF1_common_valid_pairs,paired_MacroF1_common_valid_weight,paired_MacroF1_total_weight,paired_MacroF1_estimand_domain,paired_Extreme_left,paired_Extreme_right,paired_Extreme_difference,paired_Extreme_CI95_low,paired_Extreme_CI95_high,paired_Extreme_common_valid_pairs,paired_Extreme_common_valid_weight,paired_Extreme_total_weight,paired_Extreme_estimand_domain,paired_role
J3,separation,weak,3400,2946,454,70800,61344,0.33333333333333337,0.29226120857699811,0.87678362573099422,0.8936926930427197,0.8936926930427197,0.78357511969529225,0.33247796425782178,0.70161804068585532,0.6778405555357645,0.0067698259187620865,0.89073059948179323,0.89469532839522214,0.89565215125114339,0.94804241979590342,0.8664705882352941,all_intended,all_intended,own_valid,own_valid,original_factor_weight,7,3,150,descriptive_heterogeneity_only; no_subgroup_selection_gate,0.87678362573095092,1,-0.12321637426904908,-0.14593676900584734,-0.10267543859649098,2946,0.29226120857699245,0.33333333333334336,all_intended,0.78357511969527038,0.92557567722261358,-0.1420005575273432,-0.16395777164032227,-0.12183295249161546,2946,0.29226120857699245,0.33333333333334336,all_intended,0.89369269304273891,0.92630749965057813,-0.03261480660783922,-0.039545167682382094,-0.02626843158998466,2946,0.29226120857699245,0.33333333333334336,common_valid,0.3324779642578275,0.33476170713999193,-0.0022837428821644301,-0.012280588051277517,0.0076575065038044215,2946,0.29226120857699245,0.33333333333334336,common_valid,0.70161804068587486,0.70656853480048187,-0.004950494114607018,-0.01122229991716157,0.0013239293229867443,2946,0.29226120857699245,0.33333333333334336,common_valid,0.67784055553577693,0.68269666258840955,-0.0048561070526326189,-0.011139612608007707,0.0015389448930884337,2946,0.29226120857699245,0.33333333333334336,common_valid,0.0067698259187621967,0.0061936311019217382,0.00057619481684045848,-0.00040559720893012521,0.0015104912478325152,2946,0.29226120857699245,0.33333333333334336,common_valid,
J3,separation,moderate,3400,2685,715,70800,55830,0.33333333333333337,0.26688596491228073,0.80065789473684212,0.89077533325336422,0.89077533325336422,0.71320630300614751,0.53105972509058619,0.81933058714214579,0.79677262101823387,0.00036925449141280412,0.90935543239118743,0.88041312627633539,0.88255744109256828,0.93060450206437229,0.78970588235294115,all_intended,all_intended,own_valid,own_valid,original_factor_weight,7,3,150,descriptive_heterogeneity_only; no_subgroup_selection_gate,0.80065789473677229,0.99497076023391662,-0.19431286549714433,-0.22362792397660777,-0.16611038011695906,2683,0.26673489278750911,0.33333333333334336,all_intended,0.71320630300612764,0.92178069435263377,-0.20857439134650613,-0.23580007013719134,-0.18292754410491058,2683,0.26673489278750911,0.33333333333334336,all_intended,0.89086682412594764,0.93149338549469785,-0.040626561368750203,-0.049366947039867159,-0.032724292330059926,2683,0.26673489278750911,0.33333333333334336,common_valid,0.53109584956659994,0.56320019605139171,-0.032104346484791768,-0.045923933901883797,-0.019391000272067683,2683,0.26673489278750911,0.33333333333334336,common_valid,0.81935375913439235,0.83391284355681683,-0.014559084422424484,-0.02050251410743539,-0.00903796194086374,2683,0.26673489278750911,0.33333333333334336,common_valid,0.79678785308491673,0.81336477288952058,-0.016576919804603851,-0.02289760411462036,-0.010715192405608313,2683,0.26673489278750911,0.33333333333334336,common_valid,0.00036946362813284944,0.00027303768123004531,9.6425946902804131e-05,-9.4036026215133368e-05,0.00031461480676553242,2683,0.26673489278750911,0.33333333333334336,common_valid,
J3,separation,strong,3400,2597,803,70800,54018,0.33333333333333337,0.25784113060428848,0.77352339181286534,0.8924626274890598,0.8924626274890598,0.69034071868155933,0.67465858965855718,0.88381265327389813,0.86573898129053517,2.9400585071642928e-05,0.92456485409689637,0.87332176569093112,0.87950126267935103,0.9178495152053493,0.76382352941176468,all_intended,all_intended,own_valid,own_valid,original_factor_weight,7,3,150,descriptive_heterogeneity_only; no_subgroup_selection_gate,0.77352339181278584,0.96387426900583573,-0.19035087719304988,-0.21861513157894713,-0.16339108187134482,2595,0.25769005847951332,0.33333333333334336,all_intended,0.69034071868153879,0.89548843084019736,-0.20514771215865857,-0.2310327725616125,-0.18045511184782576,2595,0.25769005847951332,0.33333333333334336,all_intended,0.89256184285834494,0.93987876757016187,-0.047316924711816921,-0.056147356343517051,-0.03917287255286931,2595,0.25769005847951332,0.33333333333334336,common_valid,0.67478331836071581,0.70494919992545768,-0.03016588156474187,-0.041322035754419693,-0.018380736426631555,2595,0.25769005847951332,0.33333333333334336,common_valid,0.8838767679481897,0.89829908250382473,-0.01442231455563503,-0.020100348714719572,-0.0090006216677822291,2595,0.25769005847951332,0.33333333333334336,common_valid,0.86582750347203075,0.88166945311918432,-0.015841949647153575,-0.021678408026079794,-0.010208628440200766,2595,0.25769005847951332,0.33333333333334336,common_valid,2.9417821316155477e-05,1.9962093035962645e-05,9.4557282801928322e-06,-4.9275336947093604e-05,6.8996574376677352e-05,2595,0.25769005847951332,0.33333333333334336,common_valid,
J4,separation,weak,3400,3376,24,70800,70302,0.33333333333333337,0.3314863547758285,0.99445906432748543,0.92230435127665367,0.92230435127665367,0.91719392219574947,0.31848118317911478,0.69746545365030821,0.67246531767416606,0.0080481681310836991,0.88548585052796103,0.94094584294801831,0.94048136035398233,0.9956042986724708,0.99294117647058822,all_intended,all_intended,own_valid,own_valid,original_factor_weight,7,4,150,descriptive_heterogeneity_only; no_subgroup_selection_gate,0.99445906432748354,1,-0.005540935672516456,-0.0081432748538011746,-0.0031725146198829934,3376,0.33148635477583782,0.33333333333334336,all_intended,0.91719392219572471,0.92557567722261358,-0.0083817550268888708,-0.011607551225099133,-0.0051799660791482811,3376,0.33148635477583782,0.33333333333334336,all_intended,0.92230435127663057,0.92589974441498379,-0.0035953931383532201,-0.0060698648965905096,-0.001205820773256509,3376,0.33148635477583782,0.33333333333334336,common_valid,0.31848118317910473,0.33437038955215698,-0.015889206373052245,-0.023868856754862607,-0.0078568188297969618,3376,0.33148635477583782,0.33333333333334336,common_valid,0.69746545365029766,0.70388539293177987,-0.006419939281482212,-0.011595860293960683,-0.0013269481247982493,3376,0.33148635477583782,0.33333333333334336,common_valid,0.67246531767414275,0.67908687983896576,-0.0066215621648230139,-0.011826821099938401,-0.0013930930820036747,3376,0.33148635477583782,0.33333333333334336,common_valid,0.0080481681310836245,0.0068214227959011269,0.0012267453351824976,0.00044699896357281951,0.0021169135718006513,3376,0.33148635477583782,0.33333333333334336,common_valid,
J4,separation,moderate,3400,3275,125,70800,68142,0.33333333333333337,0.32212962962962965,0.96638888888888885,0.92080818794984587,0.92080818794984587,0.88985880163264275,0.5337830068421362,0.81395119933909121,0.79146948344394186,0.0008404646761101277,0.90379132570512066,0.92760778689578072,0.93102545124863678,0.98062140596293035,0.96323529411764708,all_intended,all_intended,own_valid,own_valid,original_factor_weight,7,4,150,descriptive_heterogeneity_only; no_subgroup_selection_gate,0.96638888888887742,0.99497076023391662,-0.0285818713450392,-0.03883077485380091,-0.019561403508772106,3273,0.32197855750487908,0.33333333333334336,all_intended,0.88985880163261388,0.92178069435263377,-0.031921892720019884,-0.04207880946690943,-0.022994736103259531,3273,0.32197855750487908,0.33333333333334336,all_intended,0.92087839771592461,0.92826725826410095,-0.0073888605481763348,-0.011047975836421397,-0.0038143451375928284,3273,0.32197855750487908,0.33333333333334336,common_valid,0.53374238160997534,0.55153618106120605,-0.017793799451230718,-0.027334824874756716,-0.0084123874389074298,3273,0.32197855750487908,0.33333333333334336,common_valid,0.81394126439569769,0.82151260565555317,-0.0075713412598554797,-0.013317416378934983,-0.0021023213917844537,3273,0.32197855750487908,0.33333333333334336,common_valid,0.79145987903443116,0.79953594740332801,-0.0080760683688968493,-0.01426470201144244,-0.0020672775174179164,3273,0.32197855750487908,0.33333333333334336,common_valid,0.00084085902157642653,0.00056169382641305349,0.00027916519516337304,-8.404549676968854e-07,0.00062757932706211195,3273,0.32197855750487908,0.33333333333334336,common_valid,
J4,separation,strong,3400,3065,335,70800,63690,0.33333333333333337,0.30455653021442497,0.9136695906432748,0.92221214917211336,0.92221214917211336,0.84259719682033951,0.69174569989570867,0.888517770214306,0.87096755116211133,4.8892800312913921e-05,0.92419433399329454,0.91753925669321135,0.92490285682983442,0.96859748779902433,0.90147058823529413,all_intended,all_intended,own_valid,own_valid,original_factor_weight,7,4,150,descriptive_heterogeneity_only; no_subgroup_selection_gate,0.9136695906432456,0.96387426900583573,-0.050204678362590127,-0.062266081871344747,-0.038932383040935742,3056,0.30389376218323505,0.33333333333334336,all_intended,0.8425971968203122,0.89548843084019736,-0.052891234019885158,-0.063910628843399667,-0.04262962495247459,3056,0.30389376218323505,0.33333333333334336,all_intended,0.92265295426823479,0.93432043594039604,-0.011667481672161251,-0.015417308111953947,-0.0082111173191652138,3056,0.30389376218323505,0.33333333333334336,common_valid,0.6916950598093895,0.69985979256614339,-0.0081647327567538897,-0.016080817873690097,-0.0001238097592061932,3056,0.30389376218323505,0.33333333333334336,common_valid,0.88860934285210624,0.89207229444283531,-0.0034629515907290687,-0.0067185635819305006,-0.00016530400091028575,3056,0.30389376218323505,0.33333333333334336,common_valid,0.87105000544774769,0.87489934766920274,-0.0038493422214550543,-0.0074814817101333947,-0.00011563843768123227,3056,0.30389376218323505,0.33333333333334336,common_valid,4.8999431606593499e-05,5.7908419171428682e-05,-8.9089875648351829e-06,-8.3581705354334035e-05,5.8865422299662931e-05,3056,0.30389376218323505,0.33333333333334336,common_valid,
J5,separation,weak,3400,3390,10,70800,70590,0.33333333333333337,0.33257797270955169,0.99773391812865497,0.92251342004577619,0.92251342004577619,0.92042292910853796,0.32388626545941068,0.6991530018568628,0.67451923334140229,0.0072190880894815249,0.88678067872683453,0.93930130057007277,0.94145828084042193,0.99702542310792264,0.99705882352941178,all_intended,all_intended,own_valid,own_valid,original_factor_weight,7,5,150,descriptive_heterogeneity_only; no_subgroup_selection_gate,0.9977339181286542,1,-0.0022660818713458042,-0.0037573099415203538,-0.00097953216374258023,3390,0.33257797270956141,0.33333333333334336,all_intended,0.92042292910850942,0.92557567722261358,-0.0051527481141041553,-0.007795023325290318,-0.0025380387114253755,3390,0.33257797270956141,0.33333333333334336,all_intended,0.92251342004574821,0.92570340444894605,-0.003189984403197843,-0.0055712130455266183,-0.00088045970816111004,3390,0.33257797270956141,0.33333333333334336,common_valid,0.32388626545939947,0.33454005991018004,-0.010653794450780574,-0.019349272772399173,-0.0019897955332722149,3390,0.33257797270956141,0.33333333333334336,common_valid,0.69915300185684903,0.7039827685874902,-0.0048297667306411718,-0.01064100063474013,0.00083368136804089612,3390,0.33257797270956141,0.33333333333334336,common_valid,0.67451923334138097,0.67908406519691322,-0.0045648318555322476,-0.010332237407904862,0.0011595057315673867,3390,0.33257797270956141,0.33333333333334336,common_valid,0.0072190880894813843,0.0068210125283902122,0.00039807556109117213,-0.00056326236345201255,0.0014214055670775908,3390,0.33257797270956141,0.33333333333334336,common_valid,
J5,separation,moderate,3400,3345,55,70800,69648,0.33333333333333337,0.32843079922027296,0.98529239766081878,0.92557123644422856,0.92557123644422856,0.91195830276202261,0.53065645325226274,0.81014613348092579,0.78695442784455594,0.00087215149386856046,0.90575591083952234,0.93456965715210061,0.93638814134106418,0.99096853330168044,0.98382352941176465,all_intended,all_intended,own_valid,own_valid,original_factor_weight,7,5,150,descriptive_heterogeneity_only; no_subgroup_selection_gate,0.98529239766081356,0.99497076023391662,-0.0096783625731030609,-0.014649122807017467,-0.0053651315789469524,3339,0.32804580896686963,0.33333333333334336,all_intended,0.91195830276199363,0.92178069435263377,-0.0098223915906401338,-0.015502213984909557,-0.0045490824576788621,3339,0.32804580896686963,0.33333333333334336,all_intended,0.92561504996910038,0.92755096940302029,-0.0019359194339199082,-0.005016712251037397,0.001182005916963364,3339,0.32804580896686963,0.33333333333334336,common_valid,0.53078213342387714,0.5502958869051211,-0.019513753481243956,-0.03048669264631684,-0.0092132794339381489,3339,0.32804580896686963,0.33333333333334336,common_valid,0.81030158716965583,0.8190715158277958,-0.0087699286581399694,-0.014311914349286747,-0.0035807939576073034,3339,0.32804580896686963,0.33333333333334336,common_valid,0.78713120682923565,0.79681419707199985,-0.0096829902427642001,-0.015744741690576755,-0.0041722448248452922,3339,0.32804580896686963,0.33333333333334336,common_valid,0.00087317503940839735,0.00060412488548860826,0.00026905015391978909,-2.4876831256676838e-05,0.00058832212519693329,3339,0.32804580896686963,0.33333333333334336,common_valid,
J5,separation,strong,3400,3167,233,70800,65850,0.33333333333333337,0.31337719298245614,0.94013157894736832,0.92573037872909691,0.92573037872909691,0.87030836263413114,0.69930509797312124,0.88922962978440834,0.8716993463290108,0.00011231198541672065,0.92493275208818426,0.92404038209949013,0.92821800199961724,0.97631685802901236,0.93147058823529416,all_intended,all_intended,own_valid,own_valid,original_factor_weight,7,5,150,descriptive_heterogeneity_only; no_subgroup_selection_gate,0.94013157894734811,0.96387426900583573,-0.023742690058487614,-0.031403508771929552,-0.016241959064327408,3140,0.31121345029239955,0.33333333333334336,all_intended,0.87030836263410705,0.89548843084019736,-0.025180068206090311,-0.033317918289962306,-0.017622332688321907,3140,0.31121345029239955,0.33333333333334336,all_intended,0.92689650538200041,0.93279370238541792,-0.0058971970034175092,-0.010369026652041678,-0.0011930560465103377,3140,0.31121345029239955,0.33333333333334336,common_valid,0.70087087463516806,0.69751674695745736,0.0033541276777107054,-0.0068551396667045957,0.014196108894331989,3140,0.31121345029239955,0.33333333333334336,common_valid,0.8904915462360451,0.88991743213841423,0.0005741140976308623,-0.0043865609201812674,0.0055527598501061877,3140,0.31121345029239955,0.33333333333334336,common_valid,0.87312029696247917,0.8722353953386639,0.00088490162381527071,-0.0044552448622494963,0.0063177008045724537,3140,0.31121345029239955,0.33333333333334336,common_valid,0.00011309284574657739,8.0904881957166895e-05,3.2187963789410498e-05,-7.3013891388567086e-05,0.00015996195227603271,3140,0.31121345029239955,0.33333333333334336,common_valid,
J6,separation,weak,3400,3389,11,70800,70590,0.33333333333333337,0.33213937621832362,0.99641812865497081,0.92370508546786767,0.92370508546786767,0.92039649269097257,0.3344951997674907,0.70577039250687534,0.68078259246433903,0.0069800047277855225,0.88664233938669224,0.94155904811292079,0.94291386890399076,0.99853275621744819,0.99676470588235289,all_intended,all_intended,own_valid,own_valid,original_factor_weight,7,6,150,descriptive_heterogeneity_only; no_subgroup_selection_gate,0.99641812865496937,1,-0.0035818713450306294,-0.0065065789473685576,-0.001388888888888995,3389,0.33213937621833312,0.33333333333334336,all_intended,0.92039649269094503,0.92557567722261358,-0.0051791845316685459,-0.0084022193204138455,-0.0020387107952333865,3389,0.33213937621833312,0.33333333333334336,all_intended,0.92370508546784136,0.92589833186742732,-0.0021932463995859575,-0.0046500392362793883,0.00013110981066003172,3389,0.33213937621833312,0.33333333333334336,common_valid,0.33449519976748132,0.33392811403348599,0.00056708573399533169,-0.0089539260477199435,0.0094936186268666477,3389,0.33213937621833312,0.33333333333334336,common_valid,0.70577039250686291,0.70371525999248485,0.0020551325143780552,-0.0038339392477862999,0.0078327564095228043,3389,0.33213937621833312,0.33333333333334336,common_valid,0.68078259246431982,0.67878297518872455,0.0019996172755952779,-0.0038738382621456287,0.0077645477203031723,3389,0.33213937621833312,0.33333333333334336,common_valid,0.0069800047277853924,0.0068601798188767634,0.00011982490890862906,-0.00096135047417755196,0.0012703675828860915,3389,0.33213937621833312,0.33333333333334336,common_valid,
J6,separation,moderate,3400,3375,25,70800,70248,0.33333333333333337,0.33135477582846007,0.99406432748538009,0.92689045971897466,0.92689045971897466,0.92138874149315741,0.53779471686960645,0.81489634130602429,0.79162014056020313,0.00071166410108081416,0.90548806344029076,0.93589732367982648,0.93928599203680763,0.99185467345158174,0.99264705882352944,all_intended,all_intended,own_valid,own_valid,original_factor_weight,7,6,150,descriptive_heterogeneity_only; no_subgroup_selection_gate,0.99406432748537832,0.99497076023391662,-0.00090643274853829947,-0.0044152046783627608,0.0021198830409357994,3362,0.3303557504873384,0.33333333333334336,all_intended,0.92138874149312711,0.92178069435263377,-0.00039195285950666126,-0.0043467579823037754,0.0034504050926522319,3362,0.3303557504873384,0.33333333333334336,all_intended,0.92709253275960635,0.92698624734991664,0.00010628540968971034,-0.0029383033606862367,0.003088652435487576,3362,0.3303557504873384,0.33333333333334336,common_valid,0.53797349743281786,0.55002654578226751,-0.012053048349449647,-0.023462619575868586,-0.00077399795416429197,3362,0.3303557504873384,0.33333333333334336,common_valid,0.81521654267968369,0.81879166410467685,-0.0035751214249931662,-0.0095136764918789946,0.0021714053310312766,3362,0.3303557504873384,0.33333333333334336,common_valid,0.79202429188881385,0.79646176182292805,-0.0044374699341142021,-0.010946365997886856,0.0018858355725074789,3362,0.3303557504873384,0.33333333333334336,common_valid,0.00068267385236213136,0.00063841888474201714,4.4254967620114215e-05,-9.410303032431007e-05,0.00018631663400875219,3362,0.3303557504873384,0.33333333333334336,common_valid,
J6,separation,strong,3400,3231,169,70800,67260,0.33333333333333337,0.31832358674463934,0.95497076023391791,0.9326014095114401,0.9326014095114401,0.89060707703636333,0.69817869558506351,0.88815424788633646,0.87004547014592415,0.0001624481186636729,0.92526344703637453,0.93304958116554992,0.93949120033239586,0.98398907940396185,0.95029411764705884,all_intended,all_intended,own_valid,own_valid,original_factor_weight,7,6,150,descriptive_heterogeneity_only; no_subgroup_selection_gate,0.95497076023390248,0.96387426900583573,-0.008903508771933244,-0.01562902046783618,-0.0024707602339183428,3185,0.31474171539961326,0.33333333333334336,all_intended,0.89060707703633346,0.89548843084019736,-0.0048813538038638971,-0.01216909555393888,0.0020104371070285942,3185,0.31474171539961326,0.33333333333334336,all_intended,0.93456052302911763,0.93105855588258346,0.0035019671465341684,-0.00061421339270604494,0.0080606572051674565,3185,0.31474171539961326,0.33333333333334336,common_valid,0.69971098298239276,0.69459632643385794,0.0051146565485348239,-0.0041595355876874185,0.014513853187821739,3185,0.31474171539961326,0.33333333333334336,common_valid,0.88967331085584589,0.88743196101520805,0.0022413498406378407,-0.0020998865298818862,0.0066522367754454741,3185,0.31474171539961326,0.33333333333334336,common_valid,0.87181185856867405,0.86955223847505936,0.0022596200936146893,-0.0024703401552322148,0.0070437269700992528,3185,0.31474171539961326,0.33333333333334336,common_valid,0.0001238677711542916,0.00014107162825905431,-1.7203857104762711e-05,-8.2794114547137177e-05,5.200670188918395e-05,3185,0.31474171539961326,0.33333333333334336,common_valid,
J7,separation,weak,3400,3400,0,70800,70800,0.33333333333333337,0.33333333333333337,1,0.925575677222644,0.925575677222644,0.925575677222644,0.33432558291440079,0.70390552623410807,0.67894018029573588,0.0068583495776478251,0.88845574349834511,0.94253820602724658,0.94573308214234009,0.99935672514619867,1,all_intended,all_intended,own_valid,own_valid,original_factor_weight,7,7,150,descriptive_heterogeneity_only; no_subgroup_selection_gate,,,,,,,,,,,,,,,,,,,,,,,,,,,,,,,,,,,,,,,,,,,,,,,,,,,,,,,,,,,,,,,,reference_no_contrast
J7,separation,moderate,3400,3376,24,70800,70272,0.33333333333333337,0.33165692007797276,0.99497076023391817,0.92643998315684162,0.92643998315684162,0.92178069435266108,0.54898325687067606,0.81822059989488261,0.79580840826160615,0.00063591421443778308,0.90620069769451983,0.93626168394876264,0.93685756782724139,0.99283106722568282,0.99294117647058822,all_intended,all_intended,own_valid,own_valid,original_factor_weight,7,7,150,descriptive_heterogeneity_only; no_subgroup_selection_gate,,,,,,,,,,,,,,,,,,,,,,,,,,,,,,,,,,,,,,,,,,,,,,,,,,,,,,,,,,,,,,,,reference_no_contrast
J7,separation,strong,3400,3260,140,70800,67818,0.33333333333333337,0.32129142300194935,0.96387426900584794,0.9290510802449814,0.9290510802449814,0.89548843084022489,0.69240225311697867,0.88509874981230507,0.86679534555011051,0.00017021678202645607,0.92567064434326518,0.92847999293069916,0.93300260346098052,0.98001806657329982,0.95882352941176474,all_intended,all_intended,own_valid,own_valid,original_factor_weight,7,7,150,descriptive_heterogeneity_only; no_subgroup_selection_gate,,,,,,,,,,,,,,,,,,,,,,,,,,,,,,,,,,,,,,,,,,,,,,,,,,,,,,,,,,,,,,,,reference_no_contrast
