arm,reference,separation,metric,estimand_domain,left,right,difference,CI95_low,CI95_high,intended_pairs,common_valid_pairs,total_weight,common_valid_weight,bootstrap_B,estimate,direction_of_better_performance,denominator_weight,denominator_task_count,resampling_unit,strata_count,blocks_per_stratum,families_per_block,bootstrap_registry,inference_role,J,display_difference,display_CI95_low,display_CI95_high
J4,J7,ALL,C_operational_E4,all_intended,0.88321664021609092,0.91428160080501719,-0.031064960588926271,-0.036021687349018047,-0.026270299703698791,10200,9705,1.0000000000001705,0.95735867446408951,5000,-0.031064960588926271,higher_is_better,1.0000000000001705,10200,base_block_within_n_pattern_separation; five_families_and_both_arms_together,102,20,5,04_PROVENANCE/FROZEN_BOOTSTRAP_REGISTRY/,descriptive_paired_bootstrap; no_new_pvalue_family,4,-0.031064960588926271,-0.036021687349018047,-0.026270299703698791
J4,J7,ALL,ARI,common_valid,0.50934680554155443,0.52342458923421142,-0.014077783692656998,-0.018862333694538439,-0.0091200293787390488,10200,9705,1.0000000000001705,0.95735867446408951,5000,-0.014077783692656998,higher_is_better,0.95735867446408951,9705,base_block_within_n_pattern_separation; five_families_and_both_arms_together,102,20,5,04_PROVENANCE/FROZEN_BOOTSTRAP_REGISTRY/,descriptive_paired_bootstrap; no_new_pvalue_family,4,-0.014077783692656998,-0.018862333694538439,-0.0091200293787390488
J4,J7,ALL,BA,common_valid,0.79731324495934475,0.80318178863535095,-0.0058685436760061993,-0.008645887814716386,-0.0030556454490307298,10200,9705,1.0000000000001705,0.95735867446408951,5000,-0.0058685436760061993,higher_is_better,0.95735867446408951,9705,base_block_within_n_pattern_separation; five_families_and_both_arms_together,102,20,5,04_PROVENANCE/FROZEN_BOOTSTRAP_REGISTRY/,descriptive_paired_bootstrap; no_new_pvalue_family,4,-0.0058685436760061993,-0.008645887814716386,-0.0030556454490307298
J4,J7,ALL,MacroF1,common_valid,0.77552214238235873,0.78175289956604221,-0.0062307571836834885,-0.0092127768406525985,-0.0032198448404579098,10200,9705,1.0000000000001705,0.95735867446408951,5000,-0.0062307571836834885,higher_is_better,0.95735867446408951,9705,base_block_within_n_pattern_separation; five_families_and_both_arms_together,102,20,5,04_PROVENANCE/FROZEN_BOOTSTRAP_REGISTRY/,descriptive_paired_bootstrap; no_new_pvalue_family,4,-0.0062307571836834885,-0.0092127768406525985,-0.0032198448404579098
J4,J7,ALL,Extreme,common_valid,0.0030850371878619145,0.0025692146715304079,0.00051582251633150661,0.00023080281036447626,0.00084675552108352619,10200,9705,1.0000000000001705,0.95735867446408951,5000,0.00051582251633150661,lower_is_better,0.95735867446408951,9705,base_block_within_n_pattern_separation; five_families_and_both_arms_together,102,20,5,04_PROVENANCE/FROZEN_BOOTSTRAP_REGISTRY/,descriptive_paired_bootstrap; no_new_pvalue_family,4,0.051582251633150659,0.023080281036447627,0.08467555210835262
J5,J7,ALL,C_operational_E4,all_intended,0.9008965315014078,0.91428160080501719,-0.013385069303609387,-0.016734792510308957,-0.010165689018116092,10200,9869,1.0000000000001705,0.97183723196896921,5000,-0.013385069303609387,higher_is_better,1.0000000000001705,10200,base_block_within_n_pattern_separation; five_families_and_both_arms_together,102,20,5,04_PROVENANCE/FROZEN_BOOTSTRAP_REGISTRY/,descriptive_paired_bootstrap; no_new_pvalue_family,5,-0.013385069303609387,-0.016734792510308957,-0.010165689018116092
J5,J7,ALL,ARI,common_valid,0.51444698613871453,0.52360569344766272,-0.0091587073089481885,-0.015078592294304841,-0.0032887884063733334,10200,9869,1.0000000000001705,0.97183723196896921,5000,-0.0091587073089481885,higher_is_better,0.97183723196896921,9869,base_block_within_n_pattern_separation; five_families_and_both_arms_together,102,20,5,04_PROVENANCE/FROZEN_BOOTSTRAP_REGISTRY/,descriptive_paired_bootstrap; no_new_pvalue_family,5,-0.0091587073089481885,-0.015078592294304841,-0.0032887884063733334
J5,J7,ALL,BA,common_valid,0.79794419136502603,0.80237347252281155,-0.004429281157785514,-0.0075999645154968517,-0.0012355469598158636,10200,9869,1.0000000000001705,0.97183723196896921,5000,-0.004429281157785514,higher_is_better,0.97183723196896921,9869,base_block_within_n_pattern_separation; five_families_and_both_arms_together,102,20,5,04_PROVENANCE/FROZEN_BOOTSTRAP_REGISTRY/,descriptive_paired_bootstrap; no_new_pvalue_family,5,-0.004429281157785514,-0.0075999645154968517,-0.0012355469598158636
J5,J7,ALL,MacroF1,common_valid,0.7761300843511697,0.78067738245705509,-0.004547298105885389,-0.0079025492239683005,-0.0011805802581700507,10200,9869,1.0000000000001705,0.97183723196896921,5000,-0.004547298105885389,higher_is_better,0.97183723196896921,9869,base_block_within_n_pattern_separation; five_families_and_both_arms_together,102,20,5,04_PROVENANCE/FROZEN_BOOTSTRAP_REGISTRY/,descriptive_paired_bootstrap; no_new_pvalue_family,5,-0.004547298105885389,-0.0079025492239683005,-0.0011805802581700507
J5,J7,ALL,Extreme,common_valid,0.0028014435123010395,0.0025640897063662154,0.00023735380593482413,-0.00010860495676069827,0.00061041677029204252,10200,9869,1.0000000000001705,0.97183723196896921,5000,0.00023735380593482413,lower_is_better,0.97183723196896921,9869,base_block_within_n_pattern_separation; five_families_and_both_arms_together,102,20,5,04_PROVENANCE/FROZEN_BOOTSTRAP_REGISTRY/,descriptive_paired_bootstrap; no_new_pvalue_family,5,0.023735380593482413,-0.010860495676069828,0.061041677029204253
J6,J7,ALL,C_operational_E4,all_intended,0.91079743707334138,0.91428160080501719,-0.0034841637316758156,-0.0064049839914706534,-0.00065953336388807973,10200,9936,1.0000000000001705,0.97723684210542361,5000,-0.0034841637316758156,higher_is_better,1.0000000000001705,10200,base_block_within_n_pattern_separation; five_families_and_both_arms_together,102,20,5,04_PROVENANCE/FROZEN_BOOTSTRAP_REGISTRY/,descriptive_paired_bootstrap; no_new_pvalue_family,6,-0.0034841637316758156,-0.0064049839914706534,-0.00065953336388807973
J6,J7,ALL,ARI,common_valid,0.52090739790020912,0.52314190898426116,-0.0022345110840520377,-0.0079588229040219727,0.0036878026287396381,10200,9936,1.0000000000001705,0.97723684210542361,5000,-0.0022345110840520377,higher_is_better,0.97723684210542361,9936,base_block_within_n_pattern_separation; five_families_and_both_arms_together,102,20,5,04_PROVENANCE/FROZEN_BOOTSTRAP_REGISTRY/,descriptive_paired_bootstrap; no_new_pvalue_family,6,-0.0022345110840520377,-0.0079588229040219727,0.0036878026287396381
J6,J7,ALL,BA,common_valid,0.80199894326816934,0.80178714731996781,0.00021179594820153191,-0.0030124208278903969,0.0033227598727402835,10200,9936,1.0000000000001705,0.97723684210542361,5000,0.00021179594820153191,higher_is_better,0.97723684210542361,9936,base_block_within_n_pattern_separation; five_families_and_both_arms_together,102,20,5,04_PROVENANCE/FROZEN_BOOTSTRAP_REGISTRY/,descriptive_paired_bootstrap; no_new_pvalue_family,6,0.00021179594820153191,-0.0030124208278903969,0.0033227598727402835
J6,J7,ALL,MacroF1,common_valid,0.77991333521782991,0.78000604086239378,-9.270564456387298e-05,-0.0034944906237867027,0.0031916274349534303,10200,9936,1.0000000000001705,0.97723684210542361,5000,-9.270564456387298e-05,higher_is_better,0.97723684210542361,9936,base_block_within_n_pattern_separation; five_families_and_both_arms_together,102,20,5,04_PROVENANCE/FROZEN_BOOTSTRAP_REGISTRY/,descriptive_paired_bootstrap; no_new_pvalue_family,6,-9.270564456387298e-05,-0.0034944906237867027,0.0031916274349534303
J6,J7,ALL,Extreme,common_valid,0.0026430092405583345,0.0025928640966860986,5.0145143872235877e-05,-0.00032250165758567726,0.00044176447296573654,10200,9936,1.0000000000001705,0.97723684210542361,5000,5.0145143872235877e-05,lower_is_better,0.97723684210542361,9936,base_block_within_n_pattern_separation; five_families_and_both_arms_together,102,20,5,04_PROVENANCE/FROZEN_BOOTSTRAP_REGISTRY/,descriptive_paired_bootstrap; no_new_pvalue_family,6,0.0050145143872235877,-0.032250165758567727,0.044176447296573655
