method_id,intended_task_count,valid_task_count,A_valid,full_data_failure_count,LOO_failure_count,LOO_successful_count,S_BW,S_tau,S_match,P_fit,J_SF,A_LOO,C_conditional,C_operational,rank_C_operational
EMAX|AUC250|JENKS,2550,2550,1,0,0,53100,0.8898975738854028,0.95394976433978784,0.94716259859451024,0.17106764470037042,0.87362573099415208,1,0.76714066250284474,0.76714066250284474,18
EMAX|AUC250|KMEANS,2550,2550,1,0,0,53100,0.88989187872926057,0.95390920282181257,0.94713660388049215,0.17106764470037042,0.87362573099415208,1,0.7671262122252176,0.7671262122252176,19
EMAX|AUC250|TERTILES,2550,2550,1,0,0,53100,0.81142201480893461,0.95965593489489009,0.93771829852109256,0.17106764470037042,1,1,0.77597277858505764,0.77597277858505764,6
EMAX|AUC250|TIED_GMM,2550,2550,1,0,15,53085,0.87865373089997889,0.94624929381297229,0.94156409635425642,0.17106764470037042,0.71074074074074078,0.9998429716265973,0.72965510130166367,0.72965510130166367,57
EMAX|AUC250|WARD,2550,2550,1,0,0,53100,0.88268846697192749,0.9371109610904228,0.93297966589607106,0.17106764470037042,0.84300194931773886,1,0.75336973759530612,0.75336973759530612,34
EMAX|EC50|JENKS,2550,2550,1,0,0,53100,0.92770614514559746,0.94761938452061556,0.95753205366660787,0.17106764470037042,0.70840155945419103,1,0.74246535749747655,0.74246535749747655,45
EMAX|EC50|KMEANS,2550,2550,1,0,0,53100,0.92769382531836242,0.94741359612721121,0.95735995959044407,0.17106764470037042,0.70840155945419103,1,0.74238731703811589,0.74238731703811589,46
EMAX|EC50|TERTILES,2550,2550,1,0,0,53100,0.7540143390988534,0.94872671476436787,0.93445562060524656,0.17106764470037042,1,1,0.76165286383376773,0.76165286383376773,25
EMAX|EC50|TIED_GMM,2550,2549,0.99976608187134508,1,30,53046,0.92180319144695444,0.94732372244466212,0.96526189588321276,0.17105002186802334,0.56132038683512708,0.99955588485069058,0.7133518436955959,0.7131849777672461,71
EMAX|EC50|WARD,2550,2550,1,0,0,53100,0.9234447835930133,0.93681440686378181,0.94969473079951405,0.17106764470037042,0.67980506822612086,1,0.73216532683656022,0.73216532683656022,54
EMAX|EMAX|JENKS,2550,2550,1,0,0,53100,0.88498862667063094,0.95262711134654721,0.94416182125461523,0.17106764470037042,0.84376218323586749,1,0.75932147744160627,0.75932147744160627,30
EMAX|EMAX|KMEANS,2550,2550,1,0,0,53100,0.88498342041614142,0.95261222731724837,0.94412818648024233,0.17106764470037042,0.84399610136452252,1,0.75935751605570501,0.75935751605570501,29
EMAX|EMAX|TERTILES,2550,2550,1,0,0,53100,0.79857826528007303,0.96016799195429692,0.93505908850038177,0.17106764470037042,1,1,0.7729745980870244,0.7729745980870244,9
EMAX|EMAX|TIED_GMM,2550,2549,0.99962962962962965,1,10,53072,0.87045725586013989,0.94263530969871179,0.93821815722287505,0.17107756203716312,0.66196057019168897,0.9998699973349453,0.71686977100211569,0.71660426367952235,65
EMAX|EMAX|WARD,2550,2550,1,0,0,53100,0.87738621651295012,0.93640513842671647,0.92985917728131207,0.17106764470037042,0.81489278752436656,1,0.74592219288914319,0.74592219288914319,42
EMAX|IC50|JENKS,2550,2540,0.9965692007797271,10,0,52908,0.93187695524725267,0.94448647777924166,0.96164508937688875,0.17057922100975301,0.61047648853767311,1,0.72381284639016175,0.72132958984114293,63
EMAX|IC50|KMEANS,2550,2540,0.9965692007797271,10,0,52908,0.93184581988198745,0.94400901212340416,0.96121721938509652,0.17057922100975301,0.61178702761912218,1,0.72388766000387261,0.72140414678436615,62
EMAX|IC50|TERTILES,2550,2540,0.9965692007797271,10,0,52908,0.71434593301169691,0.95300401059540119,0.93354841065694061,0.17057922100975301,1,1,0.75429551505475834,0.7517076785898531,36
EMAX|IC50|TIED_GMM,2550,2539,0.99633528265107207,11,40,52844,0.92583599986838649,0.94393849535385665,0.96713436356563498,0.1705975493020217,0.47478087337611513,0.99943479243839239,0.69645745629320299,0.69390513657033503,79
EMAX|IC50|WARD,2550,2540,0.9965692007797271,10,0,52908,0.92789573441291084,0.93639138127652255,0.95584366900917161,0.17057922100975301,0.58119474219544642,1,0.71438094958076082,0.71193005197596138,72
HILL|AUC250|JENKS,2550,2550,1,0,0,53100,0.88875803869243442,0.9531127304468141,0.9465987501779547,0.21792740703136437,0.85768031189083827,1,0.77281544764788113,0.77281544764788113,11
HILL|AUC250|KMEANS,2550,2550,1,0,0,53100,0.88875019577081971,0.95304763885034116,0.94640913964346707,0.21792740703136437,0.85805068226120862,1,0.77283701271144012,0.77283701271144012,10
HILL|AUC250|TERTILES,2550,2550,1,0,0,53100,0.80739393490192313,0.96001236804003609,0.93890241811073838,0.21792740703136437,1,1,0.78484722561681242,0.78484722561681242,2
HILL|AUC250|TIED_GMM,2550,2550,1,0,13,53087,0.87658103965728285,0.94552770727280366,0.94197016394958344,0.21792740703136437,0.69269005847953224,0.99987329434697858,0.73493927527811342,0.73493927527811342,52
HILL|AUC250|WARD,2550,2550,1,0,0,53100,0.88121136814740264,0.93633953174636886,0.93224653566361981,0.21792740703136437,0.83025341130604291,1,0.75959565077895974,0.75959565077895974,26
HILL|EC50|JENKS,2550,2550,1,0,0,53100,0.92633216808416241,0.94629804859668154,0.95620090530979862,0.21792740703136437,0.70432748538011702,1,0.75021720288042471,0.75021720288042471,38
HILL|EC50|KMEANS,2550,2550,1,0,0,53100,0.92632267744811869,0.94600076958093804,0.95592736758554864,0.21792740703136437,0.70502923976608189,1,0.75024149228241033,0.75024149228241033,37
HILL|EC50|TERTILES,2550,2550,1,0,0,53100,0.75722932092581952,0.94887488630616601,0.9347266233802638,0.21792740703136437,1,1,0.77175164752872283,0.77175164752872283,12
HILL|EC50|TIED_GMM,2550,2550,1,0,29,53071,0.92013310541704019,0.94663656874718971,0.96437030509310462,0.21792740703136437,0.54941520467836258,0.99961988304093563,0.71969651819341229,0.71969651819341229,64
HILL|EC50|WARD,2550,2550,1,0,0,53100,0.9222058360924229,0.93600579828433605,0.95038034445659347,0.21792740703136437,0.67421052631578959,1,0.74014598243610119,0.74014598243610119,49
HILL|EMAX|JENKS,2550,2550,1,0,0,53100,0.88638999142713404,0.954250435434711,0.94836916807451543,0.21792740703136437,0.83120857699805062,1,0.76762911579315507,0.76762911579315507,17
HILL|EMAX|KMEANS,2550,2550,1,0,0,53100,0.88638404857456887,0.95420964495171212,0.94832973169137458,0.21792740703136437,0.83144249512670565,1,0.76765866547514516,0.76765866547514516,16
HILL|EMAX|TERTILES,2550,2550,1,0,0,53100,0.79823515947062074,0.96050112364348217,0.93652690044847586,0.21792740703136437,1,1,0.78263811811878858,0.78263811811878858,3
HILL|EMAX|TIED_GMM,2550,2550,1,0,13,53087,0.87327666164453555,0.94505637965090017,0.94129085625076125,0.21792740703136437,0.6724561403508772,0.99986246480398533,0.73000148898568762,0.73000148898568762,56
HILL|EMAX|WARD,2550,2550,1,0,0,53100,0.87862562026227931,0.93715696654041691,0.93136588631386941,0.21792740703136437,0.81925925925925924,1,0.75686702788143789,0.75686702788143789,31
HILL|IC50|JENKS,2550,2521,0.99157894736842112,29,0,52476,0.93242917606251452,0.94468234279924113,0.96454742441424901,0.21788813672119939,0.59361484626877403,1,0.73063238525319574,0.72447969148264257,61
HILL|IC50|KMEANS,2550,2521,0.99157894736842112,29,0,52476,0.93240686170907683,0.94419562910651966,0.96395619560362666,0.21788813672119939,0.59493198081308485,1,0.73067576079070162,0.72452270175246414,60
HILL|IC50|TERTILES,2550,2521,0.99157894736842112,29,0,52476,0.70860918660633754,0.95391930935057512,0.93391508031533166,0.21788813672119939,1,1,0.7628663425986888,0.75644220497680514,32
HILL|IC50|TIED_GMM,2550,2518,0.9907407407407407,32,39,52371,0.92630809190260033,0.94364005295902342,0.96764731902308221,0.21790556178940867,0.46811608460403348,0.99945236924085923,0.70472342205562966,0.69819820518474418,78
HILL|IC50|WARD,2550,2521,0.99157894736842112,29,0,52476,0.92896544764566547,0.93729864425248066,0.9591802512273,0.21788813672119939,0.56794055201698512,1,0.72225460637272609,0.71617246231906107,68
LOGISTIC|AUC250|JENKS,2550,2550,1,0,0,53100,0.88797418623669411,0.95366187911416034,0.94808439500127861,0.17312148155812401,0.85183235867446394,1,0.76293486011694422,0.76293486011694422,22
LOGISTIC|AUC250|KMEANS,2550,2550,1,0,0,53100,0.8879738614555116,0.95365284969108621,0.94807932949640938,0.17312148155812401,0.85183235867446394,1,0.7629319761751191,0.7629319761751191,23
LOGISTIC|AUC250|TERTILES,2550,2550,1,0,0,53100,0.8049171858222276,0.96021005315412045,0.93798655906288964,0.17312148155812401,1,1,0.77524705591947218,0.77524705591947218,7
LOGISTIC|AUC250|TIED_GMM,2550,2549,0.99976608187134508,1,13,53063,0.87576384882232972,0.94560748904988445,0.94324220033711981,0.17307672351365164,0.68930354078926848,0.99985160054766975,0.72539876050245078,0.72522907658186542,59
LOGISTIC|AUC250|WARD,2550,2550,1,0,0,53100,0.88065939935989035,0.9372553196193999,0.933510881266996,0.17312148155812401,0.82050682261208585,1,0.74901078088329909,0.74901078088329909,39
LOGISTIC|EC50|JENKS,2550,2550,1,0,0,53100,0.92630550493830976,0.94628696215285624,0.95727146261154283,0.17312148155812401,0.70354775828460037,1,0.74130663390908669,0.74130663390908669,48
LOGISTIC|EC50|KMEANS,2550,2550,1,0,0,53100,0.92628840945754987,0.94590460354774875,0.95694818174706153,0.17312148155812401,0.7046198830409357,1,0.74137651187028397,0.74137651187028397,47
LOGISTIC|EC50|TERTILES,2550,2550,1,0,0,53100,0.75506516547856428,0.94936378223774853,0.93442466578815853,0.17312148155812401,1,1,0.76239501901251905,0.76239501901251905,24
LOGISTIC|EC50|TIED_GMM,2550,2548,0.99939571150097462,2,25,53033,0.9200977370408524,0.94738267856346992,0.9651788474334444,0.17307627297326847,0.54730929021435959,0.99962615485641093,0.71060896524507899,0.71017955242007702,73
LOGISTIC|EC50|WARD,2550,2550,1,0,0,53100,0.92200064976540275,0.93554178281315914,0.95032538976518766,0.17312148155812401,0.67001949317738796,1,0.7302017594158523,0.7302017594158523,55
LOGISTIC|EMAX|JENKS,2550,2550,1,0,0,53100,0.88492891480889035,0.95253199225357377,0.94398393572058636,0.17312148155812401,0.84327485380116962,1,0.75956823562846876,0.75956823562846876,27
LOGISTIC|EMAX|KMEANS,2550,2550,1,0,0,53100,0.88492763731536672,0.95249029350435443,0.94391997069045819,0.17312148155812401,0.84327485380116962,1,0.75954684737389444,0.75954684737389444,28
LOGISTIC|EMAX|TERTILES,2550,2550,1,0,0,53100,0.79645908997582693,0.96071446320315523,0.93549312629993531,0.17312148155812401,1,1,0.7731576322074083,0.7731576322074083,8
LOGISTIC|EMAX|TIED_GMM,2550,2549,0.99976608187134508,1,21,53055,0.87115195827632241,0.94252090653219045,0.93862941605321804,0.17313538841497608,0.65728825456247064,0.99979527374824528,0.71654518476783557,0.71637757185911799,66
LOGISTIC|EMAX|WARD,2550,2550,1,0,0,53100,0.87710565250772676,0.9363457243095048,0.93096979944486558,0.17312148155812401,0.8095321637426901,1,0.74541496431258225,0.74541496431258225,43
LOGISTIC|IC50|JENKS,2550,2479,0.97152046783625745,71,0,51618,0.93009673546637861,0.94469952160020276,0.96221245286113621,0.17463130728824616,0.6311523104396155,1,0.72855846553111581,0.70780946127885547,74
LOGISTIC|IC50|KMEANS,2550,2479,0.97152046783625745,71,0,51618,0.93006781380611159,0.9442319608458174,0.96177903543322096,0.17463130728824616,0.63187463632897933,1,0.72851695074047507,0.70776912881003007,75
LOGISTIC|IC50|TERTILES,2550,2479,0.97152046783625745,71,0,51618,0.73065254265802793,0.95170456438421258,0.93413651206867931,0.17463130728824616,1,1,0.75822498527983306,0.73663109242420288,51
LOGISTIC|IC50|TIED_GMM,2550,2478,0.97003898635477581,72,51,51555,0.92418456465838472,0.94424758226140348,0.96567186964171303,0.17485884775140748,0.50272290657717589,0.99933127468645833,0.7023371541780169,0.68129442111814142,81
LOGISTIC|IC50|WARD,2550,2479,0.97152046783625745,71,0,51618,0.92657498734615173,0.93742642180327751,0.95739898087989683,0.17463130728824616,0.61217119123577923,1,0.72164057771067025,0.70108859166709747,77
TRIOS,2550,2550,1,0,12,53088,0.9061734211423863,0.94436731021642739,0.94817542533577825,0.2330433045120639,1,0.99988304093567248,0.80635189224133119,0.80635189224133119,1
WEIBULL|AUC250|JENKS,2550,2550,1,0,0,53100,0.88817744829315448,0.95321231762581315,0.94602220043707752,0.20484016219807727,0.85239766081871349,1,0.7689299578745673,0.7689299578745673,13
WEIBULL|AUC250|KMEANS,2550,2550,1,0,0,53100,0.88817062444823947,0.95313709571492011,0.94593070603051221,0.20484016219807727,0.85239766081871349,1,0.76889524984209257,0.76889524984209257,15
WEIBULL|AUC250|TERTILES,2550,2550,1,0,0,53100,0.80567967538903607,0.96023912371430276,0.93871233479941019,0.20484016219807727,1,1,0.7818942592201652,0.7818942592201652,4
WEIBULL|AUC250|TIED_GMM,2550,2549,0.99976608187134508,1,14,53062,0.87613860074529559,0.9461779638720873,0.94452742148488733,0.20481546118543292,0.69228669474340976,0.99984185167853867,0.73278922840622263,0.73261781572121532,53
WEIBULL|AUC250|WARD,2550,2550,1,0,0,53100,0.8810241091941764,0.93696651521187868,0.93181604205085689,0.20484016219807727,0.81547758284600391,1,0.7540248823001986,0.7540248823001986,33
WEIBULL|EC50|JENKS,2550,2550,1,0,0,53100,0.92627845327022795,0.94615398036435405,0.95571912527012803,0.20484016219807727,0.71048732943469795,1,0.74869581010749719,0.74869581010749719,41
WEIBULL|EC50|KMEANS,2550,2550,1,0,0,53100,0.92626722236389702,0.94589381341847067,0.95553798363013953,0.20484016219807727,0.71109161793372322,1,0.7487261599088616,0.7487261599088616,40
WEIBULL|EC50|TERTILES,2550,2550,1,0,0,53100,0.75627171428579676,0.94895628083608308,0.93445192076919281,0.20484016219807727,1,1,0.76890401561782995,0.76890401561782995,14
WEIBULL|EC50|TIED_GMM,2550,2549,0.99976608187134508,1,25,53051,0.92013877781238596,0.94668038780894104,0.96346186035115033,0.2048477802982677,0.54695055373576662,0.99960462919634652,0.71641587200130219,0.71624828934118501,67
WEIBULL|EC50|WARD,2550,2550,1,0,0,53100,0.9221544765205878,0.93537223246433021,0.94916129256097326,0.20484016219807727,0.67805068226120857,1,0.73791576920103541,0.73791576920103541,50
WEIBULL|EMAX|JENKS,2550,2550,1,0,0,53100,0.88562977299249357,0.95309039524170847,0.9464440668741172,0.20484016219807727,0.8328460038986355,1,0.76457008024100637,0.76457008024100637,20
WEIBULL|EMAX|KMEANS,2550,2550,1,0,0,53100,0.88562455570471132,0.95305003641183283,0.94639529704781367,0.20484016219807727,0.83247563352826515,1,0.76447713697814001,0.76447713697814001,21
WEIBULL|EMAX|TERTILES,2550,2550,1,0,0,53100,0.79667906279111322,0.9610904343477189,0.9357620974218992,0.20484016219807727,1,1,0.77967435135176166,0.77967435135176166,5
WEIBULL|EMAX|TIED_GMM,2550,2550,1,0,23,53077,0.87256698946410016,0.94361772645663033,0.93919251077360522,0.20484016219807727,0.66957115009746593,0.99977582846003898,0.72595770779797586,0.72595770779797586,58
WEIBULL|EMAX|WARD,2550,2550,1,0,0,53100,0.87758999666323434,0.93608524068931098,0.93098217966538377,0.20484016219807727,0.8117153996101365,1,0.75224259576522856,0.75224259576522856,35
WEIBULL|IC50|JENKS,2550,2492,0.97621832358674465,58,0,51900,0.93040376646656331,0.9447627743836241,0.96319605373929229,0.20573361214815908,0.61022364217252389,1,0.73086396978203261,0.71348279935056902,70
WEIBULL|IC50|KMEANS,2550,2492,0.97621832358674465,58,0,51900,0.93038309641114803,0.94448593918566492,0.96291586869372892,0.20573361214815908,0.6109424920127795,1,0.73089220169029612,0.71351035985672573,69
WEIBULL|IC50|TERTILES,2550,2492,0.97621832358674465,58,0,51900,0.72332691168727903,0.95277844455401639,0.93414838260036293,0.20573361214815908,1,1,0.76319747019796336,0.74504735492230034,44
WEIBULL|IC50|TIED_GMM,2550,2492,0.97621832358674465,58,63,51837,0.92436546322763191,0.94377440901670051,0.9662771404169006,0.20573361214815908,0.48718051118210859,0.99913804579339716,0.70546622719830021,0.68868905766259014,80
WEIBULL|IC50|WARD,2550,2492,0.97621832358674465,58,0,51900,0.92696272124736656,0.93751721669232968,0.95759553375242323,0.20573361214815908,0.59458865814696493,1,0.72447954839744866,0.70725021020943912,76
