method_id,ARI,BA,MacroF1,Extreme_LH,C_operational,rank_ARI,rank_BA,rank_MacroF1,rank_Extreme_LH,rank_C_operational,representation,method_family
EMAX|AUC250|JENKS,0.17722719078956892,0.56041558537123848,0.53996941057024817,0.036681828026857266,0.76714066250284474,44,25,21,40,18,AUC250,CONVENTIONAL_AUC250
EMAX|AUC250|KMEANS,0.17718602047500287,0.56043914736263667,0.53999533132272104,0.036712150747238464,0.7671262122252176,45,24,20,41,19,AUC250,CONVENTIONAL_AUC250
EMAX|AUC250|TERTILES,0.17373647071281145,0.58266916225785614,0.55720803634123484,0.052736625514403293,0.77597277858505764,46,22,10,57,6,AUC250,CONVENTIONAL_AUC250
EMAX|AUC250|TIED_GMM,0.17724254082066399,0.53593700368651631,0.50996073424373145,0.037188650638943034,0.72965510130166367,43,44,33,42,57,AUC250,CONVENTIONAL_AUC250
EMAX|AUC250|WARD,0.18014313662799733,0.555604936973358,0.53171013906742604,0.039828893220706083,0.75336973759530612,42,29,26,43,34,AUC250,CONVENTIONAL_AUC250
EMAX|EC50|JENKS,0.39091889106492184,0.58317830418805072,0.53812406368137111,0.016432748538011695,0.74246535749747655,20,21,24,17,45,EC50,CONVENTIONAL
EMAX|EC50|KMEANS,0.3911092554205573,0.58329841929062209,0.53823940108811652,0.016403508771929823,0.74238731703811589,18,20,23,16,46,EC50,CONVENTIONAL
EMAX|EC50|TERTILES,0.45745398010064375,0.78543300254362625,0.7493455914404159,0.0050736408923543422,0.76165286383376773,3,5,5,4,25,EC50,CONVENTIONAL
EMAX|EC50|TIED_GMM,0.35303441234452054,0.52958528186992937,0.47401447266638597,0.028596682784796962,0.7131849777672461,32,50,57,37,71,EC50,CONVENTIONAL
EMAX|EC50|WARD,0.39171744620268734,0.5839170616041961,0.53638586476657824,0.019432531947151832,0.73216532683656022,17,19,25,21,54,EC50,CONVENTIONAL
EMAX|EMAX|JENKS,0.019293246636165579,0.38016776107078254,0.35687052768349853,0.14187675980073639,0.75932147744160627,63,75,72,67,30,EMAX,CONVENTIONAL
EMAX|EMAX|KMEANS,0.019237543337693588,0.38009901370378951,0.35682552569894715,0.14183560753736191,0.75935751605570501,64,76,73,66,29,EMAX,CONVENTIONAL
EMAX|EMAX|TERTILES,0.017378113957993761,0.38799920516635911,0.3747445059829233,0.16820771063461121,0.7729745980870244,69,62,62,78,9,EMAX,CONVENTIONAL
EMAX|EMAX|TIED_GMM,0.017281298080049853,0.37613537410489495,0.34289795165723191,0.13568269816197898,0.71660426367952235,70,80,80,62,65,EMAX,CONVENTIONAL
EMAX|EMAX|WARD,0.017822650597720639,0.37873022580624921,0.35326834595360807,0.14461663417803766,0.74592219288914319,68,77,77,74,42,EMAX,CONVENTIONAL
EMAX|IC50|JENKS,0.35103577593052543,0.54721394186811612,0.49756163919220764,0.026302062958036668,0.72132958984114293,36,36,45,31,63,IC50,CONVENTIONAL
EMAX|IC50|KMEANS,0.35154447014168078,0.54750535059587557,0.49793738546337046,0.026110806840014256,0.72140414678436615,34,34,44,30,62,IC50,CONVENTIONAL
EMAX|IC50|TERTILES,0.4265605077919481,0.77344540829743491,0.73762635226495321,0.006018047622773387,0.7517076785898531,9,9,9,9,36,IC50,CONVENTIONAL
EMAX|IC50|TIED_GMM,0.31709363462881568,0.50249368806312389,0.44178997948679372,0.041291673188292376,0.69390513657033503,41,59,60,45,79,IC50,CONVENTIONAL
EMAX|IC50|WARD,0.35231504463683583,0.54606235340479525,0.49425209775362955,0.027850585504524943,0.71193005197596138,33,37,47,34,72,IC50,CONVENTIONAL
HILL|AUC250|JENKS,0.15183500418902027,0.53922870628036312,0.51851253929881924,0.043546675330301057,0.77281544764788113,49,40,29,46,11,AUC250,CONVENTIONAL_AUC250
HILL|AUC250|KMEANS,0.15181063412087489,0.53924146209721258,0.51850164098461493,0.043679878709118478,0.77283701271144012,50,39,30,47,10,AUC250,CONVENTIONAL_AUC250
HILL|AUC250|TERTILES,0.14995242528113961,0.56277425801402403,0.53831397100037914,0.061880008663634391,0.78484722561681242,51,23,22,59,2,AUC250,CONVENTIONAL_AUC250
HILL|AUC250|TIED_GMM,0.15201220697117113,0.5153398689607267,0.48870978072802773,0.045651938488195792,0.73493927527811342,48,55,49,48,52,AUC250,CONVENTIONAL_AUC250
HILL|AUC250|WARD,0.15428627180455537,0.53748720263924943,0.51344773361554497,0.047064110894520249,0.75959565077895974,47,43,31,51,26,AUC250,CONVENTIONAL_AUC250
HILL|EC50|JENKS,0.39473200791543395,0.58729798549584122,0.54250452472483235,0.015867446393762183,0.75021720288042471,14,18,16,11,38,EC50,CONVENTIONAL
HILL|EC50|KMEANS,0.39473827947516016,0.58739150070923951,0.54263648463729619,0.015827377084687025,0.75024149228241033,13,17,15,10,37,EC50,CONVENTIONAL
HILL|EC50|TERTILES,0.45704193251431702,0.78663931377625329,0.75048943484686126,0.0051960147281784703,0.77175164752872283,4,3,3,7,12,EC50,CONVENTIONAL
HILL|EC50|TIED_GMM,0.35739931310727246,0.53342243261395306,0.47773368542798322,0.027671648256443575,0.71969651819341229,30,47,54,33,64,EC50,CONVENTIONAL
HILL|EC50|WARD,0.396460829551886,0.58843798609880471,0.54111753678738972,0.018422135585878276,0.74014598243610119,11,13,18,20,49,EC50,CONVENTIONAL
HILL|EMAX|JENKS,0.018307479792043689,0.38149901569443478,0.35816918841190826,0.14317847086852936,0.76762911579315507,66,73,69,68,17,EMAX,CONVENTIONAL
HILL|EMAX|KMEANS,0.018265746994571438,0.38154060113952903,0.35822097782132922,0.14318821745722332,0.76765866547514516,67,72,68,69,16,EMAX,CONVENTIONAL
HILL|EMAX|TERTILES,0.019392378973374105,0.38624618529979149,0.37334511290140215,0.1716081871345029,0.78263811811878858,62,64,64,79,3,EMAX,CONVENTIONAL
HILL|EMAX|TIED_GMM,0.018870606236063965,0.37526600154231732,0.3426192122048487,0.13724496426250812,0.73000148898568762,65,81,81,63,56,EMAX,CONVENTIONAL
HILL|EMAX|WARD,0.013440296770697623,0.38119405489824587,0.35511267664767354,0.14577864414121725,0.75686702788143789,76,74,74,75,31,EMAX,CONVENTIONAL
HILL|IC50|JENKS,0.35092564362722367,0.53787523964157591,0.48755064592674568,0.024976409530549654,0.72447969148264257,37,42,51,29,61,IC50,CONVENTIONAL
HILL|IC50|KMEANS,0.35136507228871927,0.53809424719427068,0.48782687967673299,0.024836614156029113,0.72452270175246414,35,41,50,28,60,IC50,CONVENTIONAL
HILL|IC50|TERTILES,0.43837113245548548,0.77980404894820632,0.74389758345578305,0.0052270364254322728,0.75644220497680514,8,8,8,8,32,IC50,CONVENTIONAL
HILL|IC50|TIED_GMM,0.321836216360122,0.49928322916812834,0.43793760138131194,0.039879761709569875,0.69819820518474418,40,61,61,44,78,IC50,CONVENTIONAL
HILL|IC50|WARD,0.35355510868714296,0.54169902458757924,0.48928086592695863,0.02644316881165194,0.71617246231906107,31,38,48,32,68,IC50,CONVENTIONAL
LOGISTIC|AUC250|JENKS,0.13172372891877088,0.52237436009950622,0.50139535338388797,0.049220272904483428,0.76293486011694422,61,53,41,53,22,AUC250,CONVENTIONAL_AUC250
LOGISTIC|AUC250|KMEANS,0.13176789581422299,0.52241079377629074,0.50142969057222131,0.049220272904483428,0.7629319761751191,60,52,40,53,23,AUC250,CONVENTIONAL_AUC250
LOGISTIC|AUC250|TERTILES,0.1321933867915186,0.54738886671050402,0.52389207807280436,0.069091401342863318,0.77524705591947218,59,35,28,61,7,AUC250,CONVENTIONAL_AUC250
LOGISTIC|AUC250|TIED_GMM,0.13401202188837541,0.5013768607386998,0.47442852748678233,0.050058276573250834,0.72522907658186542,58,60,56,55,59,AUC250,CONVENTIONAL_AUC250
LOGISTIC|AUC250|WARD,0.13578190111370833,0.52074565402830508,0.49634658066510745,0.05366255144032922,0.74901078088329909,57,54,46,58,39,AUC250,CONVENTIONAL_AUC250
LOGISTIC|EC50|JENKS,0.39054057667019271,0.58779863793703946,0.54274309705723578,0.016304959930690924,0.74130663390908669,21,16,14,15,48,EC50,CONVENTIONAL
LOGISTIC|EC50|KMEANS,0.3909933844068893,0.5882556141064913,0.54324114869497109,0.016295213341996968,0.74137651187028397,19,15,13,14,47,EC50,CONVENTIONAL
LOGISTIC|EC50|TERTILES,0.45956576264314841,0.78790564240466765,0.75178754058711894,0.0050801386181503136,0.76239501901251905,2,2,2,5,24,EC50,CONVENTIONAL
LOGISTIC|EC50|TIED_GMM,0.35788997022919422,0.53447744905984784,0.4785954580040257,0.027951697040230074,0.71017955242007702,28,45,53,35,73,EC50,CONVENTIONAL
LOGISTIC|EC50|WARD,0.39545892502918539,0.58832219087677173,0.54086117183702409,0.01794130387697639,0.7302017594158523,12,14,19,19,55,EC50,CONVENTIONAL
LOGISTIC|EMAX|JENKS,0.013213581895078383,0.38234241393939244,0.35780194991225839,0.14347086852934807,0.75956823562846876,78,69,71,70,27,EMAX,CONVENTIONAL
LOGISTIC|EMAX|KMEANS,0.013230338759453154,0.38238611888075824,0.35783739283557386,0.14350010829542992,0.75954684737389444,77,68,70,71,28,EMAX,CONVENTIONAL
LOGISTIC|EMAX|TERTILES,0.010823342231095191,0.38735828363752339,0.37409080490430802,0.17259367554689192,0.7731576322074083,81,63,63,80,8,EMAX,CONVENTIONAL
LOGISTIC|EMAX|TIED_GMM,0.012690635483670996,0.37867280577271212,0.34438187938752535,0.1384848524237855,0.71637757185911799,79,78,78,65,66,EMAX,CONVENTIONAL
LOGISTIC|EMAX|WARD,0.011478066213921487,0.38203883848084619,0.35457453206774564,0.1469590643274854,0.74541496431258225,80,71,75,76,43,EMAX,CONVENTIONAL
LOGISTIC|IC50|JENKS,0.36904149387253549,0.5577848239689368,0.50980899453521367,0.020703331393754552,0.70780946127885547,24,28,34,23,74,IC50,CONVENTIONAL
LOGISTIC|IC50|KMEANS,0.36912342709382107,0.55799852184410459,0.51006960184318195,0.02066320217767879,0.70776912881003007,23,27,32,22,75,IC50,CONVENTIONAL
LOGISTIC|IC50|TERTILES,0.44628801857794642,0.78424112987958561,0.74814689753427033,0.0041957324808104312,0.73663109242420288,6,6,6,2,51,IC50,CONVENTIONAL
LOGISTIC|IC50|TIED_GMM,0.33640271771548019,0.51250368832106263,0.45436136920456532,0.033790165383919782,0.68129442111814142,38,56,58,38,81,IC50,CONVENTIONAL
LOGISTIC|IC50|WARD,0.36923236448039626,0.55950972493288742,0.50959345071572737,0.022223782802847387,0.70108859166709747,22,26,36,26,77,IC50,CONVENTIONAL
TRIOS,0.5275791786431967,0.80750223449931036,0.78582379593684049,0.003977691141433831,0.80635189224133119,1,1,1,1,1,CRS,TRIOS
WEIBULL|AUC250|JENKS,0.14244092717682702,0.53009040758894566,0.50955732107756013,0.046610353043101571,0.7689299578745673,53,49,37,49,13,AUC250,CONVENTIONAL_AUC250
WEIBULL|AUC250|KMEANS,0.14243734137531477,0.53030342469962355,0.50975553484338065,0.04662984622048949,0.76889524984209257,54,48,35,50,15,AUC250,CONVENTIONAL_AUC250
WEIBULL|AUC250|TERTILES,0.14038231903933859,0.55337283868034359,0.52949422679921454,0.066366688325752654,0.7818942592201652,56,30,27,60,4,AUC250,CONVENTIONAL_AUC250
WEIBULL|AUC250|TIED_GMM,0.14215739272472919,0.50770128159722216,0.48083604077340625,0.048230905214995047,0.73261781572121532,55,57,52,52,53,AUC250,CONVENTIONAL_AUC250
WEIBULL|AUC250|WARD,0.14631218895082784,0.5284582340805537,0.5039129994039625,0.050706086203162228,0.7540248823001986,52,51,38,56,33,AUC250,CONVENTIONAL_AUC250
WEIBULL|EC50|JENKS,0.39402270675594175,0.58883645541881413,0.54396721687839755,0.016087286116525882,0.74869581010749719,16,12,12,13,41,EC50,CONVENTIONAL
WEIBULL|EC50|KMEANS,0.3942577450089037,0.58913674122787185,0.54427683681765704,0.016047216807450724,0.7487261599088616,15,11,11,12,40,EC50,CONVENTIONAL
WEIBULL|EC50|TERTILES,0.45690875519432728,0.78626485497391929,0.7502125895628402,0.0051667749620965993,0.76890401561782995,5,4,4,6,14,EC50,CONVENTIONAL
WEIBULL|EC50|TIED_GMM,0.35767342038235206,0.53370037500974554,0.47758687363479124,0.028279302934192965,0.71624828934118501,29,46,55,36,67,EC50,CONVENTIONAL
WEIBULL|EC50|WARD,0.39923733650251303,0.5893945830719709,0.54195055431174799,0.017853584578730777,0.73791576920103541,10,10,17,18,50,EC50,CONVENTIONAL
WEIBULL|EMAX|JENKS,0.015914676881007547,0.38410180158084634,0.35931157094950905,0.14357808100498159,0.76457008024100637,73,66,66,72,20,EMAX,CONVENTIONAL
WEIBULL|EMAX|KMEANS,0.016059510544261406,0.38403269838601217,0.3592420627884001,0.14358782759367555,0.76447713697814001,72,67,67,73,21,EMAX,CONVENTIONAL
WEIBULL|EMAX|TERTILES,0.015893851821404726,0.38552697652502721,0.37236502224660106,0.1726716482564436,0.77967435135176166,74,65,65,81,5,EMAX,CONVENTIONAL
WEIBULL|EMAX|TIED_GMM,0.016639095764914874,0.37867055940593947,0.34431686783721671,0.13808208793588911,0.72595770779797586,71,79,79,64,58,EMAX,CONVENTIONAL
WEIBULL|EMAX|WARD,0.013722855283585472,0.38219177708797591,0.35423138685290723,0.14768680961663416,0.75224259576522856,75,70,76,77,35,EMAX,CONVENTIONAL
WEIBULL|IC50|JENKS,0.36237276570599569,0.54953884751209037,0.500913235066337,0.021547745828895983,0.71348279935056902,26,33,43,24,70,IC50,CONVENTIONAL
WEIBULL|IC50|KMEANS,0.36216568244905362,0.54979415042713764,0.50117180024189867,0.021674210152644657,0.71351035985672573,27,32,42,25,69,IC50,CONVENTIONAL
WEIBULL|IC50|TERTILES,0.44568509514232479,0.78360563120097859,0.74755101454255246,0.0044650780972665949,0.74504735492230034,7,7,7,3,44,IC50,CONVENTIONAL
WEIBULL|IC50|TIED_GMM,0.32997897984442698,0.50720044423169419,0.44803103426214719,0.035914758608448706,0.68868905766259014,39,58,59,39,80,IC50,CONVENTIONAL
WEIBULL|IC50|WARD,0.36353702020601447,0.55299927480887934,0.5024889173333581,0.023165157969471068,0.70725021020943912,25,31,39,27,76,IC50,CONVENTIONAL
