method_id,curve_model,representation,stratifier,method_family
EMAX|AUC250|JENKS,EMAX,AUC250,JENKS,CONVENTIONAL_AUC250
EMAX|AUC250|KMEANS,EMAX,AUC250,KMEANS,CONVENTIONAL_AUC250
EMAX|AUC250|TERTILES,EMAX,AUC250,TERTILES,CONVENTIONAL_AUC250
EMAX|AUC250|TIED_GMM,EMAX,AUC250,TIED_GMM,CONVENTIONAL_AUC250
EMAX|AUC250|WARD,EMAX,AUC250,WARD,CONVENTIONAL_AUC250
EMAX|EC50|JENKS,EMAX,EC50,JENKS,CONVENTIONAL
EMAX|EC50|KMEANS,EMAX,EC50,KMEANS,CONVENTIONAL
EMAX|EC50|TERTILES,EMAX,EC50,TERTILES,CONVENTIONAL
EMAX|EC50|TIED_GMM,EMAX,EC50,TIED_GMM,CONVENTIONAL
EMAX|EC50|WARD,EMAX,EC50,WARD,CONVENTIONAL
EMAX|EMAX|JENKS,EMAX,EMAX,JENKS,CONVENTIONAL
EMAX|EMAX|KMEANS,EMAX,EMAX,KMEANS,CONVENTIONAL
EMAX|EMAX|TERTILES,EMAX,EMAX,TERTILES,CONVENTIONAL
EMAX|EMAX|TIED_GMM,EMAX,EMAX,TIED_GMM,CONVENTIONAL
EMAX|EMAX|WARD,EMAX,EMAX,WARD,CONVENTIONAL
EMAX|IC50|JENKS,EMAX,IC50,JENKS,CONVENTIONAL
EMAX|IC50|KMEANS,EMAX,IC50,KMEANS,CONVENTIONAL
EMAX|IC50|TERTILES,EMAX,IC50,TERTILES,CONVENTIONAL
EMAX|IC50|TIED_GMM,EMAX,IC50,TIED_GMM,CONVENTIONAL
EMAX|IC50|WARD,EMAX,IC50,WARD,CONVENTIONAL
HILL|AUC250|JENKS,HILL,AUC250,JENKS,CONVENTIONAL_AUC250
HILL|AUC250|KMEANS,HILL,AUC250,KMEANS,CONVENTIONAL_AUC250
HILL|AUC250|TERTILES,HILL,AUC250,TERTILES,CONVENTIONAL_AUC250
HILL|AUC250|TIED_GMM,HILL,AUC250,TIED_GMM,CONVENTIONAL_AUC250
HILL|AUC250|WARD,HILL,AUC250,WARD,CONVENTIONAL_AUC250
HILL|EC50|JENKS,HILL,EC50,JENKS,CONVENTIONAL
HILL|EC50|KMEANS,HILL,EC50,KMEANS,CONVENTIONAL
HILL|EC50|TERTILES,HILL,EC50,TERTILES,CONVENTIONAL
HILL|EC50|TIED_GMM,HILL,EC50,TIED_GMM,CONVENTIONAL
HILL|EC50|WARD,HILL,EC50,WARD,CONVENTIONAL
HILL|EMAX|JENKS,HILL,EMAX,JENKS,CONVENTIONAL
HILL|EMAX|KMEANS,HILL,EMAX,KMEANS,CONVENTIONAL
HILL|EMAX|TERTILES,HILL,EMAX,TERTILES,CONVENTIONAL
HILL|EMAX|TIED_GMM,HILL,EMAX,TIED_GMM,CONVENTIONAL
HILL|EMAX|WARD,HILL,EMAX,WARD,CONVENTIONAL
HILL|IC50|JENKS,HILL,IC50,JENKS,CONVENTIONAL
HILL|IC50|KMEANS,HILL,IC50,KMEANS,CONVENTIONAL
HILL|IC50|TERTILES,HILL,IC50,TERTILES,CONVENTIONAL
HILL|IC50|TIED_GMM,HILL,IC50,TIED_GMM,CONVENTIONAL
HILL|IC50|WARD,HILL,IC50,WARD,CONVENTIONAL
LOGISTIC|AUC250|JENKS,LOGISTIC,AUC250,JENKS,CONVENTIONAL_AUC250
LOGISTIC|AUC250|KMEANS,LOGISTIC,AUC250,KMEANS,CONVENTIONAL_AUC250
LOGISTIC|AUC250|TERTILES,LOGISTIC,AUC250,TERTILES,CONVENTIONAL_AUC250
LOGISTIC|AUC250|TIED_GMM,LOGISTIC,AUC250,TIED_GMM,CONVENTIONAL_AUC250
LOGISTIC|AUC250|WARD,LOGISTIC,AUC250,WARD,CONVENTIONAL_AUC250
LOGISTIC|EC50|JENKS,LOGISTIC,EC50,JENKS,CONVENTIONAL
LOGISTIC|EC50|KMEANS,LOGISTIC,EC50,KMEANS,CONVENTIONAL
LOGISTIC|EC50|TERTILES,LOGISTIC,EC50,TERTILES,CONVENTIONAL
LOGISTIC|EC50|TIED_GMM,LOGISTIC,EC50,TIED_GMM,CONVENTIONAL
LOGISTIC|EC50|WARD,LOGISTIC,EC50,WARD,CONVENTIONAL
LOGISTIC|EMAX|JENKS,LOGISTIC,EMAX,JENKS,CONVENTIONAL
LOGISTIC|EMAX|KMEANS,LOGISTIC,EMAX,KMEANS,CONVENTIONAL
LOGISTIC|EMAX|TERTILES,LOGISTIC,EMAX,TERTILES,CONVENTIONAL
LOGISTIC|EMAX|TIED_GMM,LOGISTIC,EMAX,TIED_GMM,CONVENTIONAL
LOGISTIC|EMAX|WARD,LOGISTIC,EMAX,WARD,CONVENTIONAL
LOGISTIC|IC50|JENKS,LOGISTIC,IC50,JENKS,CONVENTIONAL
LOGISTIC|IC50|KMEANS,LOGISTIC,IC50,KMEANS,CONVENTIONAL
LOGISTIC|IC50|TERTILES,LOGISTIC,IC50,TERTILES,CONVENTIONAL
LOGISTIC|IC50|TIED_GMM,LOGISTIC,IC50,TIED_GMM,CONVENTIONAL
LOGISTIC|IC50|WARD,LOGISTIC,IC50,WARD,CONVENTIONAL
TRIOS,SPLINE,CRS,TRIOS_ADMISSIBLE_BREAKS,TRIOS
WEIBULL|AUC250|JENKS,WEIBULL,AUC250,JENKS,CONVENTIONAL_AUC250
WEIBULL|AUC250|KMEANS,WEIBULL,AUC250,KMEANS,CONVENTIONAL_AUC250
WEIBULL|AUC250|TERTILES,WEIBULL,AUC250,TERTILES,CONVENTIONAL_AUC250
WEIBULL|AUC250|TIED_GMM,WEIBULL,AUC250,TIED_GMM,CONVENTIONAL_AUC250
WEIBULL|AUC250|WARD,WEIBULL,AUC250,WARD,CONVENTIONAL_AUC250
WEIBULL|EC50|JENKS,WEIBULL,EC50,JENKS,CONVENTIONAL
WEIBULL|EC50|KMEANS,WEIBULL,EC50,KMEANS,CONVENTIONAL
WEIBULL|EC50|TERTILES,WEIBULL,EC50,TERTILES,CONVENTIONAL
WEIBULL|EC50|TIED_GMM,WEIBULL,EC50,TIED_GMM,CONVENTIONAL
WEIBULL|EC50|WARD,WEIBULL,EC50,WARD,CONVENTIONAL
WEIBULL|EMAX|JENKS,WEIBULL,EMAX,JENKS,CONVENTIONAL
WEIBULL|EMAX|KMEANS,WEIBULL,EMAX,KMEANS,CONVENTIONAL
WEIBULL|EMAX|TERTILES,WEIBULL,EMAX,TERTILES,CONVENTIONAL
WEIBULL|EMAX|TIED_GMM,WEIBULL,EMAX,TIED_GMM,CONVENTIONAL
WEIBULL|EMAX|WARD,WEIBULL,EMAX,WARD,CONVENTIONAL
WEIBULL|IC50|JENKS,WEIBULL,IC50,JENKS,CONVENTIONAL
WEIBULL|IC50|KMEANS,WEIBULL,IC50,KMEANS,CONVENTIONAL
WEIBULL|IC50|TERTILES,WEIBULL,IC50,TERTILES,CONVENTIONAL
WEIBULL|IC50|TIED_GMM,WEIBULL,IC50,TIED_GMM,CONVENTIONAL
WEIBULL|IC50|WARD,WEIBULL,IC50,WARD,CONVENTIONAL
