scenario_id,level,separation,intended_tasks,valid_tasks,invalid_tasks,intended_profiles,valid_profiles,total_weight,valid_weight,raw_applicability,A_valid,weighting,ARI,ARI_contributing_tasks,BA,BA_contributing_tasks,MacroF1,MacroF1_contributing_tasks,Extreme,Extreme_contributing_tasks,S_BW,S_BW_contributing_tasks,S_tau,S_tau_contributing_tasks,S_match,S_match_contributing_tasks,A_LOO,A_LOO_contributing_tasks,C_common,C_common_contributing_tasks,C_conditional,C_operational
E5A_MILD,A,ALL,10200,10200,0,212400,212400,1,1,1,1,factor_weight,0.55223862280204272,10200,0.81395189649892397,10200,0.79180240761665244,10200,0.0023153562919644793,10200,,0,,0,,0,,0,,0,,
E5A_MILD,A,weak,3400,3400,0,70800,70800,0.33333333333333337,0.33333333333333337,1,1,factor_weight,0.36206004400361169,3400,0.71926873171500372,3400,0.69329865003968927,3400,0.0064896036387264476,3400,,0,,0,,0,,0,,0,,
E5A_MILD,A,moderate,3400,3400,0,70800,70800,0.33333333333333337,0.33333333333333337,1,1,factor_weight,0.57085528078160352,3400,0.82714573259748636,3400,0.80397492603162402,3400,0.00038092917478882389,3400,,0,,0,,0,,0,,0,,
E5A_MILD,A,strong,3400,3400,0,70800,70800,0.33333333333333337,0.33333333333333337,1,1,factor_weight,0.72380054362091106,3400,0.89544122518428071,3400,0.87813364677864336,3400,7.553606237816763e-05,3400,,0,,0,,0,,0,,0,,
E5A_MILD,B,ALL,10200,10200,0,212400,212400,1,1,1,1,factor_weight,0.54238823929220026,10200,0.80812279556321975,10200,0.78623987800903483,10200,0.0027252544942603417,10200,,0,,0,,0,,0,,0,,
E5A_MILD,B,weak,3400,3400,0,70800,70800,0.33333333333333337,0.33333333333333337,1,1,factor_weight,0.34101630725693111,3400,0.70892390486652168,3400,0.68390864702079568,3400,0.0074553281351526978,3400,,0,,0,,0,,0,,0,,
E5A_MILD,B,moderate,3400,3400,0,70800,70800,0.33333333333333337,0.33333333333333337,1,1,factor_weight,0.56828118671090022,3400,0.8226740816579996,3400,0.79949803693708776,3400,0.00060672514619883029,3400,,0,,0,,0,,0,,0,,
E5A_MILD,B,strong,3400,3400,0,70800,70800,0.33333333333333337,0.33333333333333337,1,1,factor_weight,0.717867223908768,3400,0.89277040016513687,3400,0.87531295006922005,3400,0.00011371020142949966,3400,,0,,0,,0,,0,,0,,
E5A_MILD,C,ALL,10200,10091,109,212400,210042,1,0.99167153996101376,0.98931372549019603,0.99167153996101376,factor_weight,0.5166395302525143,10091,0.79543726838226347,10091,0.77347940043111607,10091,0.003365150192282596,10091,0.90507487048851032,10091,0.9341399964342556,10091,0.94155227917400941,10091,0.99469182093230157,10091,0.92692238203225785,10091,0.92692238203225785,0.91920254601426021
E5A_MILD,C,weak,3400,3400,0,70800,70800,0.33333333333333337,0.33333333333333337,1,1,factor_weight,0.31863506416165638,3400,0.69432411629414537,3400,0.67035457609450833,3400,0.0088945743989603653,3400,0.8876481462307898,3400,0.93667580609036361,3400,0.9435545835469481,3400,0.99999999999999967,3400,0.92262617862270069,3400,0.92262617862270069,0.92262617862270069
E5A_MILD,C,moderate,3400,3398,2,70800,70752,0.33333333333333337,0.33321637426900591,0.99941176470588233,0.99964912280701768,factor_weight,0.53839651159723712,3398,0.80748827376262444,3398,0.78348695877571783,3398,0.0010286260286260283,3398,0.9040782619018688,3398,0.93737256549428261,3398,0.94141595350284601,3398,0.99696530946530904,3398,0.92762226029966588,3398,0.92762226029966588,0.92729677880482397
E5A_MILD,C,strong,3400,3293,107,70800,68490,0.33333333333333337,0.32512183235867453,0.96852941176470586,0.97536549707602349,factor_weight,0.69734626972921165,3293,0.88675316524113612,3293,0.86895210035247505,3293,9.0767526876347964e-05,3293,0.92396315719986843,3293,0.92822709045319873,3293,0.93963912298697494,3293,0.98691948337455304,3293,0.930609790213347,3293,0.930609790213347,0.90768468061525509
E5A_MODERATE,A,ALL,10200,10200,0,212400,212400,1,1,1,1,factor_weight,0.55093747030728824,10200,0.81152044028908077,10200,0.7891007084367998,10200,0.0023719406541043964,10200,,0,,0,,0,,0,,0,,
E5A_MODERATE,A,weak,3400,3400,0,70800,70800,0.33333333333333337,0.33333333333333337,1,1,factor_weight,0.36223225530544323,3400,0.71738070782369034,3400,0.69113267290789626,3400,0.0066219948018193661,3400,,0,,0,,0,,0,,0,,
E5A_MODERATE,A,moderate,3400,3400,0,70800,70800,0.33333333333333337,0.33333333333333337,1,1,factor_weight,0.56683054927835486,3400,0.82286045375190064,3400,0.79913479260755182,3400,0.00041829109811565942,3400,,0,,0,,0,,0,,0,,
E5A_MODERATE,A,strong,3400,3400,0,70800,70800,0.33333333333333337,0.33333333333333337,1,1,factor_weight,0.72374960633806484,3400,0.89432015929165065,3400,0.87703465979495066,3400,7.553606237816763e-05,3400,,0,,0,,0,,0,,0,,
E5A_MODERATE,B,ALL,10200,10200,0,212400,212400,1,1,1,1,factor_weight,0.54462571715608854,10200,0.80811312364175458,10200,0.78619315743880935,10200,0.0028238033354992414,10200,,0,,0,,0,,0,,0,,
E5A_MODERATE,B,weak,3400,3400,0,70800,70800,0.33333333333333337,0.33333333333333337,1,1,factor_weight,0.34432023231992698,3400,0.71124141154221565,3400,0.68636346774787849,3400,0.0076007147498375555,3400,,0,,0,,0,,0,,0,,
E5A_MODERATE,B,moderate,3400,3400,0,70800,70800,0.33333333333333337,0.33333333333333337,1,1,factor_weight,0.56755223426466073,3400,0.81992320051347811,3400,0.79639971025684919,3400,0.00071962313190383363,3400,,0,,0,,0,,0,,0,,
E5A_MODERATE,B,strong,3400,3400,0,70800,70800,0.33333333333333337,0.33333333333333337,1,1,factor_weight,0.72200468488367731,3400,0.89317475886956865,3400,0.87581629431170016,3400,0.00015107212475633526,3400,,0,,0,,0,,0,,0,,
E5A_MODERATE,C,ALL,10200,10103,97,212400,210300,1,0.99303118908382082,0.99049019607843136,0.99303118908382082,factor_weight,0.52382105833232595,10103,0.79861888360195266,10103,0.77714566489996117,10103,0.0032075924380974181,10103,0.90592022344690448,10103,0.9364197772148406,10103,0.9428318335273469,10103,0.99626212559913119,10103,0.92839061139636336,10103,0.92839061139636336,0.92192083276918613
E5A_MODERATE,C,weak,3400,3400,0,70800,70800,0.33333333333333337,0.33333333333333337,1,1,factor_weight,0.32224908120248602,3400,0.6971704304467462,3400,0.67372488894160976,3400,0.0085745614035087712,3400,0.88855998577064332,3400,0.93812466817896223,3400,0.94376078986883094,3400,0.99999999999999967,3400,0.92348181460614553,3400,0.92348181460614553,0.92348181460614553
E5A_MODERATE,C,moderate,3400,3399,1,70800,70776,0.33333333333333337,0.33327485380116961,0.99970588235294122,0.99982456140350873,factor_weight,0.54397628036440615,3399,0.80973510843407603,3399,0.786193370907875,3399,0.0009147153821658121,3399,0.90491412031473262,3399,0.93904749210118621,3399,0.94193254882379551,3399,0.9988058333820744,3399,0.92863138707990478,3399,0.92863138707990478,0.92846846929269777
E5A_MODERATE,C,strong,3400,3304,96,70800,68724,0.33333333333333337,0.32642300194931778,0.97176470588235297,0.97926900584795329,factor_weight,0.70908199278264283,3304,0.89086542464278273,3304,0.8735182210655269,3304,6.8011638284248829e-05,3304,0.92467519699291945,3304,0.93199592143876286,3304,0.94280137263559205,3304,0.98984801887074103,3304,0.93315749702242501,3304,0.93315749702242501,0.91381221440871452
E5A_SEVERE,A,ALL,10200,10195,5,212400,212292,1,0.99963937621832377,0.99950980392156863,0.99963937621832377,factor_weight,0.54565130062451606,10195,0.80745051215018437,10195,0.78434390429525713,10195,0.0024315678060205814,10195,,0,,0,,0,,0,,0,,
E5A_SEVERE,A,weak,3400,3400,0,70800,70800,0.33333333333333337,0.33333333333333337,1,1,factor_weight,0.35766025732087803,3400,0.71462115077904553,3400,0.68721987956988007,3400,0.0066910331384015601,3400,,0,,0,,0,,0,,0,,
E5A_SEVERE,A,moderate,3400,3400,0,70800,70800,0.33333333333333337,0.33333333333333337,1,1,factor_weight,0.56248463543081839,3400,0.81909786101379611,3400,0.79510289489677322,3400,0.00055555555555555534,3400,,0,,0,,0,,0,,0,,
E5A_SEVERE,A,strong,3400,3395,5,70800,70692,0.33333333333333337,0.33297270955165692,0.99852941176470589,0.99891812865497065,factor_weight,0.71699438028990969,3395,0.88872044827281504,3395,0.87080247546980438,3395,4.5533341789525386e-05,3395,,0,,0,,0,,0,,0,,
E5A_SEVERE,B,ALL,10200,10195,5,212400,212292,1,0.99963937621832377,0.99950980392156863,0.99963937621832377,factor_weight,0.54229992035996866,10195,0.80519195917304864,10195,0.78297940440254543,10195,0.0030043864638211516,10195,,0,,0,,0,,0,,0,,
E5A_SEVERE,B,weak,3400,3400,0,70800,70800,0.33333333333333337,0.33333333333333337,1,1,factor_weight,0.34376553315104053,3400,0.71020898767682372,3400,0.68537250642975223,3400,0.0079727095516569212,3400,,0,,0,,0,,0,,0,,
E5A_SEVERE,B,moderate,3400,3400,0,70800,70800,0.33333333333333337,0.33333333333333337,1,1,factor_weight,0.56451441510002986,3400,0.81601406359776218,3400,0.79199544401818933,3400,0.0009153671215074721,3400,,0,,0,,0,,0,,0,,
E5A_SEVERE,B,strong,3400,3395,5,70800,70692,0.33333333333333337,0.33297270955165692,0.99852941176470589,0.99891812865497065,factor_weight,0.71881077486440981,3395,0.88944397608742054,3395,0.87166621047386483,3395,0.00012196430836480011,3395,,0,,0,,0,,0,,0,,
E5A_SEVERE,C,ALL,10200,10122,78,212400,210714,1,0.99438109161793387,0.99235294117647055,0.99438109161793387,factor_weight,0.5317761946625974,10122,0.80171853915292923,10122,0.78069763334290443,10122,0.0030858903422577477,10122,0.90751846582235862,10122,0.93769197070335952,10122,0.94453420021315548,10122,0.99690975336293153,10122,0.9299148789129571,10122,0.9299148789129571,0.9246897724052251
E5A_SEVERE,C,weak,3400,3400,0,70800,70800,0.33333333333333337,0.33333333333333337,1,1,factor_weight,0.32564122591664357,3400,0.70032563111839419,3400,0.67766652984720133,3400,0.008117283950617284,3400,0.89051193434148146,3400,0.93992340685609188,3400,0.9467356541115296,3400,0.99999999999999967,3400,0.92572366510303439,3400,0.92572366510303439,0.92572366510303439
E5A_SEVERE,C,moderate,3400,3400,0,70800,70800,0.33333333333333337,0.33333333333333337,1,1,factor_weight,0.55536563440606357,3400,0.81340329819898516,3400,0.79015706752291137,3400,0.0010355750487329432,3400,0.90644358452059015,3400,0.94033648811269044,3400,0.94265313019190333,3400,0.99999999999999967,3400,0.92981106760839483,3400,0.92981106760839483,0.92981106760839483
E5A_SEVERE,C,strong,3400,3322,78,70800,69114,0.33333333333333337,0.32771442495126707,0.97705882352941176,0.98314327485380115,factor_weight,0.71745160298966204,3322,0.89296480130309119,3322,0.87587365875955558,3322,5.3699215000090866e-05,3322,0.92590989792093548,3322,0.93273241527865414,3322,0.94420832311535718,3322,0.99062329091921475,3322,0.93428354543831615,3322,0.93428354543831615,0.9185345845042463
E5B_CONTAMINATION,A,ALL,10200,10200,0,212400,212400,1,1,1,1,factor_weight,0.54209493031235068,10200,0.8104062727711604,10200,0.78871815322322081,10200,0.0021052631578947364,10200,,0,,0,,0,,0,,0,,
E5B_CONTAMINATION,A,weak,3400,3400,0,70800,70800,0.33333333333333337,0.33333333333333337,1,1,factor_weight,0.34766108205306762,3400,0.71394435717790994,3400,0.68914044895335402,3400,0.0056205328135152692,3400,,0,,0,,0,,0,,0,,
E5B_CONTAMINATION,A,moderate,3400,3400,0,70800,70800,0.33333333333333337,0.33333333333333337,1,1,factor_weight,0.56537068718117178,3400,0.82661791738692314,3400,0.80440111130230774,3400,0.00044103313840155938,3400,,0,,0,,0,,0,,0,,
E5B_CONTAMINATION,A,strong,3400,3400,0,70800,70800,0.33333333333333337,0.33333333333333337,1,1,factor_weight,0.71325302170281113,3400,0.89065654374864889,3400,0.87261289941400066,3400,0.00025422352176738134,3400,,0,,0,,0,,0,,0,,
E5B_CONTAMINATION,B,ALL,10200,10200,0,212400,212400,1,1,1,1,factor_weight,0.52851461192738014,10200,0.80282271282161655,10200,0.78066482662520231,10200,0.0027054905782975952,10200,,0,,0,,0,,0,,0,,
E5B_CONTAMINATION,B,weak,3400,3400,0,70800,70800,0.33333333333333337,0.33333333333333337,1,1,factor_weight,0.33240760357618054,3400,0.70165132178034206,3400,0.67612321268681375,3400,0.0070557179987004552,3400,,0,,0,,0,,0,,0,,
E5B_CONTAMINATION,B,moderate,3400,3400,0,70800,70800,0.33333333333333337,0.33333333333333337,1,1,factor_weight,0.54992049530836751,3400,0.82011260966670319,3400,0.79727565752019136,3400,0.00071718648473034427,3400,,0,,0,,0,,0,,0,,
E5B_CONTAMINATION,B,strong,3400,3400,0,70800,70800,0.33333333333333337,0.33333333333333337,1,1,factor_weight,0.70321573689759187,3400,0.8867042070178035,3400,0.86859560966860039,3400,0.00034356725146198825,3400,,0,,0,,0,,0,,0,,
E5B_CONTAMINATION,C,ALL,10200,10200,0,212400,212400,1,1,1,1,factor_weight,0.52528268644281528,10200,0.8013365169638319,10200,0.77902829845231503,10200,0.0027566601689408702,10200,0.90684603218737714,10200,0.94408155088303791,10200,0.94769420219327483,10200,0.9998010071475063,10200,0.93287392842122885,10200,0.93287392842122885,0.93287392842122885
E5B_CONTAMINATION,C,weak,3400,3400,0,70800,70800,0.33333333333333337,0.33333333333333337,1,1,factor_weight,0.32993526255672267,3400,0.69979938185055124,3400,0.6743566024949369,3400,0.0072076023391812868,3400,0.88871157793053124,3400,0.94328184350783706,3400,0.94631387007760237,3400,0.99999999999999967,3400,0.9261024305053237,3400,0.9261024305053237,0.9261024305053237
E5B_CONTAMINATION,C,moderate,3400,3400,0,70800,70800,0.33333333333333337,0.33333333333333337,1,1,factor_weight,0.54745768646399884,3400,0.81937979392548088,3400,0.79630507225734959,3400,0.0007634827810266405,3400,0.90663237737273572,3400,0.94601238967417955,3400,0.94823837627123575,3400,0.99999999999999967,3400,0.93362771443938342,3400,0.93362771443938342,0.93362771443938342
E5B_CONTAMINATION,C,strong,3400,3400,0,70800,70800,0.33333333333333337,0.33333333333333337,1,1,factor_weight,0.69845511030772356,3400,0.88483037511546281,3400,0.86642322060465737,3400,0.0002988953866146848,3400,0.92519414125886335,3400,0.9429504194670969,3400,0.94853036023097859,3400,0.99940302144249493,3400,0.93889164031897954,3400,0.93889164031897954,0.93889164031897954
E5B_HETEROSCEDASTIC,A,ALL,10200,10200,0,212400,212400,1,1,1,1,factor_weight,0.54209493031235068,10200,0.8104062727711604,10200,0.78871815322322081,10200,0.0021052631578947364,10200,,0,,0,,0,,0,,0,,
E5B_HETEROSCEDASTIC,A,weak,3400,3400,0,70800,70800,0.33333333333333337,0.33333333333333337,1,1,factor_weight,0.34766108205306762,3400,0.71394435717790994,3400,0.68914044895335402,3400,0.0056205328135152692,3400,,0,,0,,0,,0,,0,,
E5B_HETEROSCEDASTIC,A,moderate,3400,3400,0,70800,70800,0.33333333333333337,0.33333333333333337,1,1,factor_weight,0.56537068718117178,3400,0.82661791738692314,3400,0.80440111130230774,3400,0.00044103313840155938,3400,,0,,0,,0,,0,,0,,
E5B_HETEROSCEDASTIC,A,strong,3400,3400,0,70800,70800,0.33333333333333337,0.33333333333333337,1,1,factor_weight,0.71325302170281113,3400,0.89065654374864889,3400,0.87261289941400066,3400,0.00025422352176738134,3400,,0,,0,,0,,0,,0,,
E5B_HETEROSCEDASTIC,B,ALL,10200,10200,0,212400,212400,1,1,1,1,factor_weight,0.53069284731881394,10200,0.80387056621181885,10200,0.78179190824294387,10200,0.0028278644141217237,10200,,0,,0,,0,,0,,0,,
E5B_HETEROSCEDASTIC,B,weak,3400,3400,0,70800,70800,0.33333333333333337,0.33333333333333337,1,1,factor_weight,0.33362824988763884,3400,0.70289213704856945,3400,0.67715873271177562,3400,0.007321312540610787,3400,,0,,0,,0,,0,,0,,
E5B_HETEROSCEDASTIC,B,moderate,3400,3400,0,70800,70800,0.33333333333333337,0.33333333333333337,1,1,factor_weight,0.55319697439437143,3400,0.82079733698995394,3400,0.79811768756477341,3400,0.00082521117608836899,3400,,0,,0,,0,,0,,0,,
E5B_HETEROSCEDASTIC,B,strong,3400,3400,0,70800,70800,0.33333333333333337,0.33333333333333337,1,1,factor_weight,0.70525331767443067,3400,0.88792222459693204,3400,0.87009930445228123,3400,0.00033706952566601685,3400,,0,,0,,0,,0,,0,,
E5B_HETEROSCEDASTIC,C,ALL,10200,10197,3,212400,212340,1,0.99975633528265129,0.99970588235294122,0.99975633528265129,factor_weight,0.52564869678087478,10197,0.80145972651480801,10197,0.77912759311865032,10197,0.0029531237306036221,10197,0.90673964307781962,10197,0.94420905752628415,10197,0.94757208973103746,10197,0.99987813794785085,10197,0.93284026344504667,10197,0.93284026344504667,0.93261296318592279
E5B_HETEROSCEDASTIC,C,weak,3400,3400,0,70800,70800,0.33333333333333337,0.33333333333333337,1,1,factor_weight,0.3316017329635873,3400,0.70071246534221676,3400,0.67496888870810068,3400,0.0077534113060428846,3400,0.88801261082902705,3400,0.94381119424142768,3400,0.94672878232123148,3400,0.99999999999999967,3400,0.92618419579722855,3400,0.92618419579722855,0.92618419579722855
E5B_HETEROSCEDASTIC,C,moderate,3400,3400,0,70800,70800,0.33333333333333337,0.33333333333333337,1,1,factor_weight,0.54774094187818489,3400,0.81808104336101417,3400,0.79513059725764168,3400,0.00078784925276153335,3400,0.90669949587580922,3400,0.94454487695673406,3400,0.9468646305045777,3400,0.99999999999999967,3400,0.93270300111237392,3400,0.93270300111237392,0.93270300111237392
E5B_HETEROSCEDASTIC,C,strong,3400,3397,3,70800,70740,0.33333333333333337,0.33308966861598444,0.99911764705882355,0.9992690058479532,factor_weight,0.69772920534629379,3397,0.88564721140032043,3397,0.86734778183225048,3397,0.00031618304478582456,3397,0.92552055126267552,3397,0.94427114676756319,3397,0.94912399079790088,3397,0.99963423555230402,3397,0.93963856294271364,3397,0.93963856294271364,0.93895169264816492
E5B_T3,A,ALL,10200,10200,0,212400,212400,1,1,1,1,factor_weight,0.54209493031235068,10200,0.8104062727711604,10200,0.78871815322322081,10200,0.0021052631578947364,10200,,0,,0,,0,,0,,0,,
E5B_T3,A,weak,3400,3400,0,70800,70800,0.33333333333333337,0.33333333333333337,1,1,factor_weight,0.34766108205306762,3400,0.71394435717790994,3400,0.68914044895335402,3400,0.0056205328135152692,3400,,0,,0,,0,,0,,0,,
E5B_T3,A,moderate,3400,3400,0,70800,70800,0.33333333333333337,0.33333333333333337,1,1,factor_weight,0.56537068718117178,3400,0.82661791738692314,3400,0.80440111130230774,3400,0.00044103313840155938,3400,,0,,0,,0,,0,,0,,
E5B_T3,A,strong,3400,3400,0,70800,70800,0.33333333333333337,0.33333333333333337,1,1,factor_weight,0.71325302170281113,3400,0.89065654374864889,3400,0.87261289941400066,3400,0.00025422352176738134,3400,,0,,0,,0,,0,,0,,
E5B_T3,B,ALL,10200,10200,0,212400,212400,1,1,1,1,factor_weight,0.53361292732120336,10200,0.80582423035505402,10200,0.78373451972817398,10200,0.0027165908598657134,10200,,0,,0,,0,,0,,0,,
E5B_T3,B,weak,3400,3400,0,70800,70800,0.33333333333333337,0.33333333333333337,1,1,factor_weight,0.3376187509697956,3400,0.7059445734712545,3400,0.68016486865202253,3400,0.0070890188434048103,3400,,0,,0,,0,,0,,0,,
E5B_T3,B,moderate,3400,3400,0,70800,70800,0.33333333333333337,0.33333333333333337,1,1,factor_weight,0.55539350335772286,3400,0.82230287994980977,3400,0.79987278557032515,3400,0.00073180636777127989,3400,,0,,0,,0,,0,,0,,
E5B_T3,B,strong,3400,3400,0,70800,70800,0.33333333333333337,0.33333333333333337,1,1,factor_weight,0.70782652763609066,3400,0.88922523764409711,3400,0.87116590496217305,3400,0.00032894736842105257,3400,,0,,0,,0,,0,,0,,
E5B_T3,C,ALL,10200,10200,0,212400,212400,1,1,1,1,factor_weight,0.53111075363872462,10200,0.80450429307714888,10200,0.78237587137041664,10200,0.0027336473900801384,10200,0.90681050195186763,10200,0.94441846404372776,10200,0.94806978515582241,10200,0.99983187134503715,10200,0.93309958371713875,10200,0.93309958371713875,0.93309958371713875
E5B_T3,C,weak,3400,3400,0,70800,70800,0.33333333333333337,0.33333333333333337,1,1,factor_weight,0.33580741324707386,3400,0.70434635573707194,3400,0.67875705900421257,3400,0.007131254061078624,3400,0.88817861485259375,3400,0.94359334740812306,3400,0.94707288959907621,3400,0.99999999999999967,3400,0.92628161728659764,3400,0.92628161728659764,0.92628161728659764
E5B_T3,C,moderate,3400,3400,0,70800,70800,0.33333333333333337,0.33333333333333337,1,1,factor_weight,0.55333251309258802,3400,0.82116188600764617,3400,0.79858574296670792,3400,0.00073261858349577642,3400,0.90678931681547648,3400,0.94506452299391119,3400,0.94738748598063627,3400,0.99999999999999967,3400,0.93308044193000805,3400,0.93308044193000805,0.93308044193000805
E5B_T3,C,strong,3400,3400,0,70800,70800,0.33333333333333337,0.33333333333333337,1,1,factor_weight,0.7041923345765112,3400,0.88800463748672798,3400,0.86978481214032832,3400,0.00033706952566601691,3400,0.92546357418753211,3400,0.94459752172914924,3400,0.94974897988774842,3400,0.99949561403508747,3400,0.93993669193480944,3400,0.93993669193480944,0.93993669193480944
E5C_MILD,A,ALL,10200,10200,0,212400,212400,1,1,1,1,factor_weight,0.5119903700548547,10200,0.79388858422910535,10200,0.7716761811820555,10200,0.0032350552306692651,10200,,0,,0,,0,,0,,0,,
E5C_MILD,A,weak,3400,3400,0,70800,70800,0.33333333333333337,0.33333333333333337,1,1,factor_weight,0.31946582436512183,3400,0.6944839159649101,3400,0.67022683045447118,3400,0.0082732293697205979,3400,,0,,0,,0,,0,,0,,
E5C_MILD,A,moderate,3400,3400,0,70800,70800,0.33333333333333337,0.33333333333333337,1,1,factor_weight,0.53303741537955696,3400,0.81035260246846486,3400,0.78730374920328117,3400,0.001044509421702404,3400,,0,,0,,0,,0,,0,,
E5C_MILD,A,strong,3400,3400,0,70800,70800,0.33333333333333337,0.33333333333333337,1,1,factor_weight,0.68346787041988422,3400,0.87682923425394177,3400,0.85749796388841359,3400,0.00038742690058479534,3400,,0,,0,,0,,0,,0,,
E5C_MILD,B,ALL,10200,10200,0,212400,212400,1,1,1,1,factor_weight,0.50115691121696471,10200,0.78829377542084655,10200,0.76554317959395568,10200,0.0039801277886073192,10200,,0,,0,,0,,0,,0,,
E5C_MILD,B,weak,3400,3400,0,70800,70800,0.33333333333333337,0.33333333333333337,1,1,factor_weight,0.30660887684869076,3400,0.68606112838861377,3400,0.66050362415530994,3400,0.010248538011695908,3400,,0,,0,,0,,0,,0,,
E5C_MILD,B,moderate,3400,3400,0,70800,70800,0.33333333333333337,0.33333333333333337,1,1,factor_weight,0.52269797042578259,3400,0.80563546078677639,3400,0.782368035183439,3400,0.0012662443144899284,3400,,0,,0,,0,,0,,0,,
E5C_MILD,B,strong,3400,3400,0,70800,70800,0.33333333333333337,0.33333333333333337,1,1,factor_weight,0.674163886376421,3400,0.87318473708714928,3400,0.85375787944311743,3400,0.00042560103963612729,3400,,0,,0,,0,,0,,0,,
E5C_MILD,C,ALL,10200,10197,3,212400,212334,1,0.99979044834308006,0.99970588235294122,0.99979044834308006,factor_weight,0.49719151286208213,10197,0.78619996158515426,10197,0.76330122354769647,10197,0.0042504033496297937,10197,0.90334910608589469,10197,0.943187672504045,10197,0.94687217033282567,10197,0.99992959321669328,10197,0.93113631630758764,10197,0.93113631630758764,0.9309411951496871
E5C_MILD,C,weak,3400,3400,0,70800,70800,0.33333333333333337,0.33333333333333337,1,1,factor_weight,0.305170986092622,3400,0.68411088270079501,3400,0.6583652648755457,3400,0.011023391812865498,3400,0.88447304622057399,3400,0.94325966004961304,3400,0.94624104997687131,3400,0.99999999999999967,3400,0.92465791874901937,3400,0.92465791874901937,0.92465791874901937
E5C_MILD,C,moderate,3400,3400,0,70800,70800,0.33333333333333337,0.33333333333333337,1,1,factor_weight,0.51999973170760394,3400,0.80404349401681263,3400,0.78071078097276658,3400,0.0012361923326835607,3400,0.90302300403131686,3400,0.94259073769390611,3400,0.94565155923963795,3400,0.99999999999999967,3400,0.93042176698828705,3400,0.93042176698828705,0.93042176698828705
E5C_MILD,C,strong,3400,3397,3,70800,70734,0.33333333333333337,0.33312378167641327,0.99911764705882355,0.99937134502923974,factor_weight,0.66651026386047829,3397,0.87049850273477702,3397,0.8508826833148061,3397,0.00048926144278485658,3397,0.92256334713393817,3397,0.94371294998691657,3397,0.94872506661441958,3397,0.99978869107122237,3397,0.93833378791175792,3397,0.93833378791175792,0.93774389971175487
E5C_MODERATE,A,ALL,10200,10200,0,212400,212400,1,1,1,1,factor_weight,0.48101561118581382,10200,0.7764650525815241,10200,0.75390603471885009,10200,0.0045180853367987849,10200,,0,,0,,0,,0,,0,,
E5C_MODERATE,A,weak,3400,3400,0,70800,70800,0.33333333333333337,0.33333333333333337,1,1,factor_weight,0.28806679793589973,3400,0.67299411861692571,3400,0.64911193416540081,3400,0.011539961013645223,3400,,0,,0,,0,,0,,0,,
E5C_MODERATE,A,moderate,3400,3400,0,70800,70800,0.33333333333333337,0.33333333333333337,1,1,factor_weight,0.50042397734799304,3400,0.79409686363560616,3400,0.77046798026846142,3400,0.001481481481481481,3400,,0,,0,,0,,0,,0,,
E5C_MODERATE,A,strong,3400,3400,0,70800,70800,0.33333333333333337,0.33333333333333337,1,1,factor_weight,0.65455605827354768,3400,0.86230417549204086,3400,0.84213818972268761,3400,0.00053281351526965554,3400,,0,,0,,0,,0,,0,,
E5C_MODERATE,B,ALL,10200,10200,0,212400,212400,1,1,1,1,factor_weight,0.46841151104438772,10200,0.77014195191315071,10200,0.74703772772197941,10200,0.0057074398960363822,10200,,0,,0,,0,,0,,0,,
E5C_MODERATE,B,weak,3400,3400,0,70800,70800,0.33333333333333337,0.33333333333333337,1,1,factor_weight,0.27501266614662939,3400,0.6643844116815607,3400,0.63939298586299798,3400,0.014744152046783613,3400,,0,,0,,0,,0,,0,,
E5C_MODERATE,B,moderate,3400,3400,0,70800,70800,0.33333333333333337,0.33333333333333337,1,1,factor_weight,0.48547834479515739,3400,0.78622926626654699,3400,0.76228607180809704,3400,0.0017860623781676408,3400,,0,,0,,0,,0,,0,,
E5C_MODERATE,B,strong,3400,3400,0,70800,70800,0.33333333333333337,0.33333333333333337,1,1,factor_weight,0.64474352219137598,3400,0.85981217779134411,3400,0.83943412549484187,3400,0.00059210526315789467,3400,,0,,0,,0,,0,,0,,
E5C_MODERATE,C,ALL,10200,10198,2,212400,212358,1,0.99984892787524382,0.99980392156862741,0.99984892787524382,factor_weight,0.46467009651877722,10198,0.76792681896242843,10198,0.74460104021633333,10198,0.006007242809586236,10198,0.90001817191277789,10198,0.9426563253476703,10198,0.94448425005316394,10198,0.99990035315060843,10198,0.92905291577120341,10198,0.92905291577120341,0.92891256177320691
E5C_MODERATE,C,weak,3400,3400,0,70800,70800,0.33333333333333337,0.33333333333333337,1,1,factor_weight,0.27442462696245051,3400,0.66236878476461813,3400,0.63711677482024986,3400,0.015389863547758275,3400,0.88075812831721345,3400,0.94222372212463201,3400,0.94439380919422544,3400,0.99999999999999967,3400,0.92245855321202352,3400,0.92245855321202352,0.92245855321202352
E5C_MODERATE,C,moderate,3400,3400,0,70800,70800,0.33333333333333337,0.33333333333333337,1,1,factor_weight,0.4836235088678344,3400,0.78533529534954971,3400,0.76129083544693887,3400,0.0020370370370370369,3400,0.89950567041967855,3400,0.9420782030855902,3400,0.94291680260257127,3400,0.99999999999999967,3400,0.92816689203594627,3400,0.92816689203594627,0.92816689203594627
E5C_MODERATE,C,strong,3400,3398,2,70800,70758,0.33333333333333337,0.33318226120857702,0.99941176470588233,0.99954678362573102,factor_weight,0.63603982129136749,3398,0.85611634571067918,3398,0.83543667858048487,3398,0.00059237373663502456,3398,0.91979968230586018,3398,0.94366750911783093,3398,0.94614289008551122,3398,0.99970096908767914,3398,0.9365366938364007,3398,0.9365366938364007,0.93611224007165028
E5C_SEVERE,A,ALL,10200,10200,0,212400,212400,1,1,1,1,factor_weight,0.43635235607638734,10200,0.74999921408279091,10200,0.72703759121635902,10200,0.0075809508338748003,10200,,0,,0,,0,,0,,0,,
E5C_SEVERE,A,weak,3400,3400,0,70800,70800,0.33333333333333337,0.33333333333333337,1,1,factor_weight,0.24902791050474365,3400,0.64486862361972008,3400,0.6213211591061627,3400,0.01911793372319686,3400,,0,,0,,0,,0,,0,,
E5C_SEVERE,A,moderate,3400,3400,0,70800,70800,0.33333333333333337,0.33333333333333337,1,1,factor_weight,0.44931701817216635,3400,0.76491916016623607,3400,0.74090564718845675,3400,0.0026916829109811559,3400,,0,,0,,0,,0,,0,,
E5C_SEVERE,A,strong,3400,3400,0,70800,70800,0.33333333333333337,0.33333333333333337,1,1,factor_weight,0.61071213955225168,3400,0.84020985846241658,3400,0.81888596735445707,3400,0.00093323586744639372,3400,,0,,0,,0,,0,,0,,
E5C_SEVERE,B,ALL,10200,10200,0,212400,212400,1,1,1,1,factor_weight,0.42605253105127983,10200,0.74426223681559922,10200,0.72120256596163479,10200,0.0085499241931990336,10200,,0,,0,,0,,0,,0,,
E5C_SEVERE,B,weak,3400,3400,0,70800,70800,0.33333333333333337,0.33333333333333337,1,1,factor_weight,0.23721504378013095,3400,0.63513139466392388,3400,0.61127159993785241,3400,0.021292235217673785,3400,,0,,0,,0,,0,,0,,
E5C_SEVERE,B,moderate,3400,3400,0,70800,70800,0.33333333333333337,0.33333333333333337,1,1,factor_weight,0.43991472356759609,3400,0.75956998644900697,3400,0.73569194516416048,3400,0.0032504873294346972,3400,,0,,0,,0,,0,,0,,
E5C_SEVERE,B,strong,3400,3400,0,70800,70800,0.33333333333333337,0.33333333333333337,1,1,factor_weight,0.60102782580611225,3400,0.83808532933386715,3400,0.81664415278289071,3400,0.0011070500324886288,3400,,0,,0,,0,,0,,0,,
E5C_SEVERE,C,ALL,10200,10199,1,212400,212376,1,0.99994152046783635,0.9999019607843137,0.99994152046783635,factor_weight,0.42050237977929522,10199,0.74114564764273771,10199,0.71775084136374911,10199,0.009038594416394272,10199,0.89595225489452601,10199,0.94220462675578964,10199,0.94298612436795981,10199,0.99994151704778844,10199,0.92704766867275767,10199,0.92704766867275767,0.92699345535880029
E5C_SEVERE,C,weak,3400,3400,0,70800,70800,0.33333333333333337,0.33333333333333337,1,1,factor_weight,0.23454994968698445,3400,0.63252522000146272,3400,0.60855541943931413,3400,0.022394411955815437,3400,0.87654018606383188,3400,0.94175206041028248,3400,0.94215769673207206,3400,0.99999999999999967,3400,0.92014998106872925,3400,0.92014998106872925,0.92014998106872925
E5C_SEVERE,C,moderate,3400,3400,0,70800,70800,0.33333333333333337,0.33333333333333337,1,1,factor_weight,0.43486055625792275,3400,0.75682814054853553,3400,0.73253649597450798,3400,0.0035761858349577639,3400,0.89510100288185734,3400,0.94166131001711018,3400,0.94206849962839689,3400,0.99999999999999967,3400,0.92627693750912166,3400,0.92627693750912166,0.92627693750912166
E5C_SEVERE,C,strong,3400,3399,1,70800,70776,0.33333333333333337,0.33327485380116961,0.99970588235294122,0.99982456140350873,factor_weight,0.59212674293037348,3399,0.8340998901400577,3399,0.81217717470081741,3399,0.0011438004068290081,3399,0.91621913133024591,3399,0.9432006845869656,3399,0.94473248312213365,3399,0.99982453061940657,3399,0.93471743301311472,3399,0.93471743301311472,0.93455344749855107
E5D_LAMBDA_1P25,A,ALL,10200,10199,1,212400,212376,1,0.99994152046783635,0.9999019607843137,0.99994152046783635,factor_weight,0.5387029663983135,10199,0.80757274281152369,10199,0.78573547356824469,10199,0.0023580001429583269,10199,,0,,0,,0,,0,,0,,
E5D_LAMBDA_1P25,A,weak,3400,3400,0,70800,70800,0.33333333333333337,0.33333333333333337,1,1,factor_weight,0.34249960441361055,3400,0.7104618525561508,3400,0.68582384966309851,3400,0.0062930474333983107,3400,,0,,0,,0,,0,,0,,
E5D_LAMBDA_1P25,A,moderate,3400,3400,0,70800,70800,0.33333333333333337,0.33333333333333337,1,1,factor_weight,0.5599855943748081,3400,0.82229548705572086,3400,0.79935527516476401,3400,0.00058560753736192322,3400,,0,,0,,0,,0,,0,,
E5D_LAMBDA_1P25,A,strong,3400,3399,1,70800,70776,0.33333333333333337,0.33327485380116961,0.99970588235294122,0.99982456140350873,factor_weight,0.71365439363936878,3399,0.88997534541964862,3399,0.87204243744948229,3399,0.00019496597843676275,3399,,0,,0,,0,,0,,0,,
E5D_LAMBDA_1P25,B,ALL,10200,10199,1,212400,212376,1,0.99994152046783635,0.9999019607843137,0.99994152046783635,factor_weight,0.52795209917587183,10199,0.80167182524411007,10199,0.77918470419496078,10199,0.002894093871636417,10199,,0,,0,,0,,0,,0,,
E5D_LAMBDA_1P25,B,weak,3400,3400,0,70800,70800,0.33333333333333337,0.33333333333333337,1,1,factor_weight,0.33090490143336848,3400,0.70061880292655143,3400,0.67465429073088312,3400,0.0077469135802469133,3400,,0,,0,,0,,0,,0,,
E5D_LAMBDA_1P25,B,moderate,3400,3400,0,70800,70800,0.33333333333333337,0.33333333333333337,1,1,factor_weight,0.54606979872503814,3400,0.81608686970382882,3400,0.79245743114728162,3400,0.00068794671864847281,3400,,0,,0,,0,,0,,0,,
E5D_LAMBDA_1P25,B,strong,3400,3399,1,70800,70776,0.33333333333333337,0.33327485380116961,0.99970588235294122,0.99982456140350873,factor_weight,0.70691299401742635,3399,0.88832500541426085,3399,0.87045840363644333,3399,0.00024695690601989951,3399,,0,,0,,0,,0,,0,,
E5D_LAMBDA_1P25,C,ALL,10200,10174,26,212400,211842,1,0.99810428849902544,0.99745098039215685,0.99810428849902544,factor_weight,0.52542426161578959,10174,0.80076871536363459,10174,0.77828496646689138,10174,0.0029260038658947898,10174,0.90638402963973541,10174,0.94028025850099151,10174,0.94632476207638838,10174,0.99835729309244725,10174,0.93099635007237103,10174,0.93099635007237103,0.92923144958417347
E5D_LAMBDA_1P25,C,weak,3400,3400,0,70800,70800,0.33333333333333337,0.33333333333333337,1,1,factor_weight,0.32926953825032179,3400,0.69955722507403795,3400,0.67371826856001804,3400,0.0076738141650422361,3400,0.88775423679141041,3400,0.94119483334046727,3400,0.94685515107870333,3400,0.99999999999999967,3400,0.92526807373686037,3400,0.92526807373686037,0.92526807373686037
E5D_LAMBDA_1P25,C,moderate,3400,3400,0,70800,70800,0.33333333333333337,0.33333333333333337,1,1,factor_weight,0.5455310681143275,3400,0.8159150044237764,3400,0.79232269053311588,3400,0.00079515919428200122,3400,0.90641354425590581,3400,0.94230535420308048,3400,0.94772376223142762,3400,0.99999999999999967,3400,0.93214755356347145,3400,0.93214755356347145,0.93214755356347145
E5D_LAMBDA_1P25,C,strong,3400,3374,26,70800,70242,0.33333333333333337,0.3314376218323587,0.99235294117647055,0.99431286549707598,factor_weight,0.70247911323829149,3374,0.8873261805397783,3374,0.86933173552925447,3374,0.00029407007689932513,3374,0.92509069519500486,3374,0.93732377403461087,3374,0.94438433746325912,3374,0.99505308781749358,3374,0.93559960223095806,3374,0.93559960223095806,0.93027872145218848
E5D_LAMBDA_1P50,A,ALL,10200,10192,8,212400,212208,1,0.99953216374269016,0.99921568627450985,0.99953216374269016,factor_weight,0.5343883174147297,10192,0.80463951994711969,10192,0.78254894879052783,10192,0.0024372459283528787,10192,,0,,0,,0,,0,,0,,
E5D_LAMBDA_1P50,A,weak,3400,3400,0,70800,70800,0.33333333333333337,0.33333333333333337,1,1,factor_weight,0.34014858345609156,3400,0.70884422872178732,3400,0.68436633682305448,3400,0.0065423976608187133,3400,,0,,0,,0,,0,,0,,
E5D_LAMBDA_1P50,A,moderate,3400,3400,0,70800,70800,0.33333333333333337,0.33333333333333337,1,1,factor_weight,0.554140996308919,3400,0.81908427736168954,3400,0.79575111641881591,3400,0.00056286549707602331,3400,,0,,0,,0,,0,,0,,
E5D_LAMBDA_1P50,A,strong,3400,3392,8,70800,70608,0.33333333333333337,0.33286549707602342,0.99764705882352944,0.99859649122807015,factor_weight,0.70912061078566246,3392,0.88610439041819344,3392,0.86764883156167261,3392,0.00020333931964290362,3392,,0,,0,,0,,0,,0,,
E5D_LAMBDA_1P50,B,ALL,10200,10192,8,212400,212208,1,0.99953216374269016,0.99921568627450985,0.99953216374269016,factor_weight,0.5239404350487824,10192,0.79859220647686502,10192,0.77609077617165467,10192,0.0029294081701640791,10192,,0,,0,,0,,0,,0,,
E5D_LAMBDA_1P50,B,weak,3400,3400,0,70800,70800,0.33333333333333337,0.33333333333333337,1,1,factor_weight,0.32637479147171394,3400,0.69783294916043437,3400,0.67218305769001685,3400,0.0077111760883690718,3400,,0,,0,,0,,0,,0,,
E5D_LAMBDA_1P50,B,moderate,3400,3400,0,70800,70800,0.33333333333333337,0.33333333333333337,1,1,factor_weight,0.54345521844925948,3400,0.81365965790490635,3400,0.79003250151547233,3400,0.00079597141000649742,3400,,0,,0,,0,,0,,0,,
E5D_LAMBDA_1P50,B,strong,3400,3392,8,70800,70608,0.33333333333333337,0.33286549707602342,0.99764705882352944,0.99859649122807015,factor_weight,0.70224154239357606,3392,0.88440445060262352,3392,0.86618321483742577,3392,0.00027735483199292052,3392,,0,,0,,0,,0,,0,,
E5D_LAMBDA_1P50,C,ALL,10200,10101,99,212400,210306,1,0.9921198830409359,0.99029411764705877,0.9921198830409359,factor_weight,0.52281344264558838,10101,0.79862785524174229,10101,0.77619013549733851,10101,0.0029723066813590084,10101,0.90598037278984178,10101,0.93566419194481443,10101,0.94272302320717027,10101,0.99436429695342077,10101,0.92812252931394146,10101,0.92812252931394146,0.9208088152306052
E5D_LAMBDA_1P50,C,weak,3400,3400,0,70800,70800,0.33333333333333337,0.33333333333333337,1,1,factor_weight,0.32636739027017186,3400,0.69703335005637623,3400,0.67147721921636805,3400,0.0077810266406757632,3400,0.88746480190919974,3400,0.94013417101460772,3400,0.94727433363125235,3400,0.99999999999999967,3400,0.92495776885168646,3400,0.92495776885168646,0.92495776885168646
E5D_LAMBDA_1P50,C,moderate,3400,3396,4,70800,70728,0.33333333333333337,0.33271929824561408,0.99882352941176467,0.99815789473684213,factor_weight,0.5427956301246436,3396,0.81282382828103006,3396,0.78907834797671761,3396,0.00080395009650656001,3396,0.90582542764863994,3396,0.94002888986659627,3396,0.9446120568670332,3396,0.99816995570137268,3396,0.93015545812742317,3396,0.93015545812742317,0.92844201386245162
E5D_LAMBDA_1P50,C,strong,3400,3305,95,70800,68778,0.33333333333333337,0.32606725146198834,0.97205882352941175,0.97820175438596491,factor_weight,0.70324725744678873,3305,0.88800070928820418,3305,0.8700853312826764,3305,0.00026902210464959867,3305,0.92506665076151007,3305,0.92664086243330435,3305,0.9361427198533443,3305,0.98471971051892992,3305,0.92928341101605283,3305,0.92928341101605283,0.90902666297767665
E5D_LAMBDA_2P00,A,ALL,10200,10040,160,212400,208914,1,0.9876559454191034,0.98431372549019602,0.9876559454191034,factor_weight,0.53324457445741413,10040,0.80438714346713647,10040,0.7822620839268789,10040,0.0020857970080093071,10040,,0,,0,,0,,0,,0,,
E5D_LAMBDA_2P00,A,weak,3400,3400,0,70800,70800,0.33333333333333337,0.33333333333333337,1,1,factor_weight,0.33935780277816696,3400,0.70997938145891371,3400,0.68528426688801303,3400,0.0055677387914230018,3400,,0,,0,,0,,0,,0,,
E5D_LAMBDA_2P00,A,moderate,3400,3399,1,70800,70776,0.33333333333333337,0.33327485380116961,0.99970588235294122,0.99982456140350873,factor_weight,0.55760729940245624,3399,0.81933071982239958,3399,0.79615826235601916,3399,0.00055890247151871991,3399,,0,,0,,0,,0,,0,,
E5D_LAMBDA_2P00,A,strong,3400,3241,159,70800,67338,0.33333333333333337,0.32104775828460042,0.95323529411764707,0.96314327485380113,factor_weight,0.70926025698627626,3241,0.88689491713672375,3241,0.86852554929590964,3241,5.5657594478766614e-05,3241,,0,,0,,0,,0,,0,,
E5D_LAMBDA_2P00,B,ALL,10200,10040,160,212400,208914,1,0.9876559454191034,0.98431372549019602,0.9876559454191034,factor_weight,0.52468507126381447,10040,0.79941468207836175,10040,0.77713544951589686,10040,0.0026814648879415217,10040,,0,,0,,0,,0,,0,,
E5D_LAMBDA_2P00,B,weak,3400,3400,0,70800,70800,0.33333333333333337,0.33333333333333337,1,1,factor_weight,0.32690535361618206,3400,0.70047259222259206,3400,0.67535640093580229,3400,0.0071271929824561408,3400,,0,,0,,0,,0,,0,,
E5D_LAMBDA_2P00,B,moderate,3400,3399,1,70800,70776,0.33333333333333337,0.33327485380116961,0.99970588235294122,0.99982456140350873,factor_weight,0.55022002460617381,3399,0.8159406493767053,3399,0.79254415213606544,3399,0.00072868534440740089,3399,,0,,0,,0,,0,,0,,
E5D_LAMBDA_2P00,B,strong,3400,3241,159,70800,67338,0.33333333333333337,0.32104775828460042,0.95323529411764707,0.96314327485380113,factor_weight,0.70352579893000189,3241,0.88498764303003874,3241,0.86681374712348525,3241,9.2762657464611037e-05,3241,,0,,0,,0,,0,,0,,
E5D_LAMBDA_2P00,C,ALL,10200,9839,361,212400,204816,1,0.96860623781676436,0.96460784313725489,0.96860623781676436,factor_weight,0.52345857109878413,9839,0.80032617046623988,9839,0.77837186114824031,9839,0.0027509724276646862,9839,0.90596951062714604,9839,0.93635095661894341,9839,0.94057598458078728,9839,0.99080120884023892,9839,0.92763215060895854,9839,0.92763215060895854,0.89851028747921746
E5D_LAMBDA_2P00,C,weak,3400,3393,7,70800,70668,0.33333333333333337,0.33271929824561408,0.99794117647058822,0.99815789473684213,factor_weight,0.32778421000956232,3393,0.70021540136994032,3393,0.67508397220651672,3393,0.0072371782979041956,3393,0.8881359369061419,3393,0.94537042403509208,3393,0.94852535812713412,3393,0.99926765679467977,3393,0.92734390635612263,3393,0.92734390635612263,0.92563564126546671
E5D_LAMBDA_2P00,C,moderate,3400,3329,71,70800,69354,0.33333333333333337,0.32649610136452245,0.97911764705882354,0.97948830409356724,factor_weight,0.55264049456573805,3329,0.81987017357630965,3329,0.79717665953996908,3329,0.00064016133392374097,3329,0.90590075605312237,3329,0.93513258806671351,3329,0.9370830866821096,3329,0.98927729765677674,3329,0.92603881026731494,3329,0.92603881026731494,0.907044183793557
E5D_LAMBDA_2P00,C,strong,3400,3117,283,70800,64794,0.33333333333333337,0.30939083820662772,0.91676470588235293,0.92817251461988304,factor_weight,0.70309172438197609,3117,0.88736088738333263,3117,0.86960332982303223,3117,0.0001540122824795277,3117,0.92522031413690142,3117,0.92793713834943348,3117,0.93571322765439247,3117,0.98330454353734642,3117,0.92962356004690916,3117,0.92962356004690916,0.86285103737862745
