scenario_id,level,separation,failure_code,invalid_tasks,intended_tasks,invalid_weight,total_weight,failure_weight_fraction
E5A_MILD,C,ALL,ENDPOINT_OR_FIT_FAILURE,109,10200,0.0083284600389863534,1,0.0083284600389863534
E5A_MILD,C,moderate,ENDPOINT_OR_FIT_FAILURE,2,3400,0.00011695906432748539,0.33333333333333337,0.00035087719298245611
E5A_MILD,C,strong,ENDPOINT_OR_FIT_FAILURE,107,3400,0.0082115009746588676,0.33333333333333337,0.024634502923976599
E5A_MODERATE,C,ALL,ENDPOINT_OR_FIT_FAILURE,97,10200,0.006968810916179337,1,0.006968810916179337
E5A_MODERATE,C,moderate,ENDPOINT_OR_FIT_FAILURE,1,3400,5.8479532163742693e-05,0.33333333333333337,0.00017543859649122806
E5A_MODERATE,C,strong,ENDPOINT_OR_FIT_FAILURE,96,3400,0.006910331384015595,0.33333333333333337,0.020730994152046784
E5A_SEVERE,A,ALL,ENDPOINT_OR_FIT_FAILURE,5,10200,0.00036062378167641323,1,0.00036062378167641323
E5A_SEVERE,A,strong,ENDPOINT_OR_FIT_FAILURE,5,3400,0.00036062378167641323,0.33333333333333337,0.0010818713450292396
E5A_SEVERE,B,ALL,ENDPOINT_OR_FIT_FAILURE,5,10200,0.00036062378167641323,1,0.00036062378167641323
E5A_SEVERE,B,strong,ENDPOINT_OR_FIT_FAILURE,5,3400,0.00036062378167641323,0.33333333333333337,0.0010818713450292396
E5A_SEVERE,C,ALL,ENDPOINT_OR_FIT_FAILURE,78,10200,0.0056189083820662785,1,0.0056189083820662785
E5A_SEVERE,C,strong,ENDPOINT_OR_FIT_FAILURE,78,3400,0.0056189083820662785,0.33333333333333337,0.016856725146198834
E5B_HETEROSCEDASTIC,C,ALL,ENDPOINT_OR_FIT_FAILURE,3,10200,0.00024366471734892786,1,0.00024366471734892786
E5B_HETEROSCEDASTIC,C,strong,ENDPOINT_OR_FIT_FAILURE,3,3400,0.00024366471734892786,0.33333333333333337,0.00073099415204678348
E5C_MILD,C,ALL,ENDPOINT_OR_FIT_FAILURE,3,10200,0.00020955165692007797,1,0.00020955165692007797
E5C_MILD,C,strong,ENDPOINT_OR_FIT_FAILURE,3,3400,0.00020955165692007797,0.33333333333333337,0.00062865497076023389
E5C_MODERATE,C,ALL,ENDPOINT_OR_FIT_FAILURE,2,10200,0.00015107212475633529,1,0.00015107212475633529
E5C_MODERATE,C,strong,ENDPOINT_OR_FIT_FAILURE,2,3400,0.00015107212475633529,0.33333333333333337,0.00045321637426900581
E5C_SEVERE,C,ALL,ENDPOINT_OR_FIT_FAILURE,1,10200,5.8479532163742693e-05,1,5.8479532163742693e-05
E5C_SEVERE,C,strong,ENDPOINT_OR_FIT_FAILURE,1,3400,5.8479532163742693e-05,0.33333333333333337,0.00017543859649122806
E5D_LAMBDA_1P25,A,ALL,ENDPOINT_OR_FIT_FAILURE,1,10200,5.8479532163742693e-05,1,5.8479532163742693e-05
E5D_LAMBDA_1P25,A,strong,ENDPOINT_OR_FIT_FAILURE,1,3400,5.8479532163742693e-05,0.33333333333333337,0.00017543859649122806
E5D_LAMBDA_1P25,B,ALL,ENDPOINT_OR_FIT_FAILURE,1,10200,5.8479532163742693e-05,1,5.8479532163742693e-05
E5D_LAMBDA_1P25,B,strong,ENDPOINT_OR_FIT_FAILURE,1,3400,5.8479532163742693e-05,0.33333333333333337,0.00017543859649122806
E5D_LAMBDA_1P25,C,ALL,ENDPOINT_OR_FIT_FAILURE,26,10200,0.0018957115009746589,1,0.0018957115009746589
E5D_LAMBDA_1P25,C,strong,ENDPOINT_OR_FIT_FAILURE,26,3400,0.0018957115009746589,0.33333333333333337,0.0056871345029239758
E5D_LAMBDA_1P50,A,ALL,ENDPOINT_OR_FIT_FAILURE,8,10200,0.00046783625730994154,1,0.00046783625730994154
E5D_LAMBDA_1P50,A,strong,ENDPOINT_OR_FIT_FAILURE,8,3400,0.00046783625730994154,0.33333333333333337,0.0014035087719298245
E5D_LAMBDA_1P50,B,ALL,ENDPOINT_OR_FIT_FAILURE,8,10200,0.00046783625730994154,1,0.00046783625730994154
E5D_LAMBDA_1P50,B,strong,ENDPOINT_OR_FIT_FAILURE,8,3400,0.00046783625730994154,0.33333333333333337,0.0014035087719298245
E5D_LAMBDA_1P50,C,ALL,ENDPOINT_OR_FIT_FAILURE,99,10200,0.0078801169590643275,1,0.0078801169590643275
E5D_LAMBDA_1P50,C,moderate,ENDPOINT_OR_FIT_FAILURE,4,3400,0.00061403508771929827,0.33333333333333337,0.0018421052631578947
E5D_LAMBDA_1P50,C,strong,ENDPOINT_OR_FIT_FAILURE,95,3400,0.0072660818713450315,0.33333333333333337,0.021798245614035091
E5D_LAMBDA_2P00,A,ALL,ENDPOINT_OR_FIT_FAILURE,160,10200,0.012344054580896687,1,0.012344054580896687
E5D_LAMBDA_2P00,A,moderate,ENDPOINT_OR_FIT_FAILURE,1,3400,5.8479532163742693e-05,0.33333333333333337,0.00017543859649122806
E5D_LAMBDA_2P00,A,strong,ENDPOINT_OR_FIT_FAILURE,159,3400,0.012285575048732946,0.33333333333333337,0.036856725146198838
E5D_LAMBDA_2P00,B,ALL,ENDPOINT_OR_FIT_FAILURE,160,10200,0.012344054580896687,1,0.012344054580896687
E5D_LAMBDA_2P00,B,moderate,ENDPOINT_OR_FIT_FAILURE,1,3400,5.8479532163742693e-05,0.33333333333333337,0.00017543859649122806
E5D_LAMBDA_2P00,B,strong,ENDPOINT_OR_FIT_FAILURE,159,3400,0.012285575048732946,0.33333333333333337,0.036856725146198838
E5D_LAMBDA_2P00,C,ALL,ENDPOINT_OR_FIT_FAILURE,361,10200,0.03139376218323587,1,0.03139376218323587
E5D_LAMBDA_2P00,C,weak,ENDPOINT_OR_FIT_FAILURE,7,3400,0.00061403508771929827,0.33333333333333337,0.0018421052631578947
E5D_LAMBDA_2P00,C,moderate,ENDPOINT_OR_FIT_FAILURE,71,3400,0.0068372319688109187,0.33333333333333337,0.020511695906432755
E5D_LAMBDA_2P00,C,strong,ENDPOINT_OR_FIT_FAILURE,283,3400,0.023942495126705654,0.33333333333333337,0.071827485380116948
