regimen,D,K,K_ref,F_score,F_strata,eta_S,eta_G,valid,A_r,K_MS_r
5FU,50,3,7,0.98080180688876351,1,0.97999999999999998,0.94999999999999996,True,1,3
5FU,50,4,7,0.99548277809147379,1,0.97999999999999998,0.94999999999999996,True,1,3
5FU,50,5,7,0.99887069452286847,1,0.97999999999999998,0.94999999999999996,True,1,3
5FU,50,6,7,1,1,0.97999999999999998,0.94999999999999996,True,1,3
5FU,50,7,7,1,1,0.97999999999999998,0.94999999999999996,True,1,3
CARBO,64,3,7,0.98086956521739121,0.92962962962962958,0.97999999999999998,0.94999999999999996,True,0,4
CARBO,64,4,7,0.99913043478260855,1,0.97999999999999998,0.94999999999999996,True,1,4
CARBO,64,5,7,0.99999999999999989,1,0.97999999999999998,0.94999999999999996,True,1,4
CARBO,64,6,7,0.99999999999999989,1,0.97999999999999998,0.94999999999999996,True,1,4
CARBO,64,7,7,0.99999999999999989,1,0.97999999999999998,0.94999999999999996,True,1,4
CARBO_A,64,3,7,0.96153846153846145,1,0.97999999999999998,0.94999999999999996,True,0,4
CARBO_A,64,4,7,0.99450549450549453,1,0.97999999999999998,0.94999999999999996,True,1,4
CARBO_A,64,5,7,1,1,0.97999999999999998,0.94999999999999996,True,1,4
CARBO_A,64,6,7,1,1,0.97999999999999998,0.94999999999999996,True,1,4
CARBO_A,64,7,7,1,1,0.97999999999999998,0.94999999999999996,True,1,4
CDDP,40,3,7,1,1,0.97999999999999998,0.94999999999999996,True,1,3
CDDP,40,4,7,0.99380804953560364,1,0.97999999999999998,0.94999999999999996,True,1,3
CDDP,40,5,7,1,1,0.97999999999999998,0.94999999999999996,True,1,3
CDDP,40,6,7,1,1,0.97999999999999998,0.94999999999999996,True,1,3
CDDP,40,7,7,1,1,0.97999999999999998,0.94999999999999996,True,1,3
CDDP_A,25,3,7,0.99793601651186792,0.90740740740740744,0.97999999999999998,0.94999999999999996,True,0,6
CDDP_A,25,4,7,1,0.90740740740740744,0.97999999999999998,0.94999999999999996,True,0,6
CDDP_A,25,5,7,1,0.90740740740740744,0.97999999999999998,0.94999999999999996,True,0,6
CDDP_A,25,6,7,1,0.96296296296296291,0.97999999999999998,0.94999999999999996,True,1,6
CDDP_A,25,7,7,1,1,0.97999999999999998,0.94999999999999996,True,1,6
ETO,50,3,7,0.97316821465428271,1,0.97999999999999998,0.94999999999999996,True,0,5
ETO,50,4,7,0.99380804953560364,0.91666666666666663,0.97999999999999998,0.94999999999999996,True,0,5
ETO,50,5,7,0.99793601651186792,1,0.97999999999999998,0.94999999999999996,True,1,5
ETO,50,6,7,0.99793601651186792,1,0.97999999999999998,0.94999999999999996,True,1,5
ETO,50,7,7,1,1,0.97999999999999998,0.94999999999999996,True,1,5
