regimen,profile_id,score,label,tau1,tau2,D
5FU,5FU-P001,0.63649352079182031,H,0.40523175136344197,0.58809116222431279,50
5FU,5FU-P002,0.65070356903404336,H,0.40523175136344197,0.58809116222431279,50
5FU,5FU-P003,0.48045926239377318,I,0.40523175136344197,0.58809116222431279,50
5FU,5FU-P004,0.52698668885011024,I,0.40523175136344197,0.58809116222431279,50
5FU,5FU-P005,0.62203765197144056,H,0.40523175136344197,0.58809116222431279,50
5FU,5FU-P006,0.52373022885789267,I,0.40523175136344197,0.58809116222431279,50
5FU,5FU-P007,0.54856079790253542,I,0.40523175136344197,0.58809116222431279,50
5FU,5FU-P008,0.6714538947320341,H,0.40523175136344197,0.58809116222431279,50
5FU,5FU-P009,0.73100968339095473,H,0.40523175136344197,0.58809116222431279,50
5FU,5FU-P010,0.32094318979313091,L,0.40523175136344197,0.58809116222431279,50
5FU,5FU-P011,0.42526645568083887,I,0.40523175136344197,0.58809116222431279,50
5FU,5FU-P012,0.15440555322224983,L,0.40523175136344197,0.58809116222431279,50
5FU,5FU-P013,0.28738332681063639,L,0.40523175136344197,0.58809116222431279,50
5FU,5FU-P014,0.38519704704604507,L,0.40523175136344197,0.58809116222431279,50
5FU,5FU-P015,0.55285415053040343,I,0.40523175136344197,0.58809116222431279,50
5FU,5FU-P016,0.82361114455217133,H,0.40523175136344197,0.58809116222431279,50
5FU,5FU-P017,0.73990328496687907,H,0.40523175136344197,0.58809116222431279,50
5FU,5FU-P018,0.74538929598865566,H,0.40523175136344197,0.58809116222431279,50
5FU,5FU-P019,0.74353531007580875,H,0.40523175136344197,0.58809116222431279,50
5FU,5FU-P020,0.45958744322211531,I,0.40523175136344197,0.58809116222431279,50
5FU,5FU-P021,0.55414467247718502,I,0.40523175136344197,0.58809116222431279,50
5FU,5FU-P022,0.75091306285067072,H,0.40523175136344197,0.58809116222431279,50
CARBO,Carbo-P001,0.89658370815200039,H,0.5620397835916211,0.77417443883457981,64
CARBO,Carbo-P002,0.46779234832092936,L,0.5620397835916211,0.77417443883457981,64
CARBO,Carbo-P003,0.71257268827516229,I,0.5620397835916211,0.77417443883457981,64
CARBO,Carbo-P004,0.62401956636925016,I,0.5620397835916211,0.77417443883457981,64
CARBO,Carbo-P005,0.71106829139397187,I,0.5620397835916211,0.77417443883457981,64
CARBO,Carbo-P006,0.71958604856427189,I,0.5620397835916211,0.77417443883457981,64
CARBO,Carbo-P007,0.79792270946676602,H,0.5620397835916211,0.77417443883457981,64
CARBO,Carbo-P008,0.73157444102912816,I,0.5620397835916211,0.77417443883457981,64
CARBO,Carbo-P009,0.32848472905900844,L,0.5620397835916211,0.77417443883457981,64
CARBO,Carbo-P010,0.75042616820239361,I,0.5620397835916211,0.77417443883457981,64
CARBO,Carbo-P011,0.58293966718252099,I,0.5620397835916211,0.77417443883457981,64
CARBO,Carbo-P012,0.64437815854388314,I,0.5620397835916211,0.77417443883457981,64
CARBO,Carbo-P013,0.34207706538269378,L,0.5620397835916211,0.77417443883457981,64
CARBO,Carbo-P014,0.49407476234845082,L,0.5620397835916211,0.77417443883457981,64
CARBO,Carbo-P015,0.84195273527563641,H,0.5620397835916211,0.77417443883457981,64
CARBO,Carbo-P016,0.38629099518311949,L,0.5620397835916211,0.77417443883457981,64
CARBO,Carbo-P017,0.41214340262368659,L,0.5620397835916211,0.77417443883457981,64
CARBO,Carbo-P018,0.44155018783281708,L,0.5620397835916211,0.77417443883457981,64
CARBO,Carbo-P019,0.95289395591749648,H,0.5620397835916211,0.77417443883457981,64
CARBO,Carbo-P020,0.86764433886732839,H,0.5620397835916211,0.77417443883457981,64
CARBO,Carbo-P021,0.43684411681233692,L,0.5620397835916211,0.77417443883457981,64
CARBO,Carbo-P022,0.69638328903812963,I,0.5620397835916211,0.77417443883457981,64
CARBO,Carbo-P023,0.54113990000072121,L,0.5620397835916211,0.77417443883457981,64
CARBO,Carbo-P024,0.71437073876082335,I,0.5620397835916211,0.77417443883457981,64
CARBO_A,CarboA-P001,0.21797576156342535,L,0.40954798958424676,0.73895312472557628,64
CARBO_A,CarboA-P002,0.53994498123587598,I,0.40954798958424676,0.73895312472557628,64
CARBO_A,CarboA-P003,0.87420327534013897,H,0.40954798958424676,0.73895312472557628,64
CARBO_A,CarboA-P004,0.21047628770178956,L,0.40954798958424676,0.73895312472557628,64
CARBO_A,CarboA-P005,0.92580958529856039,H,0.40954798958424676,0.73895312472557628,64
CARBO_A,CarboA-P006,0.28540291942533447,L,0.40954798958424676,0.73895312472557628,64
CARBO_A,CarboA-P007,0.89419541329754981,H,0.40954798958424676,0.73895312472557628,64
CARBO_A,CarboA-P008,0.53369305974315906,I,0.40954798958424676,0.73895312472557628,64
CARBO_A,CarboA-P009,0.9433172324510154,H,0.40954798958424676,0.73895312472557628,64
CARBO_A,CarboA-P010,0.60558114177937972,I,0.40954798958424676,0.73895312472557628,64
CARBO_A,CarboA-P011,0.65767701596868489,I,0.40954798958424676,0.73895312472557628,64
CARBO_A,CarboA-P012,0.82022923348246779,H,0.40954798958424676,0.73895312472557628,64
CARBO_A,CarboA-P013,0.55173587666451929,I,0.40954798958424676,0.73895312472557628,64
CDDP,CDDP-P001,0.8742166497071262,H,0.28149793171550491,0.55820071622864154,40
CDDP,CDDP-P002,0.82562646299777853,H,0.28149793171550491,0.55820071622864154,40
CDDP,CDDP-P003,0.46633000571245853,I,0.28149793171550491,0.55820071622864154,40
CDDP,CDDP-P004,0.063846932443934412,L,0.28149793171550491,0.55820071622864154,40
CDDP,CDDP-P005,0.13961688287529009,L,0.28149793171550491,0.55820071622864154,40
CDDP,CDDP-P006,0.32422224986470394,I,0.28149793171550491,0.55820071622864154,40
CDDP,CDDP-P007,0.50043278319670803,I,0.28149793171550491,0.55820071622864154,40
CDDP,CDDP-P008,0.49042658550514229,I,0.28149793171550491,0.55820071622864154,40
CDDP,CDDP-P009,0.38523442713741929,I,0.28149793171550491,0.55820071622864154,40
CDDP,CDDP-P010,0.3825803480045169,I,0.28149793171550491,0.55820071622864154,40
CDDP,CDDP-P011,0.35700510581035388,I,0.28149793171550491,0.55820071622864154,40
CDDP,CDDP-P012,0.74490778729478924,H,0.28149793171550491,0.55820071622864154,40
CDDP,CDDP-P013,0.7411096181374377,H,0.28149793171550491,0.55820071622864154,40
CDDP,CDDP-P014,0.01125007472288202,L,0.28149793171550491,0.55820071622864154,40
CDDP,CDDP-P015,0.23877361356630586,L,0.28149793171550491,0.55820071622864154,40
CDDP,CDDP-P016,0.73157600608688433,H,0.28149793171550491,0.55820071622864154,40
CDDP,CDDP-P017,0.61596864926057504,H,0.28149793171550491,0.55820071622864154,40
CDDP,CDDP-P018,0.62153078565536324,H,0.28149793171550491,0.55820071622864154,40
CDDP_A,CDDPA-P001,0.82779803487780368,H,0.240515910024936,0.59347729069565913,25
CDDP_A,CDDPA-P002,0.64219648839243071,H,0.240515910024936,0.59347729069565913,25
CDDP_A,CDDPA-P003,0.076113316834555481,L,0.240515910024936,0.59347729069565913,25
CDDP_A,CDDPA-P004,0.84238377388131347,H,0.240515910024936,0.59347729069565913,25
CDDP_A,CDDPA-P005,0.69694017201408842,H,0.240515910024936,0.59347729069565913,25
CDDP_A,CDDPA-P006,0.78148760076450996,H,0.240515910024936,0.59347729069565913,25
CDDP_A,CDDPA-P007,0.54475809299888756,I,0.240515910024936,0.59347729069565913,25
CDDP_A,CDDPA-P008,0.32435352912253956,I,0.240515910024936,0.59347729069565913,25
CDDP_A,CDDPA-P009,0.85641185100005823,H,0.240515910024936,0.59347729069565913,25
CDDP_A,CDDPA-P010,0.068075364304191144,L,0.240515910024936,0.59347729069565913,25
CDDP_A,CDDPA-P011,0.45278273677633185,I,0.240515910024936,0.59347729069565913,25
CDDP_A,CDDPA-P012,0.47533687638865613,I,0.240515910024936,0.59347729069565913,25
CDDP_A,CDDPA-P013,0.73709545821411637,H,0.240515910024936,0.59347729069565913,25
CDDP_A,CDDPA-P014,0.45628764456026566,I,0.240515910024936,0.59347729069565913,25
CDDP_A,CDDPA-P015,0.86146927125260475,H,0.240515910024936,0.59347729069565913,25
CDDP_A,CDDPA-P016,0.94407946748529237,H,0.240515910024936,0.59347729069565913,25
CDDP_A,CDDPA-P017,0.1566782909273324,L,0.240515910024936,0.59347729069565913,25
CDDP_A,CDDPA-P018,0.5161895023880807,I,0.240515910024936,0.59347729069565913,25
ETO,ETO-P001,0.088587187155868802,L,0.25558407240824577,0.54647287954756241,50
ETO,ETO-P002,0.46587888633867142,I,0.25558407240824577,0.54647287954756241,50
ETO,ETO-P003,0.11365000560732721,L,0.25558407240824577,0.54647287954756241,50
ETO,ETO-P004,0.86287870561694169,H,0.25558407240824577,0.54647287954756241,50
ETO,ETO-P005,0.13608061827294421,L,0.25558407240824577,0.54647287954756241,50
ETO,ETO-P006,0.62706687275645345,H,0.25558407240824577,0.54647287954756241,50
ETO,ETO-P007,0.88927510677363242,H,0.25558407240824577,0.54647287954756241,50
ETO,ETO-P008,0.15127469842287955,L,0.25558407240824577,0.54647287954756241,50
ETO,ETO-P009,0.11875889603134812,L,0.25558407240824577,0.54647287954756241,50
ETO,ETO-P010,0.27768616986024675,I,0.25558407240824577,0.54647287954756241,50
ETO,ETO-P011,0.16175543613303101,L,0.25558407240824577,0.54647287954756241,50
ETO,ETO-P012,0.13415591568262816,L,0.25558407240824577,0.54647287954756241,50
ETO,ETO-P013,0.087358388888891345,L,0.25558407240824577,0.54647287954756241,50
ETO,ETO-P014,0.060987118867193907,L,0.25558407240824577,0.54647287954756241,50
ETO,ETO-P015,0.42645528816261402,I,0.25558407240824577,0.54647287954756241,50
ETO,ETO-P016,0.16535715410675719,L,0.25558407240824577,0.54647287954756241,50
ETO,ETO-P017,0.23348197495624479,L,0.25558407240824577,0.54647287954756241,50
ETO,ETO-P018,0.38242873036788472,I,0.25558407240824577,0.54647287954756241,50
