dataset_id,cohort,cohort_order,scope,display_scope,TRIOS_value,best_conventional_value,all_tied_method_ids,tied_best_count,gap,denominator
CCLE-34-Paclitaxel-SKIN,Paclitaxel–SKIN,1,FULL,Full-source,0.86961524198470352,0.82595003984243687,EMAX|AUC|JENKS;EMAX|AUC|KMEANS;EMAX|AUC|WARD,3,0.043665202142266657,one full-source task
CCLE-11-AZD6244-LUNG,AZD6244–LUNG,2,FULL,Full-source,0.92179731792393493,0.82605960924971134,EMAX|EC50|TIED_GMM,1,0.095737708674223598,one full-source task
CCLE-38-PD-0325901-HEM,PD-0325901–HEM,3,FULL,Full-source,0.89193002053525983,0.85685992119220489,EMAX|EC50|WARD,1,0.035070099343054939,one full-source task
CCLE-10-AZD6244-HEM,AZD6244–HEM,4,FULL,Full-source,0.91729579976991182,0.83050384244171549,EMAX|EC50|JENKS;EMAX|EC50|KMEANS,2,0.086791957328196334,one full-source task
CCLE-65-Topotecan-LUNG,Topotecan–LUNG,5,FULL,Full-source,0.87545473655903838,0.83667091539137339,EMAX|EC50|TIED_GMM,1,0.038783821167664989,one full-source task
CCLE-51-PLX4720-SKIN,PLX4720–SKIN,6,FULL,Full-source,0.88816350020584522,0.85034273903183466,EMAX|EC50|WARD,1,0.037820761174010564,one full-source task
CCLE-58-TAE684-HEM,TAE684–HEM,7,FULL,Full-source,0.85678931674955872,0.8350240795176529,EMAX|EMAX|JENKS;EMAX|EMAX|KMEANS,2,0.021765237231905821,one full-source task
CCLE-34-Paclitaxel-SKIN,Paclitaxel–SKIN,1,B100,Size-18 aggregate,0.86937552657967876,0.81410274558015028,EMAX|AUC|JENKS;EMAX|AUC|KMEANS,2,0.055272780999528481,100 equally weighted intended subset tasks
CCLE-11-AZD6244-LUNG,AZD6244–LUNG,2,B100,Size-18 aggregate,0.9151029998158785,0.79607530649983727,EMAX|EC50|JENKS;EMAX|EC50|KMEANS,2,0.11902769331604124,100 equally weighted intended subset tasks
CCLE-38-PD-0325901-HEM,PD-0325901–HEM,3,B100,Size-18 aggregate,0.88105579811199319,0.83668959168575141,EMAX|AUC|JENKS;EMAX|AUC|KMEANS,2,0.044366206426241783,100 equally weighted intended subset tasks
CCLE-10-AZD6244-HEM,AZD6244–HEM,4,B100,Size-18 aggregate,0.90783868941942614,0.80677408688927865,EMAX|EMAX|JENKS,1,0.10106460253014748,100 equally weighted intended subset tasks
CCLE-65-Topotecan-LUNG,Topotecan–LUNG,5,B100,Size-18 aggregate,0.8639110088922205,0.80238896945624771,EMAX|AUC|TERTILES,1,0.061522039435972786,100 equally weighted intended subset tasks
CCLE-51-PLX4720-SKIN,PLX4720–SKIN,6,B100,Size-18 aggregate,0.8776630873237834,0.82839328776373511,EMAX|EC50|KMEANS,1,0.049269799560048289,100 equally weighted intended subset tasks
CCLE-58-TAE684-HEM,TAE684–HEM,7,B100,Size-18 aggregate,0.87850970460504874,0.81588015414611192,EMAX|EC50|JENKS,1,0.062629550458936811,100 equally weighted intended subset tasks
